season,round,fixture,team_id,team,coach,team_score,opponent_team_id,opponent_team,opponent_coach,opponent_score,differential,win,draw,loss,position,points,wins,draws,losses,points_for,points_against,pcnt
2016,1,3,,Brave Hartung,KAPPAZ,1814,,Steele Rebuilding,LESTER,1570,244,1,0,0,1,4,1,0,0,1814,1570,115.54
2016,1,2,,Game of Jones,RICHO,1737,,Gawn Girl,CHIEF,1549,188,1,0,0,2,4,1,0,0,1737,1549,112.14
2016,1,4,,Bontback Mountain,MELONS,1780,,Such is Fyfe,PMAC,1600,180,1,0,0,3,4,1,0,0,1780,1600,111.25
2016,1,1,,We're Not Gwilty,GARTER,1623,,Cotch Me If Ya Can,JMERC,1574,49,1,0,0,4,4,1,0,0,1623,1574,103.11
2016,1,1,,Cotch Me If Ya Can,JMERC,1574,,We're Not Gwilty,GARTER,1623,-49,0,0,1,5,0,0,0,1,1574,1623,96.98
2016,1,4,,Such is Fyfe,PMAC,1600,,Bontback Mountain,MELONS,1780,-180,0,0,1,6,0,0,0,1,1600,1780,89.89
2016,1,2,,Gawn Girl,CHIEF,1549,,Game of Jones,RICHO,1737,-188,0,0,1,7,0,0,0,1,1549,1737,89.18
2016,1,3,,Steele Rebuilding,LESTER,1570,,Brave Hartung,KAPPAZ,1814,-244,0,0,1,8,0,0,0,1,1570,1814,86.55
2016,2,3,,Brave Hartung,KAPPAZ,1769,,Gawn Girl,CHIEF,1471,298,1,0,0,1,8,2,0,0,3583,3041,117.82
2016,2,1,,Bontback Mountain,MELONS,1749,,Cotch Me If Ya Can,JMERC,1618,131,1,0,0,2,8,2,0,0,3529,3218,109.66
2016,2,2,,We're Not Gwilty,GARTER,1670,,Game of Jones,RICHO,1621,49,1,0,0,3,8,2,0,0,3293,3195,103.07
2016,2,2,,Game of Jones,RICHO,1621,,We're Not Gwilty,GARTER,1670,-49,0,0,1,4,4,1,0,1,3358,3219,104.32
2016,2,4,,Such is Fyfe,PMAC,1665,,Steele Rebuilding,LESTER,1400,265,1,0,0,5,4,1,0,1,3265,3180,102.67
2016,2,1,,Cotch Me If Ya Can,JMERC,1618,,Bontback Mountain,MELONS,1749,-131,0,0,1,6,0,0,0,2,3192,3372,94.66
2016,2,3,,Gawn Girl,CHIEF,1471,,Brave Hartung,KAPPAZ,1769,-298,0,0,1,7,0,0,0,2,3020,3506,86.14
2016,2,4,,Steele Rebuilding,LESTER,1400,,Such is Fyfe,PMAC,1665,-265,0,0,1,8,0,0,0,2,2970,3479,85.37
2016,3,4,,Brave Hartung,KAPPAZ,1553,,We're Not Gwilty,GARTER,1551,2,1,0,0,1,12,3,0,0,5136,4592,111.85
2016,3,1,,Bontback Mountain,MELONS,1762,,Game of Jones,RICHO,1683,79,1,0,0,2,12,3,0,0,5291,4901,107.96
2016,3,4,,We're Not Gwilty,GARTER,1551,,Brave Hartung,KAPPAZ,1553,-2,0,0,1,3,8,2,0,1,4844,4748,102.02
2016,3,1,,Game of Jones,RICHO,1683,,Bontback Mountain,MELONS,1762,-79,0,0,1,4,4,1,0,2,5041,4981,101.2
2016,3,3,,Such is Fyfe,PMAC,1512,,Cotch Me If Ya Can,JMERC,1558,-46,0,0,1,5,4,1,0,2,4777,4738,100.82
2016,3,3,,Cotch Me If Ya Can,JMERC,1558,,Such is Fyfe,PMAC,1512,46,1,0,0,6,4,1,0,2,4750,4884,97.26
2016,3,2,,Gawn Girl,CHIEF,1757,,Steele Rebuilding,LESTER,1743,14,1,0,0,7,4,1,0,2,4777,5249,91.01
2016,3,2,,Steele Rebuilding,LESTER,1743,,Gawn Girl,CHIEF,1757,-14,0,0,1,8,0,0,0,3,4713,5236,90.01
2016,4,1,,Brave Hartung,KAPPAZ,1614,,Bontback Mountain,MELONS,1575,39,1,0,0,1,16,4,0,0,6750,6167,109.45
2016,4,1,,Bontback Mountain,MELONS,1575,,Brave Hartung,KAPPAZ,1614,-39,0,0,1,2,12,3,0,1,6866,6515,105.39
2016,4,4,,We're Not Gwilty,GARTER,1596,,Steele Rebuilding,LESTER,1642,-46,0,0,1,3,8,2,0,2,6440,6390,100.78
2016,4,2,,Cotch Me If Ya Can,JMERC,1672,,Game of Jones,RICHO,1642,30,1,0,0,4,8,2,0,2,6422,6526,98.41
2016,4,3,,Gawn Girl,CHIEF,1620,,Such is Fyfe,PMAC,1614,6,1,0,0,5,8,2,0,2,6397,6863,93.21
2016,4,3,,Such is Fyfe,PMAC,1614,,Gawn Girl,CHIEF,1620,-6,0,0,1,6,4,1,0,3,6391,6358,100.52
2016,4,2,,Game of Jones,RICHO,1642,,Cotch Me If Ya Can,JMERC,1672,-30,0,0,1,7,4,1,0,3,6683,6653,100.45
2016,4,4,,Steele Rebuilding,LESTER,1642,,We're Not Gwilty,GARTER,1596,46,1,0,0,8,4,1,0,3,6355,6832,93.02
2016,5,2,,Brave Hartung,KAPPAZ,1675,,Cotch Me If Ya Can,JMERC,1554,121,1,0,0,1,20,5,0,0,8425,7721,109.12
2016,5,1,,Bontback Mountain,MELONS,1539,,Steele Rebuilding,LESTER,1675,-136,0,0,1,2,12,3,0,2,8405,8190,102.63
2016,5,4,,Gawn Girl,CHIEF,1610,,We're Not Gwilty,GARTER,1565,45,1,0,0,3,12,3,0,2,8007,8428,95
2016,5,3,,Such is Fyfe,PMAC,1685,,Game of Jones,RICHO,1550,135,1,0,0,4,8,2,0,3,8076,7908,102.12
2016,5,4,,We're Not Gwilty,GARTER,1565,,Gawn Girl,CHIEF,1610,-45,0,0,1,5,8,2,0,3,8005,8000,100.06
2016,5,2,,Cotch Me If Ya Can,JMERC,1554,,Brave Hartung,KAPPAZ,1675,-121,0,0,1,6,8,2,0,3,7976,8201,97.26
2016,5,1,,Steele Rebuilding,LESTER,1675,,Bontback Mountain,MELONS,1539,136,1,0,0,7,8,2,0,3,8030,8371,95.93
2016,5,3,,Game of Jones,RICHO,1550,,Such is Fyfe,PMAC,1685,-135,0,0,1,8,4,1,0,4,8233,8338,98.74
2016,6,2,,Brave Hartung,KAPPAZ,1661,,Game of Jones,RICHO,1692,-31,0,0,1,1,20,5,0,1,10086,9413,107.15
2016,6,1,,Gawn Girl,CHIEF,1667,,Bontback Mountain,MELONS,1582,85,1,0,0,2,16,4,0,2,9674,10010,96.64
2016,6,4,,Such is Fyfe,PMAC,1614,,We're Not Gwilty,GARTER,1600,14,1,0,0,3,12,3,0,3,9690,9508,101.91
2016,6,1,,Bontback Mountain,MELONS,1582,,Gawn Girl,CHIEF,1667,-85,0,0,1,4,12,3,0,3,9987,9857,101.32
2016,6,3,,Steele Rebuilding,LESTER,1643,,Cotch Me If Ya Can,JMERC,1515,128,1,0,0,5,12,3,0,3,9673,9886,97.85
2016,6,4,,We're Not Gwilty,GARTER,1600,,Such is Fyfe,PMAC,1614,-14,0,0,1,6,8,2,0,4,9605,9614,99.91
2016,6,2,,Game of Jones,RICHO,1692,,Brave Hartung,KAPPAZ,1661,31,1,0,0,7,8,2,0,4,9925,9999,99.26
2016,6,3,,Cotch Me If Ya Can,JMERC,1515,,Steele Rebuilding,LESTER,1643,-128,0,0,1,8,8,2,0,4,9491,9844,96.41
2016,7,4,,Brave Hartung,KAPPAZ,1477,,Such is Fyfe,PMAC,1624,-147,0,0,1,1,20,5,0,2,11563,11037,104.77
2016,7,2,,Gawn Girl,CHIEF,1790,,Cotch Me If Ya Can,JMERC,1207,583,1,0,0,2,20,5,0,2,11464,11217,102.2
2016,7,4,,Such is Fyfe,PMAC,1624,,Brave Hartung,KAPPAZ,1477,147,1,0,0,3,16,4,0,3,11314,10985,102.99
2016,7,1,,Bontback Mountain,MELONS,1675,,We're Not Gwilty,GARTER,1674,1,1,0,0,4,16,4,0,3,11662,11531,101.14
2016,7,3,,Game of Jones,RICHO,1549,,Steele Rebuilding,LESTER,1524,25,1,0,0,5,12,3,0,4,11474,11523,99.57
2016,7,3,,Steele Rebuilding,LESTER,1524,,Game of Jones,RICHO,1549,-25,0,0,1,6,12,3,0,4,11197,11435,97.92
2016,7,1,,We're Not Gwilty,GARTER,1674,,Bontback Mountain,MELONS,1675,-1,0,0,1,7,8,2,0,5,11279,11289,99.91
2016,7,2,,Cotch Me If Ya Can,JMERC,1207,,Gawn Girl,CHIEF,1790,-583,0,0,1,8,8,2,0,5,10698,11634,91.95
2016,8,4,,Such is Fyfe,PMAC,1807,,Bontback Mountain,MELONS,1546,261,1,0,0,1,20,5,0,3,13121,12531,104.71
2016,8,3,,Brave Hartung,KAPPAZ,1579,,Steele Rebuilding,LESTER,1699,-120,0,0,1,2,20,5,0,3,13142,12736,103.19
2016,8,2,,Gawn Girl,CHIEF,1427,,Game of Jones,RICHO,1797,-370,0,0,1,3,20,5,0,3,12891,13014,99.05
2016,8,2,,Game of Jones,RICHO,1797,,Gawn Girl,CHIEF,1427,370,1,0,0,4,16,4,0,4,13271,12950,102.48
2016,8,3,,Steele Rebuilding,LESTER,1699,,Brave Hartung,KAPPAZ,1579,120,1,0,0,5,16,4,0,4,12896,13014,99.09
2016,8,4,,Bontback Mountain,MELONS,1546,,Such is Fyfe,PMAC,1807,-261,0,0,1,6,16,4,0,4,13208,13338,99.03
2016,8,1,,We're Not Gwilty,GARTER,1663,,Cotch Me If Ya Can,JMERC,1525,138,1,0,0,7,12,3,0,5,12942,12814,101
2016,8,1,,Cotch Me If Ya Can,JMERC,1525,,We're Not Gwilty,GARTER,1663,-138,0,0,1,8,8,2,0,6,12223,13297,91.92
2016,9,3,,Gawn Girl,CHIEF,1647,,Brave Hartung,KAPPAZ,1456,191,1,0,0,1,24,6,0,3,14538,14470,100.47
2016,9,2,,Game of Jones,RICHO,1739,,We're Not Gwilty,GARTER,1489,250,1,0,0,2,20,5,0,4,15010,14439,103.95
2016,9,4,,Such is Fyfe,PMAC,1628,,Steele Rebuilding,LESTER,1835,-207,0,0,1,3,20,5,0,4,14749,14366,102.67
2016,9,3,,Brave Hartung,KAPPAZ,1456,,Gawn Girl,CHIEF,1647,-191,0,0,1,4,20,5,0,4,14598,14383,101.49
2016,9,4,,Steele Rebuilding,LESTER,1835,,Such is Fyfe,PMAC,1628,207,1,0,0,5,20,5,0,4,14731,14642,100.61
2016,9,1,,Bontback Mountain,MELONS,1535,,Cotch Me If Ya Can,JMERC,1586,-51,0,0,1,6,16,4,0,5,14743,14924,98.79
2016,9,2,,We're Not Gwilty,GARTER,1489,,Game of Jones,RICHO,1739,-250,0,0,1,7,12,3,0,6,14431,14553,99.16
2016,9,1,,Cotch Me If Ya Can,JMERC,1586,,Bontback Mountain,MELONS,1535,51,1,0,0,8,12,3,0,6,13809,14832,93.1
2016,10,2,,Gawn Girl,CHIEF,1802,,Steele Rebuilding,LESTER,1436,366,1,0,0,1,28,7,0,3,16340,15906,102.73
2016,10,1,,Game of Jones,RICHO,1655,,Bontback Mountain,MELONS,1327,328,1,0,0,2,24,6,0,4,16665,15766,105.7
2016,10,3,,Such is Fyfe,PMAC,1684,,Cotch Me If Ya Can,JMERC,1566,118,1,0,0,3,24,6,0,4,16433,15932,103.14
2016,10,4,,Brave Hartung,KAPPAZ,1645,,We're Not Gwilty,GARTER,1803,-158,0,0,1,4,20,5,0,5,16243,16186,100.35
2016,10,2,,Steele Rebuilding,LESTER,1436,,Gawn Girl,CHIEF,1802,-366,0,0,1,5,20,5,0,5,16167,16444,98.32
2016,10,4,,We're Not Gwilty,GARTER,1803,,Brave Hartung,KAPPAZ,1645,158,1,0,0,6,16,4,0,6,16234,16198,100.22
2016,10,1,,Bontback Mountain,MELONS,1327,,Game of Jones,RICHO,1655,-328,0,0,1,7,16,4,0,6,16070,16579,96.93
2016,10,3,,Cotch Me If Ya Can,JMERC,1566,,Such is Fyfe,PMAC,1684,-118,0,0,1,8,12,3,0,7,15375,16516,93.09
2016,11,3,,Gawn Girl,CHIEF,1580,,Such is Fyfe,PMAC,1525,55,1,0,0,1,32,8,0,3,17920,17431,102.81
2016,11,2,,Game of Jones,RICHO,1761,,Cotch Me If Ya Can,JMERC,1512,249,1,0,0,2,28,7,0,4,18426,17278,106.64
2016,11,3,,Such is Fyfe,PMAC,1525,,Gawn Girl,CHIEF,1580,-55,0,0,1,3,24,6,0,5,17958,17512,102.55
2016,11,4,,Steele Rebuilding,LESTER,1693,,We're Not Gwilty,GARTER,1421,272,1,0,0,4,24,6,0,5,17860,17865,99.97
2016,11,1,,Bontback Mountain,MELONS,1874,,Brave Hartung,KAPPAZ,1581,293,1,0,0,5,20,5,0,6,17944,18160,98.81
2016,11,1,,Brave Hartung,KAPPAZ,1581,,Bontback Mountain,MELONS,1874,-293,0,0,1,6,20,5,0,6,17824,18060,98.69
2016,11,4,,We're Not Gwilty,GARTER,1421,,Steele Rebuilding,LESTER,1693,-272,0,0,1,7,16,4,0,7,17655,17891,98.68
2016,11,2,,Cotch Me If Ya Can,JMERC,1512,,Game of Jones,RICHO,1761,-249,0,0,1,8,12,3,0,8,16887,18277,92.39
2016,12,4,,Gawn Girl,CHIEF,1658,,We're Not Gwilty,GARTER,1497,161,1,0,0,1,36,9,0,3,19578,18928,103.43
2016,12,3,,Game of Jones,RICHO,1539,,Such is Fyfe,PMAC,1672,-133,0,0,1,2,28,7,0,5,19965,18950,105.36
2016,12,3,,Such is Fyfe,PMAC,1672,,Game of Jones,RICHO,1539,133,1,0,0,3,28,7,0,5,19630,19051,103.04
2016,12,1,,Steele Rebuilding,LESTER,1607,,Bontback Mountain,MELONS,1510,97,1,0,0,4,28,7,0,5,19467,19375,100.47
2016,12,2,,Brave Hartung,KAPPAZ,1835,,Cotch Me If Ya Can,JMERC,1482,353,1,0,0,5,24,6,0,6,19659,19542,100.6
2016,12,1,,Bontback Mountain,MELONS,1510,,Steele Rebuilding,LESTER,1607,-97,0,0,1,6,20,5,0,7,19454,19767,98.42
2016,12,4,,We're Not Gwilty,GARTER,1497,,Gawn Girl,CHIEF,1658,-161,0,0,1,7,16,4,0,8,19152,19549,97.97
2016,12,2,,Cotch Me If Ya Can,JMERC,1482,,Brave Hartung,KAPPAZ,1835,-353,0,0,1,8,12,3,0,9,18369,20112,91.33
2016,13,1,,Gawn Girl,CHIEF,1213,,Bontback Mountain,MELONS,1452,-239,0,0,1,1,36,9,0,4,20791,20380,102.02
2016,13,2,,Game of Jones,RICHO,1423,,Brave Hartung,KAPPAZ,1558,-135,0,0,1,2,28,7,0,6,21388,20508,104.29
2016,13,4,,Such is Fyfe,PMAC,1059,,We're Not Gwilty,GARTER,1109,-50,0,0,1,3,28,7,0,6,20689,20160,102.62
2016,13,2,,Brave Hartung,KAPPAZ,1558,,Game of Jones,RICHO,1423,135,1,0,0,4,28,7,0,6,21217,20965,101.2
2016,13,3,,Steele Rebuilding,LESTER,1254,,Cotch Me If Ya Can,JMERC,1457,-203,0,0,1,5,28,7,0,6,20721,20832,99.47
2016,13,1,,Bontback Mountain,MELONS,1452,,Gawn Girl,CHIEF,1213,239,1,0,0,6,24,6,0,7,20906,20980,99.65
2016,13,4,,We're Not Gwilty,GARTER,1109,,Such is Fyfe,PMAC,1059,50,1,0,0,7,20,5,0,8,20261,20608,98.32
2016,13,3,,Cotch Me If Ya Can,JMERC,1457,,Steele Rebuilding,LESTER,1254,203,1,0,0,8,16,4,0,9,19826,21366,92.79
2016,14,2,,Gawn Girl,CHIEF,946,,Cotch Me If Ya Can,JMERC,1198,-252,0,0,1,1,36,9,0,5,21737,21578,100.74
2016,14,4,,Such is Fyfe,PMAC,1615,,Brave Hartung,KAPPAZ,1591,24,1,0,0,2,32,8,0,6,22304,21751,102.54
2016,14,3,,Steele Rebuilding,LESTER,1244,,Game of Jones,RICHO,1212,32,1,0,0,3,32,8,0,6,21965,22044,99.64
2016,14,3,,Game of Jones,RICHO,1212,,Steele Rebuilding,LESTER,1244,-32,0,0,1,4,28,7,0,7,22600,21752,103.9
2016,14,4,,Brave Hartung,KAPPAZ,1591,,Such is Fyfe,PMAC,1615,-24,0,0,1,5,28,7,0,7,22808,22580,101.01
2016,14,1,,Bontback Mountain,MELONS,1318,,We're Not Gwilty,GARTER,1416,-98,0,0,1,6,24,6,0,8,22224,22396,99.23
2016,14,1,,We're Not Gwilty,GARTER,1416,,Bontback Mountain,MELONS,1318,98,1,0,0,7,24,6,0,8,21677,21926,98.86
2016,14,2,,Cotch Me If Ya Can,JMERC,1198,,Gawn Girl,CHIEF,946,252,1,0,0,8,20,5,0,9,21024,22312,94.23
2016,15,2,,Gawn Girl,CHIEF,1368,,Game of Jones,RICHO,876,492,1,0,0,1,40,10,0,5,23105,22454,102.9
2016,15,3,,Steele Rebuilding,LESTER,1411,,Brave Hartung,KAPPAZ,773,638,1,0,0,2,36,9,0,6,23376,22817,102.45
2016,15,4,,Such is Fyfe,PMAC,1320,,Bontback Mountain,MELONS,1659,-339,0,0,1,3,32,8,0,7,23624,23410,100.91
2016,15,1,,We're Not Gwilty,GARTER,1536,,Cotch Me If Ya Can,JMERC,702,834,1,0,0,4,28,7,0,8,23213,22628,102.59
2016,15,2,,Game of Jones,RICHO,876,,Gawn Girl,CHIEF,1368,-492,0,0,1,5,28,7,0,8,23476,23120,101.54
2016,15,4,,Bontback Mountain,MELONS,1659,,Such is Fyfe,PMAC,1320,339,1,0,0,6,28,7,0,8,23883,23716,100.7
2016,15,3,,Brave Hartung,KAPPAZ,773,,Steele Rebuilding,LESTER,1411,-638,0,0,1,7,28,7,0,8,23581,23991,98.29
2016,15,1,,Cotch Me If Ya Can,JMERC,702,,We're Not Gwilty,GARTER,1536,-834,0,0,1,8,20,5,0,10,21726,23848,91.1
2016,16,3,,Gawn Girl,CHIEF,1631,,Brave Hartung,KAPPAZ,1609,22,1,0,0,1,44,11,0,5,24736,24063,102.8
2016,16,4,,Steele Rebuilding,LESTER,1823,,Such is Fyfe,PMAC,1634,189,1,0,0,2,40,10,0,6,25199,24451,103.06
2016,16,2,,We're Not Gwilty,GARTER,1635,,Game of Jones,RICHO,1601,34,1,0,0,3,32,8,0,8,24848,24229,102.55
2016,16,1,,Bontback Mountain,MELONS,1658,,Cotch Me If Ya Can,JMERC,1457,201,1,0,0,4,32,8,0,8,25541,25173,101.46
2016,16,4,,Such is Fyfe,PMAC,1634,,Steele Rebuilding,LESTER,1823,-189,0,0,1,5,32,8,0,8,25258,25233,100.1
2016,16,2,,Game of Jones,RICHO,1601,,We're Not Gwilty,GARTER,1635,-34,0,0,1,6,28,7,0,9,25077,24755,101.3
2016,16,3,,Brave Hartung,KAPPAZ,1609,,Gawn Girl,CHIEF,1631,-22,0,0,1,7,28,7,0,9,25190,25622,98.31
2016,16,1,,Cotch Me If Ya Can,JMERC,1457,,Bontback Mountain,MELONS,1658,-201,0,0,1,8,20,5,0,11,23183,25506,90.89
2016,17,2,,Gawn Girl,CHIEF,1799,,Steele Rebuilding,LESTER,1533,266,1,0,0,1,48,12,0,5,26535,25596,103.67
2016,17,2,,Steele Rebuilding,LESTER,1533,,Gawn Girl,CHIEF,1799,-266,0,0,1,2,40,10,0,7,26732,26250,101.84
2016,17,1,,Bontback Mountain,MELONS,1740,,Game of Jones,RICHO,1547,193,1,0,0,3,36,9,0,8,27281,26720,102.1
2016,17,3,,Such is Fyfe,PMAC,1633,,Cotch Me If Ya Can,JMERC,1483,150,1,0,0,4,36,9,0,8,26891,26716,100.66
2016,17,4,,We're Not Gwilty,GARTER,1509,,Brave Hartung,KAPPAZ,1764,-255,0,0,1,5,32,8,0,9,26357,25993,101.4
2016,17,4,,Brave Hartung,KAPPAZ,1764,,We're Not Gwilty,GARTER,1509,255,1,0,0,6,32,8,0,9,26954,27131,99.35
2016,17,1,,Game of Jones,RICHO,1547,,Bontback Mountain,MELONS,1740,-193,0,0,1,7,28,7,0,10,26624,26495,100.49
2016,17,3,,Cotch Me If Ya Can,JMERC,1483,,Such is Fyfe,PMAC,1633,-150,0,0,1,8,20,5,0,12,24666,27139,90.89
2016,18,3,,Gawn Girl,CHIEF,1638,,Such is Fyfe,PMAC,1505,133,1,0,0,1,52,13,0,5,28173,27101,103.96
2016,18,4,,Steele Rebuilding,LESTER,1706,,We're Not Gwilty,GARTER,1714,-8,0,0,1,2,40,10,0,8,28438,27964,101.7
2016,18,1,,Bontback Mountain,MELONS,1756,,Brave Hartung,KAPPAZ,1797,-41,0,0,1,3,36,9,0,9,29037,28517,101.82
2016,18,4,,We're Not Gwilty,GARTER,1714,,Steele Rebuilding,LESTER,1706,8,1,0,0,4,36,9,0,9,28071,27699,101.34
2016,18,3,,Such is Fyfe,PMAC,1505,,Gawn Girl,CHIEF,1638,-133,0,0,1,5,36,9,0,9,28396,28354,100.15
2016,18,1,,Brave Hartung,KAPPAZ,1797,,Bontback Mountain,MELONS,1756,41,1,0,0,6,36,9,0,9,28751,28887,99.53
2016,18,2,,Game of Jones,RICHO,1604,,Cotch Me If Ya Can,JMERC,1536,68,1,0,0,7,32,8,0,10,28228,28031,100.7
2016,18,2,,Cotch Me If Ya Can,JMERC,1536,,Game of Jones,RICHO,1604,-68,0,0,1,8,20,5,0,13,26202,28743,91.16
2016,19,4,,Gawn Girl,CHIEF,1574,,We're Not Gwilty,GARTER,1683,-109,0,0,1,1,52,13,0,6,29747,28784,103.35
2016,19,1,,Bontback Mountain,MELONS,1698,,Steele Rebuilding,LESTER,1556,142,1,0,0,2,40,10,0,9,30735,30073,102.2
2016,19,4,,We're Not Gwilty,GARTER,1683,,Gawn Girl,CHIEF,1574,109,1,0,0,3,40,10,0,9,29754,29273,101.64
2016,19,1,,Steele Rebuilding,LESTER,1556,,Bontback Mountain,MELONS,1698,-142,0,0,1,4,40,10,0,9,29994,29662,101.12
2016,19,2,,Brave Hartung,KAPPAZ,1803,,Cotch Me If Ya Can,JMERC,1514,289,1,0,0,5,40,10,0,9,30554,30401,100.5
2016,19,3,,Game of Jones,RICHO,1640,,Such is Fyfe,PMAC,1610,30,1,0,0,6,36,9,0,10,29868,29641,100.77
2016,19,3,,Such is Fyfe,PMAC,1610,,Game of Jones,RICHO,1640,-30,0,0,1,7,36,9,0,10,30006,29994,100.04
2016,19,2,,Cotch Me If Ya Can,JMERC,1514,,Brave Hartung,KAPPAZ,1803,-289,0,0,1,8,20,5,0,14,27716,30546,90.74
2016,20,1,,Gawn Girl,CHIEF,1639,,Bontback Mountain,MELONS,1628,11,1,0,0,1,56,14,0,6,31386,30412,103.2
2016,20,2,,Brave Hartung,KAPPAZ,1802,,Game of Jones,RICHO,1575,227,1,0,0,2,44,11,0,9,32356,31976,101.19
2016,20,4,,We're Not Gwilty,GARTER,1735,,Such is Fyfe,PMAC,1735,0,0,1,1,3,42,10,1,10,31489,31008,101.55
2016,20,1,,Bontback Mountain,MELONS,1628,,Gawn Girl,CHIEF,1639,-11,0,0,1,4,40,10,0,10,32363,31712,102.05
2016,20,3,,Steele Rebuilding,LESTER,1561,,Cotch Me If Ya Can,JMERC,1611,-50,0,0,1,5,40,10,0,10,31555,31273,100.9
2016,20,4,,Such is Fyfe,PMAC,1735,,We're Not Gwilty,GARTER,1735,0,0,1,1,6,38,9,1,11,31741,31729,100.04
2016,20,2,,Game of Jones,RICHO,1575,,Brave Hartung,KAPPAZ,1802,-227,0,0,1,7,36,9,0,11,31443,31443,100
2016,20,3,,Cotch Me If Ya Can,JMERC,1611,,Steele Rebuilding,LESTER,1561,50,1,0,0,8,24,6,0,14,29327,32107,91.34
2016,21,2,,Gawn Girl,CHIEF,1708,,Cotch Me If Ya Can,JMERC,1611,97,1,0,0,1,60,15,0,6,33094,32023,103.34
2016,21,1,,Bontback Mountain,MELONS,1755,,We're Not Gwilty,GARTER,1571,184,1,0,0,2,44,11,0,10,34118,33283,102.51
2016,21,4,,Brave Hartung,KAPPAZ,1534,,Such is Fyfe,PMAC,1663,-129,0,0,1,3,44,11,0,10,33890,33639,100.75
2016,21,1,,We're Not Gwilty,GARTER,1571,,Bontback Mountain,MELONS,1755,-184,0,0,1,4,42,10,1,11,33060,32763,100.91
2016,21,4,,Such is Fyfe,PMAC,1663,,Brave Hartung,KAPPAZ,1534,129,1,0,0,5,42,10,1,11,33404,33263,100.42
2016,21,3,,Steele Rebuilding,LESTER,1488,,Game of Jones,RICHO,1588,-100,0,0,1,6,40,10,0,11,33043,32861,100.55
2016,21,3,,Game of Jones,RICHO,1588,,Steele Rebuilding,LESTER,1488,100,1,0,0,7,40,10,0,11,33031,32931,100.3
2016,21,2,,Cotch Me If Ya Can,JMERC,1611,,Gawn Girl,CHIEF,1708,-97,0,0,1,8,24,6,0,15,30938,33815,91.49
2016,22,2,,Gawn Girl,CHIEF,1726,,Steele Rebuilding,LESTER,1584,142,1,0,0,1,,,,,,,
2016,22,1,,Bontback Mountain,MELONS,1779,,Brave Hartung,KAPPAZ,1587,192,1,0,0,2,,,,,,,
2016,22,1,,Brave Hartung,KAPPAZ,1587,,Bontback Mountain,MELONS,1779,-192,0,0,1,3,,,,,,,
2016,22,2,,Steele Rebuilding,LESTER,1584,,Gawn Girl,CHIEF,1726,-142,0,0,1,4,,,,,,,
2016,23,1,,Gawn Girl,CHIEF,1647,,Bontback Mountain,MELONS,1656,-9,0,0,1,2,,,,,,,
2016,23,1,,Bontback Mountain,MELONS,1656,,Gawn Girl,CHIEF,1647,9,1,0,0,1,,,,,,,
2017,1,4,,Wholesome Beams,KAPPAZ,1776,,Absolute Steins,LESTER,1581,195,1,0,0,1,4,1,0,0,1776,1581,112.33
2017,1,2,,Free Tibont,MELONS,1740,,Libba Let Die,CHIEF,1562,178,1,0,0,2,4,1,0,0,1740,1562,111.4
2017,1,3,,Tuohy's Extra Dry,GARTER,1689,,I Dream of Viney,RICHO,1644,45,1,0,0,3,4,1,0,0,1689,1644,102.74
2017,1,1,,TitchDntKillMyVibe,JMERC,1644,,Show Me The Mundy,PMAC,1617,27,1,0,0,4,4,1,0,0,1644,1617,101.67
2017,1,1,,Show Me The Mundy,PMAC,1617,,TitchDntKillMyVibe,JMERC,1644,-27,0,0,1,5,0,0,0,1,1617,1644,98.36
2017,1,3,,I Dream of Viney,RICHO,1644,,Tuohy's Extra Dry,GARTER,1689,-45,0,0,1,6,0,0,0,1,1644,1689,97.34
2017,1,2,,Libba Let Die,CHIEF,1562,,Free Tibont,MELONS,1740,-178,0,0,1,7,0,0,0,1,1562,1740,89.77
2017,1,4,,Absolute Steins,LESTER,1581,,Wholesome Beams,KAPPAZ,1776,-195,0,0,1,8,0,0,0,1,1581,1776,89.02
2017,2,3,,Wholesome Beams,KAPPAZ,1793,,Libba Let Die,CHIEF,1623,170,1,0,0,1,8,2,0,0,3569,3204,111.39
2017,2,4,,Absolute Steins,LESTER,1651,,Tuohy's Extra Dry,GARTER,1284,367,1,0,0,2,4,1,0,1,3232,3060,105.62
2017,2,2,,I Dream of Viney,RICHO,1691,,TitchDntKillMyVibe,JMERC,1538,153,1,0,0,3,4,1,0,1,3335,3227,103.35
2017,2,1,,Show Me The Mundy,PMAC,1660,,Free Tibont,MELONS,1552,108,1,0,0,4,4,1,0,1,3277,3196,102.53
2017,2,1,,Free Tibont,MELONS,1552,,Show Me The Mundy,PMAC,1660,-108,0,0,1,5,4,1,0,1,3292,3222,102.17
2017,2,2,,TitchDntKillMyVibe,JMERC,1538,,I Dream of Viney,RICHO,1691,-153,0,0,1,6,4,1,0,1,3182,3308,96.19
2017,2,4,,Tuohy's Extra Dry,GARTER,1284,,Absolute Steins,LESTER,1651,-367,0,0,1,7,4,1,0,1,2973,3295,90.23
2017,2,3,,Libba Let Die,CHIEF,1623,,Wholesome Beams,KAPPAZ,1793,-170,0,0,1,8,0,0,0,2,3185,3533,90.15
2017,3,2,,Wholesome Beams,KAPPAZ,1790,,Free Tibont,MELONS,1619,171,1,0,0,1,12,3,0,0,5359,4823,111.11
2017,3,1,,Show Me The Mundy,PMAC,1771,,I Dream of Viney,RICHO,1599,172,1,0,0,2,8,2,0,1,5048,4795,105.28
2017,3,3,,TitchDntKillMyVibe,JMERC,1708,,Absolute Steins,LESTER,1528,180,1,0,0,3,8,2,0,1,4890,4836,101.12
2017,3,4,,Tuohy's Extra Dry,GARTER,1537,,Libba Let Die,CHIEF,1482,55,1,0,0,4,8,2,0,1,4510,4777,94.41
2017,3,3,,Absolute Steins,LESTER,1528,,TitchDntKillMyVibe,JMERC,1708,-180,0,0,1,5,4,1,0,2,4760,4768,99.83
2017,3,1,,I Dream of Viney,RICHO,1599,,Show Me The Mundy,PMAC,1771,-172,0,0,1,6,4,1,0,2,4934,4998,98.72
2017,3,2,,Free Tibont,MELONS,1619,,Wholesome Beams,KAPPAZ,1790,-171,0,0,1,7,4,1,0,2,4911,5012,97.98
2017,3,4,,Libba Let Die,CHIEF,1482,,Tuohy's Extra Dry,GARTER,1537,-55,0,0,1,8,0,0,0,3,4667,5070,92.05
2017,4,1,,Wholesome Beams,KAPPAZ,1648,,Show Me The Mundy,PMAC,1558,90,1,0,0,1,16,4,0,0,7007,6381,109.81
2017,4,4,,TitchDntKillMyVibe,JMERC,1660,,Libba Let Die,CHIEF,1572,88,1,0,0,2,12,3,0,1,6550,6408,102.22
2017,4,3,,Tuohy's Extra Dry,GARTER,1899,,Free Tibont,MELONS,1636,263,1,0,0,3,12,3,0,1,6409,6413,99.94
2017,4,1,,Show Me The Mundy,PMAC,1558,,Wholesome Beams,KAPPAZ,1648,-90,0,0,1,4,8,2,0,2,6606,6443,102.53
2017,4,2,,Absolute Steins,LESTER,1671,,I Dream of Viney,RICHO,1598,73,1,0,0,5,8,2,0,2,6431,6366,101.02
2017,4,2,,I Dream of Viney,RICHO,1598,,Absolute Steins,LESTER,1671,-73,0,0,1,6,4,1,0,3,6532,6669,97.95
2017,4,3,,Free Tibont,MELONS,1636,,Tuohy's Extra Dry,GARTER,1899,-263,0,0,1,7,4,1,0,3,6547,6911,94.73
2017,4,4,,Libba Let Die,CHIEF,1572,,TitchDntKillMyVibe,JMERC,1660,-88,0,0,1,8,0,0,0,4,6239,6730,92.7
2017,5,2,,Wholesome Beams,KAPPAZ,1613,,Tuohy's Extra Dry,GARTER,1681,-68,0,0,1,1,16,4,0,1,8620,8062,106.92
2017,5,4,,TitchDntKillMyVibe,JMERC,1806,,Free Tibont,MELONS,1695,111,1,0,0,2,16,4,0,1,8356,8103,103.12
2017,5,2,,Tuohy's Extra Dry,GARTER,1681,,Wholesome Beams,KAPPAZ,1613,68,1,0,0,3,16,4,0,1,8090,8026,100.8
2017,5,1,,Show Me The Mundy,PMAC,1617,,Absolute Steins,LESTER,1513,104,1,0,0,4,12,3,0,2,8223,7956,103.36
2017,5,1,,Absolute Steins,LESTER,1513,,Show Me The Mundy,PMAC,1617,-104,0,0,1,5,8,2,0,3,7944,7983,99.51
2017,5,3,,I Dream of Viney,RICHO,1503,,Libba Let Die,CHIEF,1550,-47,0,0,1,6,4,1,0,4,8035,8219,97.76
2017,5,3,,Libba Let Die,CHIEF,1550,,I Dream of Viney,RICHO,1503,47,1,0,0,7,4,1,0,4,7789,8233,94.61
2017,5,4,,Free Tibont,MELONS,1695,,TitchDntKillMyVibe,JMERC,1806,-111,0,0,1,8,4,1,0,4,8242,8717,94.55
2017,6,3,,Wholesome Beams,KAPPAZ,1548,,TitchDntKillMyVibe,JMERC,1454,94,1,0,0,1,20,5,0,1,10168,9516,106.85
2017,6,1,,Show Me The Mundy,PMAC,1691,,Tuohy's Extra Dry,GARTER,1592,99,1,0,0,2,16,4,0,2,9914,9548,103.83
2017,6,3,,TitchDntKillMyVibe,JMERC,1454,,Wholesome Beams,KAPPAZ,1548,-94,0,0,1,3,16,4,0,2,9810,9651,101.65
2017,6,1,,Tuohy's Extra Dry,GARTER,1592,,Show Me The Mundy,PMAC,1691,-99,0,0,1,4,16,4,0,2,9682,9717,99.64
2017,6,2,,Absolute Steins,LESTER,1580,,Libba Let Die,CHIEF,1270,310,1,0,0,5,12,3,0,3,9524,9253,102.93
2017,6,4,,I Dream of Viney,RICHO,1868,,Free Tibont,MELONS,1679,189,1,0,0,6,8,2,0,4,9903,9898,100.05
2017,6,4,,Free Tibont,MELONS,1679,,I Dream of Viney,RICHO,1868,-189,0,0,1,7,4,1,0,5,9921,10585,93.73
2017,6,2,,Libba Let Die,CHIEF,1270,,Absolute Steins,LESTER,1580,-310,0,0,1,8,4,1,0,5,9059,9813,92.32
2017,7,1,,Show Me The Mundy,PMAC,1810,,Libba Let Die,CHIEF,1469,341,1,0,0,1,20,5,0,2,11724,11017,106.42
2017,7,4,,Wholesome Beams,KAPPAZ,1547,,I Dream of Viney,RICHO,1567,-20,0,0,1,2,20,5,0,2,11715,11083,105.7
2017,7,2,,Tuohy's Extra Dry,GARTER,1679,,TitchDntKillMyVibe,JMERC,1506,173,1,0,0,3,20,5,0,2,11361,11223,101.23
2017,7,3,,Absolute Steins,LESTER,1779,,Free Tibont,MELONS,1619,160,1,0,0,4,16,4,0,3,11303,10872,103.96
2017,7,2,,TitchDntKillMyVibe,JMERC,1506,,Tuohy's Extra Dry,GARTER,1679,-173,0,0,1,5,16,4,0,3,11316,11330,99.88
2017,7,4,,I Dream of Viney,RICHO,1567,,Wholesome Beams,KAPPAZ,1547,20,1,0,0,6,12,3,0,4,11470,11445,100.22
2017,7,3,,Free Tibont,MELONS,1619,,Absolute Steins,LESTER,1779,-160,0,0,1,7,4,1,0,6,11540,12364,93.34
2017,7,1,,Libba Let Die,CHIEF,1469,,Show Me The Mundy,PMAC,1810,-341,0,0,1,8,4,1,0,6,10528,11623,90.58
2017,8,1,,Show Me The Mundy,PMAC,1795,,TitchDntKillMyVibe,JMERC,1647,148,1,0,0,1,24,6,0,2,13519,12664,106.75
2017,8,4,,Wholesome Beams,KAPPAZ,1620,,Absolute Steins,LESTER,1651,-31,0,0,1,2,20,5,0,3,13335,12734,104.72
2017,8,4,,Absolute Steins,LESTER,1651,,Wholesome Beams,KAPPAZ,1620,31,1,0,0,3,20,5,0,3,12954,12492,103.7
2017,8,3,,Tuohy's Extra Dry,GARTER,1451,,I Dream of Viney,RICHO,1611,-160,0,0,1,4,20,5,0,3,12812,12834,99.83
2017,8,3,,I Dream of Viney,RICHO,1611,,Tuohy's Extra Dry,GARTER,1451,160,1,0,0,5,16,4,0,4,13081,12896,101.43
2017,8,1,,TitchDntKillMyVibe,JMERC,1647,,Show Me The Mundy,PMAC,1795,-148,0,0,1,6,16,4,0,4,12963,13125,98.77
2017,8,2,,Free Tibont,MELONS,1728,,Libba Let Die,CHIEF,1591,137,1,0,0,7,8,2,0,6,13268,13955,95.08
2017,8,2,,Libba Let Die,CHIEF,1591,,Free Tibont,MELONS,1728,-137,0,0,1,8,4,1,0,7,12119,13351,90.77
2017,9,1,,Show Me The Mundy,PMAC,1530,,Free Tibont,MELONS,1477,53,1,0,0,1,28,7,0,2,15049,14141,106.42
2017,9,3,,Wholesome Beams,KAPPAZ,1651,,Libba Let Die,CHIEF,1570,81,1,0,0,2,24,6,0,3,14986,14304,104.77
2017,9,4,,Tuohy's Extra Dry,GARTER,1734,,Absolute Steins,LESTER,1613,121,1,0,0,3,24,6,0,3,14546,14447,100.69
2017,9,4,,Absolute Steins,LESTER,1613,,Tuohy's Extra Dry,GARTER,1734,-121,0,0,1,4,20,5,0,4,14567,14226,102.4
2017,9,2,,TitchDntKillMyVibe,JMERC,1806,,I Dream of Viney,RICHO,1580,226,1,0,0,5,20,5,0,4,14769,14705,100.44
2017,9,2,,I Dream of Viney,RICHO,1580,,TitchDntKillMyVibe,JMERC,1806,-226,0,0,1,6,16,4,0,5,14661,14702,99.72
2017,9,1,,Free Tibont,MELONS,1477,,Show Me The Mundy,PMAC,1530,-53,0,0,1,7,8,2,0,7,14745,15485,95.22
2017,9,3,,Libba Let Die,CHIEF,1570,,Wholesome Beams,KAPPAZ,1651,-81,0,0,1,8,4,1,0,8,13689,15002,91.25
2017,10,1,,Show Me The Mundy,PMAC,1639,,I Dream of Viney,RICHO,1597,42,1,0,0,1,32,8,0,2,16688,15738,106.04
2017,10,2,,Wholesome Beams,KAPPAZ,1641,,Free Tibont,MELONS,1535,106,1,0,0,2,28,7,0,3,16627,15839,104.98
2017,10,3,,Absolute Steins,LESTER,1569,,TitchDntKillMyVibe,JMERC,1555,14,1,0,0,3,24,6,0,4,16136,15781,102.25
2017,10,4,,Tuohy's Extra Dry,GARTER,1532,,Libba Let Die,CHIEF,1620,-88,0,0,1,4,24,6,0,4,16078,16067,100.07
2017,10,3,,TitchDntKillMyVibe,JMERC,1555,,Absolute Steins,LESTER,1569,-14,0,0,1,5,20,5,0,5,16324,16274,100.31
2017,10,1,,I Dream of Viney,RICHO,1597,,Show Me The Mundy,PMAC,1639,-42,0,0,1,6,16,4,0,6,16258,16341,99.49
2017,10,2,,Free Tibont,MELONS,1535,,Wholesome Beams,KAPPAZ,1641,-106,0,0,1,7,8,2,0,8,16280,17126,95.06
2017,10,4,,Libba Let Die,CHIEF,1620,,Tuohy's Extra Dry,GARTER,1532,88,1,0,0,8,8,2,0,8,15309,16534,92.59
2017,11,1,,Wholesome Beams,KAPPAZ,1207,,Show Me The Mundy,PMAC,980,227,1,0,0,1,32,8,0,3,17834,16819,106.03
2017,11,1,,Show Me The Mundy,PMAC,980,,Wholesome Beams,KAPPAZ,1207,-227,0,0,1,2,32,8,0,3,17668,16945,104.27
2017,11,2,,Absolute Steins,LESTER,1752,,I Dream of Viney,RICHO,1188,564,1,0,0,3,28,7,0,4,17888,16969,105.42
2017,11,4,,TitchDntKillMyVibe,JMERC,1375,,Libba Let Die,CHIEF,1252,123,1,0,0,4,24,6,0,5,17699,17526,100.99
2017,11,3,,Tuohy's Extra Dry,GARTER,1464,,Free Tibont,MELONS,1569,-105,0,0,1,5,24,6,0,5,17542,17636,99.47
2017,11,2,,I Dream of Viney,RICHO,1188,,Absolute Steins,LESTER,1752,-564,0,0,1,6,16,4,0,7,17446,18093,96.42
2017,11,3,,Free Tibont,MELONS,1569,,Tuohy's Extra Dry,GARTER,1464,105,1,0,0,7,12,3,0,8,17849,18590,96.01
2017,11,4,,Libba Let Die,CHIEF,1252,,TitchDntKillMyVibe,JMERC,1375,-123,0,0,1,8,8,2,0,9,16561,17909,92.47
2017,12,1,,Absolute Steins,LESTER,1503,,Show Me The Mundy,PMAC,1481,22,1,0,0,1,32,8,0,4,19391,18450,105.1
2017,12,2,,Wholesome Beams,KAPPAZ,1492,,Tuohy's Extra Dry,GARTER,1696,-204,0,0,1,2,32,8,0,4,19326,18515,104.38
2017,12,1,,Show Me The Mundy,PMAC,1481,,Absolute Steins,LESTER,1503,-22,0,0,1,3,32,8,0,4,19149,18448,103.8
2017,12,4,,TitchDntKillMyVibe,JMERC,1702,,Free Tibont,MELONS,1504,198,1,0,0,4,28,7,0,5,19401,19030,101.95
2017,12,2,,Tuohy's Extra Dry,GARTER,1696,,Wholesome Beams,KAPPAZ,1492,204,1,0,0,5,28,7,0,5,19238,19128,100.58
2017,12,3,,I Dream of Viney,RICHO,1554,,Libba Let Die,CHIEF,1430,124,1,0,0,6,20,5,0,7,19000,19523,97.32
2017,12,4,,Free Tibont,MELONS,1504,,TitchDntKillMyVibe,JMERC,1702,-198,0,0,1,7,12,3,0,9,19353,20292,95.37
2017,12,3,,Libba Let Die,CHIEF,1430,,I Dream of Viney,RICHO,1554,-124,0,0,1,8,8,2,0,10,17991,19463,92.44
2017,13,1,,Show Me The Mundy,PMAC,1295,,Tuohy's Extra Dry,GARTER,949,346,1,0,0,1,36,9,0,4,20444,19397,105.4
2017,13,2,,Absolute Steins,LESTER,1270,,Libba Let Die,CHIEF,1220,50,1,0,0,2,36,9,0,4,20661,19670,105.04
2017,13,3,,Wholesome Beams,KAPPAZ,1456,,TitchDntKillMyVibe,JMERC,1597,-141,0,0,1,3,32,8,0,5,20782,20112,103.33
2017,13,3,,TitchDntKillMyVibe,JMERC,1597,,Wholesome Beams,KAPPAZ,1456,141,1,0,0,4,32,8,0,5,20998,20486,102.5
2017,13,1,,Tuohy's Extra Dry,GARTER,949,,Show Me The Mundy,PMAC,1295,-346,0,0,1,5,28,7,0,6,20187,20423,98.84
2017,13,4,,I Dream of Viney,RICHO,1624,,Free Tibont,MELONS,1137,487,1,0,0,6,24,6,0,7,20624,20660,99.83
2017,13,4,,Free Tibont,MELONS,1137,,I Dream of Viney,RICHO,1624,-487,0,0,1,7,12,3,0,10,20490,21916,93.49
2017,13,2,,Libba Let Die,CHIEF,1220,,Absolute Steins,LESTER,1270,-50,0,0,1,8,8,2,0,11,19211,20733,92.66
2017,14,1,,Show Me The Mundy,PMAC,1722,,Libba Let Die,CHIEF,1659,63,1,0,0,1,40,10,0,4,22166,21056,105.27
2017,14,3,,Absolute Steins,LESTER,1525,,Free Tibont,MELONS,1633,-108,0,0,1,2,36,9,0,5,22186,21303,104.14
2017,14,4,,Wholesome Beams,KAPPAZ,1500,,I Dream of Viney,RICHO,1709,-209,0,0,1,3,32,8,0,6,22282,21821,102.11
2017,14,2,,TitchDntKillMyVibe,JMERC,1485,,Tuohy's Extra Dry,GARTER,1585,-100,0,0,1,4,32,8,0,6,22483,22071,101.87
2017,14,2,,Tuohy's Extra Dry,GARTER,1585,,TitchDntKillMyVibe,JMERC,1485,100,1,0,0,5,32,8,0,6,21772,21908,99.38
2017,14,4,,I Dream of Viney,RICHO,1709,,Wholesome Beams,KAPPAZ,1500,209,1,0,0,6,28,7,0,7,22333,22160,100.78
2017,14,3,,Free Tibont,MELONS,1633,,Absolute Steins,LESTER,1525,108,1,0,0,7,16,4,0,10,22123,23441,94.38
2017,14,1,,Libba Let Die,CHIEF,1659,,Show Me The Mundy,PMAC,1722,-63,0,0,1,8,8,2,0,12,20870,22455,92.94
2017,15,1,,Show Me The Mundy,PMAC,1748,,TitchDntKillMyVibe,JMERC,1805,-57,0,0,1,1,40,10,0,5,23914,22861,104.61
2017,15,4,,Absolute Steins,LESTER,1735,,Wholesome Beams,KAPPAZ,1619,116,1,0,0,2,40,10,0,5,23921,22922,104.36
2017,15,1,,TitchDntKillMyVibe,JMERC,1805,,Show Me The Mundy,PMAC,1748,57,1,0,0,3,36,9,0,6,24288,23819,101.97
2017,15,3,,Tuohy's Extra Dry,GARTER,1621,,I Dream of Viney,RICHO,1612,9,1,0,0,4,36,9,0,6,23393,23520,99.46
2017,15,4,,Wholesome Beams,KAPPAZ,1619,,Absolute Steins,LESTER,1735,-116,0,0,1,5,32,8,0,7,23901,23556,101.46
2017,15,3,,I Dream of Viney,RICHO,1612,,Tuohy's Extra Dry,GARTER,1621,-9,0,0,1,6,28,7,0,8,23945,23781,100.69
2017,15,2,,Free Tibont,MELONS,1463,,Libba Let Die,CHIEF,1413,50,1,0,0,7,20,5,0,10,23586,24854,94.9
2017,15,2,,Libba Let Die,CHIEF,1413,,Free Tibont,MELONS,1463,-50,0,0,1,8,8,2,0,13,22283,23918,93.16
2017,16,1,,Show Me The Mundy,PMAC,1626,,Free Tibont,MELONS,1495,131,1,0,0,1,44,11,0,5,25540,24356,104.86
2017,16,4,,Absolute Steins,LESTER,1640,,Tuohy's Extra Dry,GARTER,1513,127,1,0,0,2,44,11,0,5,25561,24435,104.61
2017,16,2,,TitchDntKillMyVibe,JMERC,1637,,I Dream of Viney,RICHO,1602,35,1,0,0,3,40,10,0,6,25925,25421,101.98
2017,16,3,,Wholesome Beams,KAPPAZ,1666,,Libba Let Die,CHIEF,1639,27,1,0,0,4,36,9,0,7,25567,25195,101.48
2017,16,4,,Tuohy's Extra Dry,GARTER,1513,,Absolute Steins,LESTER,1640,-127,0,0,1,5,36,9,0,7,24906,25160,98.99
2017,16,2,,I Dream of Viney,RICHO,1602,,TitchDntKillMyVibe,JMERC,1637,-35,0,0,1,6,28,7,0,9,25547,25418,100.51
2017,16,1,,Free Tibont,MELONS,1495,,Show Me The Mundy,PMAC,1626,-131,0,0,1,7,20,5,0,11,25081,26480,94.72
2017,16,3,,Libba Let Die,CHIEF,1639,,Wholesome Beams,KAPPAZ,1666,-27,0,0,1,8,8,2,0,14,23922,25584,93.5
2017,17,1,,Show Me The Mundy,PMAC,1576,,I Dream of Viney,RICHO,1594,-18,0,0,1,1,44,11,0,6,27116,25950,104.49
2017,17,3,,Absolute Steins,LESTER,1420,,TitchDntKillMyVibe,JMERC,1676,-256,0,0,1,2,44,11,0,6,26981,26111,103.33
2017,17,3,,TitchDntKillMyVibe,JMERC,1676,,Absolute Steins,LESTER,1420,256,1,0,0,3,44,11,0,6,27601,26841,102.83
2017,17,2,,Wholesome Beams,KAPPAZ,1760,,Free Tibont,MELONS,1733,27,1,0,0,4,40,10,0,7,27327,26928,101.48
2017,17,4,,Tuohy's Extra Dry,GARTER,1488,,Libba Let Die,CHIEF,1503,-15,0,0,1,5,36,9,0,8,26394,26663,98.99
2017,17,1,,I Dream of Viney,RICHO,1594,,Show Me The Mundy,PMAC,1576,18,1,0,0,6,32,8,0,9,27141,26994,100.54
2017,17,2,,Free Tibont,MELONS,1733,,Wholesome Beams,KAPPAZ,1760,-27,0,0,1,7,20,5,0,12,26814,28240,94.95
2017,17,4,,Libba Let Die,CHIEF,1503,,Tuohy's Extra Dry,GARTER,1488,15,1,0,0,8,12,3,0,14,25425,27072,93.92
2017,18,4,,TitchDntKillMyVibe,JMERC,1660,,Libba Let Die,CHIEF,1623,37,1,0,0,1,48,12,0,6,29261,28464,102.8
2017,18,1,,Show Me The Mundy,PMAC,1501,,Wholesome Beams,KAPPAZ,1783,-282,0,0,1,2,44,11,0,7,28617,27733,103.19
2017,18,2,,Absolute Steins,LESTER,1483,,I Dream of Viney,RICHO,1639,-156,0,0,1,3,44,11,0,7,28464,27750,102.57
2017,18,1,,Wholesome Beams,KAPPAZ,1783,,Show Me The Mundy,PMAC,1501,282,1,0,0,4,44,11,0,7,29110,28429,102.4
2017,18,2,,I Dream of Viney,RICHO,1639,,Absolute Steins,LESTER,1483,156,1,0,0,5,36,9,0,9,28780,28477,101.06
2017,18,3,,Tuohy's Extra Dry,GARTER,1533,,Free Tibont,MELONS,1622,-89,0,0,1,6,36,9,0,9,27927,28285,98.73
2017,18,3,,Free Tibont,MELONS,1622,,Tuohy's Extra Dry,GARTER,1533,89,1,0,0,7,24,6,0,12,28436,29773,95.51
2017,18,4,,Libba Let Die,CHIEF,1623,,TitchDntKillMyVibe,JMERC,1660,-37,0,0,1,8,12,3,0,15,27048,28732,94.14
2017,19,2,,Wholesome Beams,KAPPAZ,1661,,Tuohy's Extra Dry,GARTER,1368,293,1,0,0,1,48,12,0,7,30771,29797,103.27
2017,19,1,,Show Me The Mundy,PMAC,1602,,Absolute Steins,LESTER,1591,11,1,0,0,2,48,12,0,7,30219,29324,103.05
2017,19,4,,TitchDntKillMyVibe,JMERC,1640,,Free Tibont,MELONS,1674,-34,0,0,1,3,48,12,0,7,30901,30138,102.53
2017,19,1,,Absolute Steins,LESTER,1591,,Show Me The Mundy,PMAC,1602,-11,0,0,1,4,44,11,0,8,30055,29352,102.4
2017,19,3,,I Dream of Viney,RICHO,1548,,Libba Let Die,CHIEF,1543,5,1,0,0,5,40,10,0,9,30328,30020,101.03
2017,19,2,,Tuohy's Extra Dry,GARTER,1368,,Wholesome Beams,KAPPAZ,1661,-293,0,0,1,6,36,9,0,10,29295,29946,97.83
2017,19,4,,Free Tibont,MELONS,1674,,TitchDntKillMyVibe,JMERC,1640,34,1,0,0,7,28,7,0,12,30110,31413,95.85
2017,19,3,,Libba Let Die,CHIEF,1543,,I Dream of Viney,RICHO,1548,-5,0,0,1,8,12,3,0,16,28591,30280,94.42
2017,20,3,,TitchDntKillMyVibe,JMERC,1751,,Wholesome Beams,KAPPAZ,1638,113,1,0,0,1,52,13,0,7,32652,31776,102.76
2017,20,3,,Wholesome Beams,KAPPAZ,1638,,TitchDntKillMyVibe,JMERC,1751,-113,0,0,1,2,48,12,0,8,32409,31548,102.73
2017,20,1,,Show Me The Mundy,PMAC,1579,,Tuohy's Extra Dry,GARTER,1711,-132,0,0,1,3,48,12,0,8,31798,31035,102.46
2017,20,2,,Absolute Steins,LESTER,1476,,Libba Let Die,CHIEF,1537,-61,0,0,1,4,44,11,0,9,31531,30889,102.08
2017,20,4,,I Dream of Viney,RICHO,1663,,Free Tibont,MELONS,1853,-190,0,0,1,5,40,10,0,10,31991,31873,100.37
2017,20,1,,Tuohy's Extra Dry,GARTER,1711,,Show Me The Mundy,PMAC,1579,132,1,0,0,6,40,10,0,10,31006,31525,98.35
2017,20,4,,Free Tibont,MELONS,1853,,I Dream of Viney,RICHO,1663,190,1,0,0,7,32,8,0,12,31963,33076,96.64
2017,20,2,,Libba Let Die,CHIEF,1537,,Absolute Steins,LESTER,1476,61,1,0,0,8,16,4,0,16,30128,31756,94.87
2017,21,2,,TitchDntKillMyVibe,JMERC,1365,,Tuohy's Extra Dry,GARTER,1654,-289,0,0,1,1,52,13,0,8,34017,33430,101.76
2017,21,4,,Wholesome Beams,KAPPAZ,1707,,I Dream of Viney,RICHO,1710,-3,0,0,1,2,48,12,0,9,34116,33258,102.58
2017,21,1,,Show Me The Mundy,PMAC,1547,,Libba Let Die,CHIEF,1557,-10,0,0,1,3,48,12,0,9,33345,32592,102.31
2017,21,3,,Absolute Steins,LESTER,1742,,Free Tibont,MELONS,1744,-2,0,0,1,4,44,11,0,10,33273,32633,101.96
2017,21,4,,I Dream of Viney,RICHO,1710,,Wholesome Beams,KAPPAZ,1707,3,1,0,0,5,44,11,0,10,33701,33580,100.36
2017,21,2,,Tuohy's Extra Dry,GARTER,1654,,TitchDntKillMyVibe,JMERC,1365,289,1,0,0,6,44,11,0,10,32660,32890,99.3
2017,21,3,,Free Tibont,MELONS,1744,,Absolute Steins,LESTER,1742,2,1,0,0,7,36,9,0,12,33707,34818,96.81
2017,21,1,,Libba Let Die,CHIEF,1557,,Show Me The Mundy,PMAC,1547,10,1,0,0,8,20,5,0,16,31685,33303,95.14
2017,22,2,,TitchDntKillMyVibe,JMERC,1738,,Absolute Steins,LESTER,1600,138,1,0,0,1,,,,,,,
2017,22,1,,Show Me The Mundy,PMAC,1732,,Wholesome Beams,KAPPAZ,1593,139,1,0,0,3,,,,,,,
2017,22,1,,Wholesome Beams,KAPPAZ,1593,,Show Me The Mundy,PMAC,1732,-139,0,0,1,2,,,,,,,
2017,22,2,,Absolute Steins,LESTER,1600,,TitchDntKillMyVibe,JMERC,1738,-138,0,0,1,4,,,,,,,
2017,23,1,,Show Me The Mundy,PMAC,1744,,TitchDntKillMyVibe,JMERC,1402,342,1,0,0,1,,,,,,,
2017,23,1,,TitchDntKillMyVibe,JMERC,1402,,Show Me The Mundy,PMAC,1744,-342,0,0,1,2,,,,,,,
2018,1,1,,The Lyons King,KAPPAZ,1743,,Danger Things,PMAC,1565,178,1,0,0,1,4,1,0,0,1743,1565,111.37
2018,1,4,,Crippstocurrency,JMERC,1607,,Post MaSloane,LESTER,1465,142,1,0,0,2,4,1,0,0,1607,1465,109.69
2018,1,2,,Since U Been Gawn,MELONS,1705,,VlastuinTrnslation,CHIEF,1613,92,1,0,0,3,4,1,0,0,1705,1613,105.7
2018,1,3,,Vodka Kreuzers,GARTER,1637,,Ward of the Rings,RICHO,1552,85,1,0,0,4,4,1,0,0,1637,1552,105.48
2018,1,3,,Ward of the Rings,RICHO,1552,,Vodka Kreuzers,GARTER,1637,-85,0,0,1,5,0,0,0,1,1552,1637,94.81
2018,1,2,,VlastuinTrnslation,CHIEF,1613,,Since U Been Gawn,MELONS,1705,-92,0,0,1,6,0,0,0,1,1613,1705,94.6
2018,1,4,,Post MaSloane,LESTER,1465,,Crippstocurrency,JMERC,1607,-142,0,0,1,7,0,0,0,1,1465,1607,91.16
2018,1,1,,Danger Things,PMAC,1565,,The Lyons King,KAPPAZ,1743,-178,0,0,1,8,0,0,0,1,1565,1743,89.79
2018,2,4,,Vodka Kreuzers,GARTER,1517,,Crippstocurrency,JMERC,1493,24,1,0,0,1,8,2,0,0,3154,3045,103.58
2018,2,2,,The Lyons King,KAPPAZ,1695,,Ward of the Rings,RICHO,1710,-15,0,0,1,2,4,1,0,1,3438,3275,104.98
2018,2,4,,Crippstocurrency,JMERC,1493,,Vodka Kreuzers,GARTER,1517,-24,0,0,1,3,4,1,0,1,3100,2982,103.96
2018,2,1,,VlastuinTrnslation,CHIEF,1796,,Danger Things,PMAC,1608,188,1,0,0,4,4,1,0,1,3409,3313,102.9
2018,2,3,,Since U Been Gawn,MELONS,1474,,Post MaSloane,LESTER,1527,-53,0,0,1,5,4,1,0,1,3179,3140,101.24
2018,2,2,,Ward of the Rings,RICHO,1710,,The Lyons King,KAPPAZ,1695,15,1,0,0,6,4,1,0,1,3262,3332,97.9
2018,2,3,,Post MaSloane,LESTER,1527,,Since U Been Gawn,MELONS,1474,53,1,0,0,7,4,1,0,1,2992,3081,97.11
2018,2,1,,Danger Things,PMAC,1608,,VlastuinTrnslation,CHIEF,1796,-188,0,0,1,8,0,0,0,2,3173,3539,89.66
2018,3,4,,Since U Been Gawn,MELONS,1666,,Vodka Kreuzers,GARTER,1371,295,1,0,0,1,8,2,0,1,4845,4511,107.4
2018,3,1,,Ward of the Rings,RICHO,1713,,Danger Things,PMAC,1349,364,1,0,0,2,8,2,0,1,4975,4681,106.28
2018,3,3,,The Lyons King,KAPPAZ,1675,,Crippstocurrency,JMERC,1589,86,1,0,0,3,8,2,0,1,5113,4864,105.12
2018,3,2,,VlastuinTrnslation,CHIEF,1648,,Post MaSloane,LESTER,1626,22,1,0,0,4,8,2,0,1,5057,4939,102.39
2018,3,4,,Vodka Kreuzers,GARTER,1371,,Since U Been Gawn,MELONS,1666,-295,0,0,1,5,8,2,0,1,4525,4711,96.05
2018,3,3,,Crippstocurrency,JMERC,1589,,The Lyons King,KAPPAZ,1675,-86,0,0,1,6,4,1,0,2,4689,4657,100.69
2018,3,2,,Post MaSloane,LESTER,1626,,VlastuinTrnslation,CHIEF,1648,-22,0,0,1,7,4,1,0,2,4618,4729,97.65
2018,3,1,,Danger Things,PMAC,1349,,Ward of the Rings,RICHO,1713,-364,0,0,1,8,0,0,0,3,4522,5252,86.1
2018,4,4,,Since U Been Gawn,MELONS,1673,,The Lyons King,KAPPAZ,1602,71,1,0,0,1,12,3,0,1,6518,6113,106.63
2018,4,3,,Vodka Kreuzers,GARTER,1726,,VlastuinTrnslation,CHIEF,1565,161,1,0,0,2,12,3,0,1,6251,6276,99.6
2018,4,2,,Ward of the Rings,RICHO,1532,,Crippstocurrency,JMERC,1568,-36,0,0,1,3,8,2,0,2,6507,6249,104.13
2018,4,4,,The Lyons King,KAPPAZ,1602,,Since U Been Gawn,MELONS,1673,-71,0,0,1,4,8,2,0,2,6715,6537,102.72
2018,4,2,,Crippstocurrency,JMERC,1568,,Ward of the Rings,RICHO,1532,36,1,0,0,5,8,2,0,2,6257,6189,101.1
2018,4,3,,VlastuinTrnslation,CHIEF,1565,,Vodka Kreuzers,GARTER,1726,-161,0,0,1,6,8,2,0,2,6622,6665,99.35
2018,4,1,,Post MaSloane,LESTER,1640,,Danger Things,PMAC,1641,-1,0,0,1,7,4,1,0,3,6258,6370,98.24
2018,4,1,,Danger Things,PMAC,1641,,Post MaSloane,LESTER,1640,1,1,0,0,8,4,1,0,3,6163,6892,89.42
2018,5,3,,Since U Been Gawn,MELONS,1736,,Ward of the Rings,RICHO,1484,252,1,0,0,1,16,4,0,1,8254,7597,108.65
2018,5,4,,VlastuinTrnslation,CHIEF,1846,,The Lyons King,KAPPAZ,1519,327,1,0,0,2,12,3,0,2,8468,8184,103.47
2018,5,1,,Crippstocurrency,JMERC,1661,,Danger Things,PMAC,1581,80,1,0,0,3,12,3,0,2,7918,7770,101.9
2018,5,2,,Vodka Kreuzers,GARTER,1396,,Post MaSloane,LESTER,1468,-72,0,0,1,4,12,3,0,2,7647,7744,98.75
2018,5,3,,Ward of the Rings,RICHO,1484,,Since U Been Gawn,MELONS,1736,-252,0,0,1,5,8,2,0,3,7991,7985,100.08
2018,5,2,,Post MaSloane,LESTER,1468,,Vodka Kreuzers,GARTER,1396,72,1,0,0,6,8,2,0,3,7726,7766,99.48
2018,5,4,,The Lyons King,KAPPAZ,1519,,VlastuinTrnslation,CHIEF,1846,-327,0,0,1,7,8,2,0,3,8234,8383,98.22
2018,5,1,,Danger Things,PMAC,1581,,Crippstocurrency,JMERC,1661,-80,0,0,1,8,4,1,0,4,7744,8553,90.54
2018,6,4,,VlastuinTrnslation,CHIEF,1771,,Ward of the Rings,RICHO,1574,197,1,0,0,1,16,4,0,2,10239,9758,104.93
2018,6,2,,Since U Been Gawn,MELONS,1514,,Crippstocurrency,JMERC,1737,-223,0,0,1,2,16,4,0,2,9768,9334,104.65
2018,6,2,,Crippstocurrency,JMERC,1737,,Since U Been Gawn,MELONS,1514,223,1,0,0,3,16,4,0,2,9655,9284,104
2018,6,3,,The Lyons King,KAPPAZ,1786,,Post MaSloane,LESTER,1441,345,1,0,0,4,12,3,0,3,10020,9824,102
2018,6,1,,Vodka Kreuzers,GARTER,1428,,Danger Things,PMAC,1737,-309,0,0,1,5,12,3,0,3,9075,9481,95.72
2018,6,4,,Ward of the Rings,RICHO,1574,,VlastuinTrnslation,CHIEF,1771,-197,0,0,1,6,8,2,0,4,9565,9756,98.04
2018,6,3,,Post MaSloane,LESTER,1441,,The Lyons King,KAPPAZ,1786,-345,0,0,1,7,8,2,0,4,9167,9552,95.97
2018,6,1,,Danger Things,PMAC,1737,,Vodka Kreuzers,GARTER,1428,309,1,0,0,8,8,2,0,4,9481,9981,94.99
2018,7,3,,VlastuinTrnslation,CHIEF,1727,,Crippstocurrency,JMERC,1477,250,1,0,0,1,20,5,0,2,11966,11235,106.51
2018,7,1,,Since U Been Gawn,MELONS,1780,,Danger Things,PMAC,1634,146,1,0,0,2,20,5,0,2,11548,10968,105.29
2018,7,2,,The Lyons King,KAPPAZ,1740,,Vodka Kreuzers,GARTER,1495,245,1,0,0,3,16,4,0,3,11760,11319,103.9
2018,7,3,,Crippstocurrency,JMERC,1477,,VlastuinTrnslation,CHIEF,1727,-250,0,0,1,4,16,4,0,3,11132,11011,101.1
2018,7,4,,Ward of the Rings,RICHO,1593,,Post MaSloane,LESTER,1456,137,1,0,0,5,12,3,0,4,11158,11212,99.52
2018,7,2,,Vodka Kreuzers,GARTER,1495,,The Lyons King,KAPPAZ,1740,-245,0,0,1,6,12,3,0,4,10570,11221,94.2
2018,7,4,,Post MaSloane,LESTER,1456,,Ward of the Rings,RICHO,1593,-137,0,0,1,7,8,2,0,5,10623,11145,95.32
2018,7,1,,Danger Things,PMAC,1634,,Since U Been Gawn,MELONS,1780,-146,0,0,1,8,8,2,0,5,11115,11761,94.51
2018,8,2,,VlastuinTrnslation,CHIEF,1795,,Since U Been Gawn,MELONS,1600,195,1,0,0,1,24,6,0,2,13761,12835,107.21
2018,8,1,,The Lyons King,KAPPAZ,1753,,Danger Things,PMAC,1709,44,1,0,0,2,20,5,0,3,13513,13028,103.72
2018,8,2,,Since U Been Gawn,MELONS,1600,,VlastuinTrnslation,CHIEF,1795,-195,0,0,1,3,20,5,0,3,13148,12763,103.02
2018,8,3,,Ward of the Rings,RICHO,1690,,Vodka Kreuzers,GARTER,1375,315,1,0,0,4,16,4,0,4,12848,12587,102.07
2018,8,4,,Crippstocurrency,JMERC,1552,,Post MaSloane,LESTER,1564,-12,0,0,1,5,16,4,0,4,12684,12575,100.87
2018,8,4,,Post MaSloane,LESTER,1564,,Crippstocurrency,JMERC,1552,12,1,0,0,6,12,3,0,5,12187,12697,95.98
2018,8,3,,Vodka Kreuzers,GARTER,1375,,Ward of the Rings,RICHO,1690,-315,0,0,1,7,12,3,0,5,11945,12911,92.52
2018,8,1,,Danger Things,PMAC,1709,,The Lyons King,KAPPAZ,1753,-44,0,0,1,8,8,2,0,6,12824,13514,94.89
2018,9,1,,VlastuinTrnslation,CHIEF,1657,,Danger Things,PMAC,1468,189,1,0,0,1,28,7,0,2,15418,14303,107.8
2018,9,2,,The Lyons King,KAPPAZ,1781,,Ward of the Rings,RICHO,1646,135,1,0,0,2,24,6,0,3,15294,14674,104.23
2018,9,3,,Since U Been Gawn,MELONS,1720,,Post MaSloane,LESTER,1557,163,1,0,0,3,24,6,0,3,14868,14320,103.83
2018,9,2,,Ward of the Rings,RICHO,1646,,The Lyons King,KAPPAZ,1781,-135,0,0,1,4,16,4,0,5,14494,14368,100.88
2018,9,4,,Crippstocurrency,JMERC,1528,,Vodka Kreuzers,GARTER,1602,-74,0,0,1,5,16,4,0,5,14212,14177,100.25
2018,9,4,,Vodka Kreuzers,GARTER,1602,,Crippstocurrency,JMERC,1528,74,1,0,0,6,16,4,0,5,13547,14439,93.82
2018,9,3,,Post MaSloane,LESTER,1557,,Since U Been Gawn,MELONS,1720,-163,0,0,1,7,12,3,0,6,13744,14417,95.33
2018,9,1,,Danger Things,PMAC,1468,,VlastuinTrnslation,CHIEF,1657,-189,0,0,1,8,8,2,0,7,14292,15171,94.21
2018,10,2,,VlastuinTrnslation,CHIEF,1554,,Post MaSloane,LESTER,1551,3,1,0,0,1,32,8,0,2,16972,15854,107.05
2018,10,3,,The Lyons King,KAPPAZ,1778,,Crippstocurrency,JMERC,1462,316,1,0,0,2,28,7,0,3,17072,16136,105.8
2018,10,4,,Since U Been Gawn,MELONS,1486,,Vodka Kreuzers,GARTER,1423,63,1,0,0,3,28,7,0,3,16354,15743,103.88
2018,10,1,,Ward of the Rings,RICHO,1659,,Danger Things,PMAC,1909,-250,0,0,1,4,16,4,0,6,16153,16277,99.24
2018,10,3,,Crippstocurrency,JMERC,1462,,The Lyons King,KAPPAZ,1778,-316,0,0,1,5,16,4,0,6,15674,15955,98.24
2018,10,4,,Vodka Kreuzers,GARTER,1423,,Since U Been Gawn,MELONS,1486,-63,0,0,1,6,16,4,0,6,14970,15925,94
2018,10,1,,Danger Things,PMAC,1909,,Ward of the Rings,RICHO,1659,250,1,0,0,7,12,3,0,7,16201,16830,96.26
2018,10,2,,Post MaSloane,LESTER,1551,,VlastuinTrnslation,CHIEF,1554,-3,0,0,1,8,12,3,0,7,15295,15971,95.77
2018,11,4,,The Lyons King,KAPPAZ,1797,,Since U Been Gawn,MELONS,1640,157,1,0,0,1,32,8,0,3,18869,17776,106.15
2018,11,3,,VlastuinTrnslation,CHIEF,1442,,Vodka Kreuzers,GARTER,1593,-151,0,0,1,2,32,8,0,3,18414,17447,105.54
2018,11,4,,Since U Been Gawn,MELONS,1640,,The Lyons King,KAPPAZ,1797,-157,0,0,1,3,28,7,0,4,17994,17540,102.59
2018,11,2,,Crippstocurrency,JMERC,1624,,Ward of the Rings,RICHO,1549,75,1,0,0,4,20,5,0,6,17298,17504,98.82
2018,11,3,,Vodka Kreuzers,GARTER,1593,,VlastuinTrnslation,CHIEF,1442,151,1,0,0,5,20,5,0,6,16563,17367,95.37
2018,11,2,,Ward of the Rings,RICHO,1549,,Crippstocurrency,JMERC,1624,-75,0,0,1,6,16,4,0,7,17702,17901,98.89
2018,11,1,,Danger Things,PMAC,1627,,Post MaSloane,LESTER,1535,92,1,0,0,7,16,4,0,7,17828,18365,97.08
2018,11,1,,Post MaSloane,LESTER,1535,,Danger Things,PMAC,1627,-92,0,0,1,8,12,3,0,8,16830,17598,95.64
2018,12,4,,The Lyons King,KAPPAZ,1589,,VlastuinTrnslation,CHIEF,1058,531,1,0,0,1,36,9,0,3,20458,18834,108.62
2018,12,3,,Since U Been Gawn,MELONS,1597,,Ward of the Rings,RICHO,1451,146,1,0,0,2,32,8,0,4,19591,18991,103.16
2018,12,4,,VlastuinTrnslation,CHIEF,1058,,The Lyons King,KAPPAZ,1589,-531,0,0,1,3,32,8,0,4,19472,19036,102.29
2018,12,1,,Danger Things,PMAC,1657,,Crippstocurrency,JMERC,1384,273,1,0,0,4,20,5,0,7,19485,19749,98.66
2018,12,1,,Crippstocurrency,JMERC,1384,,Danger Things,PMAC,1657,-273,0,0,1,5,20,5,0,7,18682,19161,97.5
2018,12,2,,Vodka Kreuzers,GARTER,1510,,Post MaSloane,LESTER,1730,-220,0,0,1,6,20,5,0,7,18073,19097,94.64
2018,12,3,,Ward of the Rings,RICHO,1451,,Since U Been Gawn,MELONS,1597,-146,0,0,1,7,16,4,0,8,19153,19498,98.23
2018,12,2,,Post MaSloane,LESTER,1730,,Vodka Kreuzers,GARTER,1510,220,1,0,0,8,16,4,0,8,18560,19108,97.13
2018,13,3,,The Lyons King,KAPPAZ,1342,,Post MaSloane,LESTER,1358,-16,0,0,1,1,36,9,0,4,21800,20192,107.96
2018,13,2,,Since U Been Gawn,MELONS,1409,,Crippstocurrency,JMERC,1154,255,1,0,0,2,36,9,0,4,21000,20145,104.24
2018,13,4,,VlastuinTrnslation,CHIEF,1298,,Ward of the Rings,RICHO,1399,-101,0,0,1,3,32,8,0,5,20770,20435,101.64
2018,13,1,,Danger Things,PMAC,1124,,Vodka Kreuzers,GARTER,591,533,1,0,0,4,24,6,0,7,20609,20340,101.32
2018,13,4,,Ward of the Rings,RICHO,1399,,VlastuinTrnslation,CHIEF,1298,101,1,0,0,5,20,5,0,8,20552,20796,98.83
2018,13,3,,Post MaSloane,LESTER,1358,,The Lyons King,KAPPAZ,1342,16,1,0,0,6,20,5,0,8,19918,20450,97.4
2018,13,2,,Crippstocurrency,JMERC,1154,,Since U Been Gawn,MELONS,1409,-255,0,0,1,7,20,5,0,8,19836,20570,96.43
2018,13,1,,Vodka Kreuzers,GARTER,591,,Danger Things,PMAC,1124,-533,0,0,1,8,20,5,0,8,18664,20221,92.3
2018,14,1,,Since U Been Gawn,MELONS,1471,,Danger Things,PMAC,1238,233,1,0,0,1,40,10,0,4,22471,21383,105.09
2018,14,2,,The Lyons King,KAPPAZ,864,,Vodka Kreuzers,GARTER,1492,-628,0,0,1,2,36,9,0,5,22664,21684,104.52
2018,14,3,,VlastuinTrnslation,CHIEF,1190,,Crippstocurrency,JMERC,1443,-253,0,0,1,3,32,8,0,6,21960,21878,100.37
2018,14,1,,Danger Things,PMAC,1238,,Since U Been Gawn,MELONS,1471,-233,0,0,1,4,24,6,0,8,21847,21811,100.17
2018,14,3,,Crippstocurrency,JMERC,1443,,VlastuinTrnslation,CHIEF,1190,253,1,0,0,5,24,6,0,8,21279,21760,97.79
2018,14,4,,Post MaSloane,LESTER,1495,,Ward of the Rings,RICHO,1475,20,1,0,0,6,24,6,0,8,21413,21925,97.66
2018,14,2,,Vodka Kreuzers,GARTER,1492,,The Lyons King,KAPPAZ,864,628,1,0,0,7,24,6,0,8,20156,21085,95.59
2018,14,4,,Ward of the Rings,RICHO,1475,,Post MaSloane,LESTER,1495,-20,0,0,1,8,20,5,0,9,22027,22291,98.82
2018,15,2,,Since U Been Gawn,MELONS,1828,,VlastuinTrnslation,CHIEF,1561,267,1,0,0,1,44,11,0,4,24299,22944,105.91
2018,15,1,,The Lyons King,KAPPAZ,1777,,Danger Things,PMAC,1632,145,1,0,0,2,40,10,0,5,24441,23316,104.83
2018,15,2,,VlastuinTrnslation,CHIEF,1561,,Since U Been Gawn,MELONS,1828,-267,0,0,1,3,32,8,0,7,23521,23706,99.22
2018,15,4,,Crippstocurrency,JMERC,1759,,Post MaSloane,LESTER,1378,381,1,0,0,4,28,7,0,8,23038,23138,99.57
2018,15,3,,Ward of the Rings,RICHO,1731,,Vodka Kreuzers,GARTER,1552,179,1,0,0,5,24,6,0,9,23758,23843,99.64
2018,15,1,,Danger Things,PMAC,1632,,The Lyons King,KAPPAZ,1777,-145,0,0,1,6,24,6,0,9,23479,23588,99.54
2018,15,4,,Post MaSloane,LESTER,1378,,Crippstocurrency,JMERC,1759,-381,0,0,1,7,24,6,0,9,22791,23684,96.23
2018,15,3,,Vodka Kreuzers,GARTER,1552,,Ward of the Rings,RICHO,1731,-179,0,0,1,8,24,6,0,9,21708,22816,95.14
2018,16,3,,Since U Been Gawn,MELONS,1777,,Post MaSloane,LESTER,1808,-31,0,0,1,1,44,11,0,5,26076,24752,105.35
2018,16,2,,The Lyons King,KAPPAZ,1755,,Ward of the Rings,RICHO,1589,166,1,0,0,2,44,11,0,5,26196,24905,105.18
2018,16,1,,VlastuinTrnslation,CHIEF,1728,,Danger Things,PMAC,1596,132,1,0,0,3,36,9,0,7,25249,25302,99.79
2018,16,4,,Crippstocurrency,JMERC,1797,,Vodka Kreuzers,GARTER,1543,254,1,0,0,4,32,8,0,8,24835,24681,100.62
2018,16,3,,Post MaSloane,LESTER,1808,,Since U Been Gawn,MELONS,1777,31,1,0,0,5,28,7,0,9,24599,25461,96.61
2018,16,1,,Danger Things,PMAC,1596,,VlastuinTrnslation,CHIEF,1728,-132,0,0,1,6,24,6,0,10,25075,25316,99.05
2018,16,2,,Ward of the Rings,RICHO,1589,,The Lyons King,KAPPAZ,1755,-166,0,0,1,7,24,6,0,10,25347,25598,99.02
2018,16,4,,Vodka Kreuzers,GARTER,1543,,Crippstocurrency,JMERC,1797,-254,0,0,1,8,24,6,0,10,23251,24613,94.47
2018,17,4,,Since U Been Gawn,MELONS,1840,,Vodka Kreuzers,GARTER,1487,353,1,0,0,1,48,12,0,5,27916,26239,106.39
2018,17,3,,The Lyons King,KAPPAZ,1781,,Crippstocurrency,JMERC,1557,224,1,0,0,2,48,12,0,5,27977,26462,105.73
2018,17,2,,VlastuinTrnslation,CHIEF,1754,,Post MaSloane,LESTER,1685,69,1,0,0,3,40,10,0,7,27003,26987,100.06
2018,17,3,,Crippstocurrency,JMERC,1557,,The Lyons King,KAPPAZ,1781,-224,0,0,1,4,32,8,0,9,26392,26462,99.74
2018,17,1,,Ward of the Rings,RICHO,1716,,Danger Things,PMAC,1486,230,1,0,0,5,28,7,0,10,27063,27084,99.92
2018,17,2,,Post MaSloane,LESTER,1685,,VlastuinTrnslation,CHIEF,1754,-69,0,0,1,6,28,7,0,10,26284,27215,96.58
2018,17,1,,Danger Things,PMAC,1486,,Ward of the Rings,RICHO,1716,-230,0,0,1,7,24,6,0,11,26561,27032,98.26
2018,17,4,,Vodka Kreuzers,GARTER,1487,,Since U Been Gawn,MELONS,1840,-353,0,0,1,8,24,6,0,11,24738,26453,93.52
2018,18,4,,The Lyons King,KAPPAZ,1672,,Since U Been Gawn,MELONS,1630,42,1,0,0,1,52,13,0,5,29649,28092,105.54
2018,18,4,,Since U Been Gawn,MELONS,1630,,The Lyons King,KAPPAZ,1672,-42,0,0,1,2,48,12,0,6,29546,27911,105.86
2018,18,3,,VlastuinTrnslation,CHIEF,1546,,Vodka Kreuzers,GARTER,1584,-38,0,0,1,3,40,10,0,8,28549,28571,99.92
2018,18,2,,Crippstocurrency,JMERC,1644,,Ward of the Rings,RICHO,1494,150,1,0,0,4,36,9,0,9,28036,27956,100.29
2018,18,1,,Post MaSloane,LESTER,1766,,Danger Things,PMAC,1521,245,1,0,0,5,32,8,0,10,28050,28736,97.61
2018,18,2,,Ward of the Rings,RICHO,1494,,Crippstocurrency,JMERC,1644,-150,0,0,1,6,28,7,0,11,28557,28728,99.4
2018,18,3,,Vodka Kreuzers,GARTER,1584,,VlastuinTrnslation,CHIEF,1546,38,1,0,0,7,28,7,0,11,26322,27999,94.01
2018,18,1,,Danger Things,PMAC,1521,,Post MaSloane,LESTER,1766,-245,0,0,1,8,24,6,0,12,28082,28798,97.51
2018,19,4,,The Lyons King,KAPPAZ,1798,,VlastuinTrnslation,CHIEF,1600,198,1,0,0,1,56,14,0,5,31447,29692,105.91
2018,19,3,,Since U Been Gawn,MELONS,1858,,Ward of the Rings,RICHO,1485,373,1,0,0,2,52,13,0,6,31404,29396,106.83
2018,19,1,,Crippstocurrency,JMERC,1456,,Danger Things,PMAC,1418,38,1,0,0,3,40,10,0,9,29492,29374,100.4
2018,19,4,,VlastuinTrnslation,CHIEF,1600,,The Lyons King,KAPPAZ,1798,-198,0,0,1,4,40,10,0,9,30149,30369,99.28
2018,19,2,,Post MaSloane,LESTER,1590,,Vodka Kreuzers,GARTER,1537,53,1,0,0,5,36,9,0,10,29640,30273,97.91
2018,19,3,,Ward of the Rings,RICHO,1485,,Since U Been Gawn,MELONS,1858,-373,0,0,1,6,28,7,0,12,30042,30586,98.22
2018,19,2,,Vodka Kreuzers,GARTER,1537,,Post MaSloane,LESTER,1590,-53,0,0,1,7,28,7,0,12,27859,29589,94.15
2018,19,1,,Danger Things,PMAC,1418,,Crippstocurrency,JMERC,1456,-38,0,0,1,8,24,6,0,13,29500,30254,97.51
2018,20,3,,The Lyons King,KAPPAZ,1879,,Post MaSloane,LESTER,1578,301,1,0,0,1,60,15,0,5,33326,31270,106.57
2018,20,2,,Since U Been Gawn,MELONS,1726,,Crippstocurrency,JMERC,1636,90,1,0,0,2,56,14,0,6,33130,31032,106.76
2018,20,4,,VlastuinTrnslation,CHIEF,1729,,Ward of the Rings,RICHO,1608,121,1,0,0,3,44,11,0,9,31878,31977,99.69
2018,20,2,,Crippstocurrency,JMERC,1636,,Since U Been Gawn,MELONS,1726,-90,0,0,1,4,40,10,0,10,31128,31100,100.09
2018,20,3,,Post MaSloane,LESTER,1578,,The Lyons King,KAPPAZ,1879,-301,0,0,1,5,36,9,0,11,31218,32152,97.1
2018,20,1,,Vodka Kreuzers,GARTER,1577,,Danger Things,PMAC,1557,20,1,0,0,6,32,8,0,12,29436,31146,94.51
2018,20,4,,Ward of the Rings,RICHO,1608,,VlastuinTrnslation,CHIEF,1729,-121,0,0,1,7,28,7,0,13,31650,32315,97.94
2018,20,1,,Danger Things,PMAC,1557,,Vodka Kreuzers,GARTER,1577,-20,0,0,1,8,24,6,0,14,31057,31831,97.57
2018,21,2,,The Lyons King,KAPPAZ,1748,,Vodka Kreuzers,GARTER,1475,273,1,0,0,1,64,16,0,5,35074,32745,107.11
2018,21,1,,Since U Been Gawn,MELONS,1568,,Danger Things,PMAC,1596,-28,0,0,1,2,56,14,0,7,34698,32628,106.34
2018,21,3,,VlastuinTrnslation,CHIEF,1695,,Crippstocurrency,JMERC,1651,44,1,0,0,3,48,12,0,9,33573,33628,99.84
2018,21,3,,Crippstocurrency,JMERC,1651,,VlastuinTrnslation,CHIEF,1695,-44,0,0,1,4,40,10,0,11,32779,32795,99.95
2018,21,4,,Post MaSloane,LESTER,1789,,Ward of the Rings,RICHO,1666,123,1,0,0,5,40,10,0,11,33007,33818,97.6
2018,21,2,,Vodka Kreuzers,GARTER,1475,,The Lyons King,KAPPAZ,1748,-273,0,0,1,6,32,8,0,13,30911,32894,93.97
2018,21,1,,Danger Things,PMAC,1596,,Since U Been Gawn,MELONS,1568,28,1,0,0,7,28,7,0,14,32653,33399,97.77
2018,21,4,,Ward of the Rings,RICHO,1666,,Post MaSloane,LESTER,1789,-123,0,0,1,8,28,7,0,14,33316,34104,97.69
2018,22,1,,The Lyons King,KAPPAZ,1965,,Crippstocurrency,JMERC,1650,315,1,0,0,1,,,,,,,
2018,22,1,,Crippstocurrency,JMERC,1650,,The Lyons King,KAPPAZ,1965,-315,0,0,1,4,,,,,,,
2018,22,2,,VlastuinTrnslation,CHIEF,1747,,Since U Been Gawn,MELONS,1644,103,1,0,0,2,,,,,,,
2018,22,2,,Since U Been Gawn,MELONS,1644,,VlastuinTrnslation,CHIEF,1747,-103,0,0,1,3,,,,,,,
2018,23,1,,The Lyons King,KAPPAZ,1869,,VlastuinTrnslation,CHIEF,1804,65,1,0,0,1,,,,,,,
2018,23,1,,VlastuinTrnslation,CHIEF,1804,,The Lyons King,KAPPAZ,1869,-65,0,0,1,2,,,,,,,
2019,1,3,,Barbeques Treloar,CHIEF,1640,,Fire The Worpedo,GARTER,1499,141,1,0,0,1,4,1,0,0,1640,1499,109.41
2019,1,2,,DEVQON.1,LESTER,1742,,Swimming n Titch,RICHO,1595,147,1,0,0,2,4,1,0,0,1742,1595,109.22
2019,1,4,,Casting Crouch,JMERC,1718,,Man of Steele,KAPPAZ,1660,58,1,0,0,3,4,1,0,0,1718,1660,103.49
2019,1,1,,Salt&VinegarCripps,MELONS,1667,,TryingAnewStratton,PMAC,1627,40,1,0,0,4,4,1,0,0,1667,1627,102.46
2019,1,1,,TryingAnewStratton,PMAC,1627,,Salt&VinegarCripps,MELONS,1667,-40,0,0,1,5,0,0,0,1,1627,1667,97.6
2019,1,4,,Man of Steele,KAPPAZ,1660,,Casting Crouch,JMERC,1718,-58,0,0,1,6,0,0,0,1,1660,1718,96.62
2019,1,2,,Swimming n Titch,RICHO,1595,,DEVQON.1,LESTER,1742,-147,0,0,1,7,0,0,0,1,1595,1742,91.56
2019,1,3,,Fire The Worpedo,GARTER,1499,,Barbeques Treloar,CHIEF,1640,-141,0,0,1,8,0,0,0,1,1499,1640,91.4
2019,2,2,,Barbeques Treloar,CHIEF,1745,,Salt&VinegarCripps,MELONS,1542,203,1,0,0,1,8,2,0,0,3385,3041,111.31
2019,2,3,,DEVQON.1,LESTER,1662,,Man of Steele,KAPPAZ,1672,-10,0,0,1,2,4,1,0,1,3404,3267,104.19
2019,2,4,,Casting Crouch,JMERC,1659,,Fire The Worpedo,GARTER,1684,-25,0,0,1,3,4,1,0,1,3377,3344,100.99
2019,2,3,,Man of Steele,KAPPAZ,1672,,DEVQON.1,LESTER,1662,10,1,0,0,4,4,1,0,1,3332,3380,98.58
2019,2,4,,Fire The Worpedo,GARTER,1684,,Casting Crouch,JMERC,1659,25,1,0,0,5,4,1,0,1,3183,3299,96.48
2019,2,1,,Swimming n Titch,RICHO,1547,,TryingAnewStratton,PMAC,1526,21,1,0,0,6,4,1,0,1,3142,3268,96.14
2019,2,2,,Salt&VinegarCripps,MELONS,1542,,Barbeques Treloar,CHIEF,1745,-203,0,0,1,7,4,1,0,1,3209,3372,95.17
2019,2,1,,TryingAnewStratton,PMAC,1526,,Swimming n Titch,RICHO,1547,-21,0,0,1,8,0,0,0,2,3153,3214,98.1
2019,3,4,,DEVQON.1,LESTER,1751,,Fire The Worpedo,GARTER,1499,252,1,0,0,1,8,2,0,1,5155,4766,108.16
2019,3,3,,Casting Crouch,JMERC,1716,,Salt&VinegarCripps,MELONS,1599,117,1,0,0,2,8,2,0,1,5093,4943,103.03
2019,3,1,,Barbeques Treloar,CHIEF,1407,,TryingAnewStratton,PMAC,1692,-285,0,0,1,3,8,2,0,1,4792,4733,101.25
2019,3,2,,Man of Steele,KAPPAZ,1750,,Swimming n Titch,RICHO,1721,29,1,0,0,4,8,2,0,1,5082,5101,99.63
2019,3,1,,TryingAnewStratton,PMAC,1692,,Barbeques Treloar,CHIEF,1407,285,1,0,0,5,4,1,0,2,4845,4621,104.85
2019,3,2,,Swimming n Titch,RICHO,1721,,Man of Steele,KAPPAZ,1750,-29,0,0,1,6,4,1,0,2,4863,5018,96.91
2019,3,3,,Salt&VinegarCripps,MELONS,1599,,Casting Crouch,JMERC,1716,-117,0,0,1,7,4,1,0,2,4808,5088,94.5
2019,3,4,,Fire The Worpedo,GARTER,1499,,DEVQON.1,LESTER,1751,-252,0,0,1,8,4,1,0,2,4682,5050,92.71
2019,4,4,,DEVQON.1,LESTER,1706,,Salt&VinegarCripps,MELONS,1523,183,1,0,0,1,12,3,0,1,6861,6289,109.1
2019,4,2,,Casting Crouch,JMERC,1586,,Barbeques Treloar,CHIEF,1340,246,1,0,0,2,12,3,0,1,6679,6283,106.3
2019,4,1,,Man of Steele,KAPPAZ,1824,,TryingAnewStratton,PMAC,1647,177,1,0,0,3,12,3,0,1,6906,6748,102.34
2019,4,3,,Swimming n Titch,RICHO,1629,,Fire The Worpedo,GARTER,1567,62,1,0,0,4,8,2,0,2,6492,6585,98.59
2019,4,2,,Barbeques Treloar,CHIEF,1340,,Casting Crouch,JMERC,1586,-246,0,0,1,5,8,2,0,2,6132,6319,97.04
2019,4,1,,TryingAnewStratton,PMAC,1647,,Man of Steele,KAPPAZ,1824,-177,0,0,1,6,4,1,0,3,6492,6445,100.73
2019,4,3,,Fire The Worpedo,GARTER,1567,,Swimming n Titch,RICHO,1629,-62,0,0,1,7,4,1,0,3,6249,6679,93.56
2019,4,4,,Salt&VinegarCripps,MELONS,1523,,DEVQON.1,LESTER,1706,-183,0,0,1,8,4,1,0,3,6331,6794,93.19
2019,5,2,,Man of Steele,KAPPAZ,1594,,Fire The Worpedo,GARTER,1541,53,1,0,0,1,16,4,0,1,8500,8289,102.55
2019,5,3,,DEVQON.1,LESTER,1405,,Barbeques Treloar,CHIEF,1555,-150,0,0,1,2,12,3,0,2,8266,7844,105.38
2019,5,1,,Casting Crouch,JMERC,1564,,TryingAnewStratton,PMAC,1806,-242,0,0,1,3,12,3,0,2,8243,8089,101.9
2019,5,3,,Barbeques Treloar,CHIEF,1555,,DEVQON.1,LESTER,1405,150,1,0,0,4,12,3,0,2,7687,7724,99.52
2019,5,1,,TryingAnewStratton,PMAC,1806,,Casting Crouch,JMERC,1564,242,1,0,0,5,8,2,0,3,8298,8009,103.61
2019,5,4,,Swimming n Titch,RICHO,1580,,Salt&VinegarCripps,MELONS,1649,-69,0,0,1,6,8,2,0,3,8072,8234,98.03
2019,5,4,,Salt&VinegarCripps,MELONS,1649,,Swimming n Titch,RICHO,1580,69,1,0,0,7,8,2,0,3,7980,8374,95.29
2019,5,2,,Fire The Worpedo,GARTER,1541,,Man of Steele,KAPPAZ,1594,-53,0,0,1,8,4,1,0,4,7790,8273,94.16
2019,6,3,,Man of Steele,KAPPAZ,1808,,Salt&VinegarCripps,MELONS,1562,246,1,0,0,1,20,5,0,1,10308,9851,104.64
2019,6,2,,DEVQON.1,LESTER,1636,,Casting Crouch,JMERC,1605,31,1,0,0,2,16,4,0,2,9902,9449,104.79
2019,6,4,,Barbeques Treloar,CHIEF,1787,,Swimming n Titch,RICHO,1417,370,1,0,0,3,16,4,0,2,9474,9141,103.64
2019,6,1,,TryingAnewStratton,PMAC,1746,,Fire The Worpedo,GARTER,1503,243,1,0,0,4,12,3,0,3,10044,9512,105.59
2019,6,2,,Casting Crouch,JMERC,1605,,DEVQON.1,LESTER,1636,-31,0,0,1,5,12,3,0,3,9848,9725,101.26
2019,6,4,,Swimming n Titch,RICHO,1417,,Barbeques Treloar,CHIEF,1787,-370,0,0,1,6,8,2,0,4,9489,10021,94.69
2019,6,3,,Salt&VinegarCripps,MELONS,1562,,Man of Steele,KAPPAZ,1808,-246,0,0,1,7,8,2,0,4,9542,10182,93.71
2019,6,1,,Fire The Worpedo,GARTER,1503,,TryingAnewStratton,PMAC,1746,-243,0,0,1,8,4,1,0,5,9293,10019,92.75
2019,7,4,,Man of Steele,KAPPAZ,1720,,Barbeques Treloar,CHIEF,1547,173,1,0,0,1,24,6,0,1,12028,11398,105.53
2019,7,1,,DEVQON.1,LESTER,1662,,TryingAnewStratton,PMAC,1533,129,1,0,0,2,20,5,0,2,11564,10982,105.3
2019,7,4,,Barbeques Treloar,CHIEF,1547,,Man of Steele,KAPPAZ,1720,-173,0,0,1,3,16,4,0,3,11021,10861,101.47
2019,7,1,,TryingAnewStratton,PMAC,1533,,DEVQON.1,LESTER,1662,-129,0,0,1,4,12,3,0,4,11577,11174,103.61
2019,7,3,,Casting Crouch,JMERC,1529,,Swimming n Titch,RICHO,1554,-25,0,0,1,5,12,3,0,4,11377,11279,100.87
2019,7,2,,Salt&VinegarCripps,MELONS,1762,,Fire The Worpedo,GARTER,1453,309,1,0,0,6,12,3,0,4,11304,11635,97.16
2019,7,3,,Swimming n Titch,RICHO,1554,,Casting Crouch,JMERC,1529,25,1,0,0,7,12,3,0,4,11043,11550,95.61
2019,7,2,,Fire The Worpedo,GARTER,1453,,Salt&VinegarCripps,MELONS,1762,-309,0,0,1,8,4,1,0,6,10746,11781,91.21
2019,8,4,,Man of Steele,KAPPAZ,1717,,Casting Crouch,JMERC,1549,168,1,0,0,1,28,7,0,1,13745,12947,106.16
2019,8,2,,DEVQON.1,LESTER,1884,,Swimming n Titch,RICHO,1509,375,1,0,0,2,24,6,0,2,13448,12491,107.66
2019,8,1,,TryingAnewStratton,PMAC,1687,,Salt&VinegarCripps,MELONS,1508,179,1,0,0,3,16,4,0,4,13264,12682,104.59
2019,8,3,,Barbeques Treloar,CHIEF,1523,,Fire The Worpedo,GARTER,1583,-60,0,0,1,4,16,4,0,4,12544,12444,100.8
2019,8,4,,Casting Crouch,JMERC,1549,,Man of Steele,KAPPAZ,1717,-168,0,0,1,5,12,3,0,5,12926,12996,99.46
2019,8,1,,Salt&VinegarCripps,MELONS,1508,,TryingAnewStratton,PMAC,1687,-179,0,0,1,6,12,3,0,5,12812,13322,96.17
2019,8,2,,Swimming n Titch,RICHO,1509,,DEVQON.1,LESTER,1884,-375,0,0,1,7,12,3,0,5,12552,13434,93.43
2019,8,3,,Fire The Worpedo,GARTER,1583,,Barbeques Treloar,CHIEF,1523,60,1,0,0,8,8,2,0,6,12329,13304,92.67
2019,9,3,,Man of Steele,KAPPAZ,1839,,DEVQON.1,LESTER,1765,74,1,0,0,1,32,8,0,1,15584,14712,105.93
2019,9,3,,DEVQON.1,LESTER,1765,,Man of Steele,KAPPAZ,1839,-74,0,0,1,2,24,6,0,3,15213,14330,106.16
2019,9,1,,TryingAnewStratton,PMAC,1717,,Swimming n Titch,RICHO,1632,85,1,0,0,3,20,5,0,4,14981,14314,104.66
2019,9,2,,Barbeques Treloar,CHIEF,1507,,Salt&VinegarCripps,MELONS,1605,-98,0,0,1,4,16,4,0,5,14051,14049,100.01
2019,9,2,,Salt&VinegarCripps,MELONS,1605,,Barbeques Treloar,CHIEF,1507,98,1,0,0,5,16,4,0,5,14417,14829,97.22
2019,9,4,,Casting Crouch,JMERC,1405,,Fire The Worpedo,GARTER,1812,-407,0,0,1,6,12,3,0,6,14331,14808,96.78
2019,9,4,,Fire The Worpedo,GARTER,1812,,Casting Crouch,JMERC,1405,407,1,0,0,7,12,3,0,6,14141,14709,96.14
2019,9,1,,Swimming n Titch,RICHO,1632,,TryingAnewStratton,PMAC,1717,-85,0,0,1,8,12,3,0,6,14184,15151,93.62
2019,10,2,,Man of Steele,KAPPAZ,1632,,Swimming n Titch,RICHO,1746,-114,0,0,1,1,32,8,0,2,17216,16458,104.61
2019,10,4,,DEVQON.1,LESTER,1471,,Fire The Worpedo,GARTER,1641,-170,0,0,1,2,24,6,0,4,16684,15971,104.46
2019,10,1,,TryingAnewStratton,PMAC,1720,,Barbeques Treloar,CHIEF,1686,34,1,0,0,3,24,6,0,4,16701,16000,104.38
2019,10,3,,Salt&VinegarCripps,MELONS,1627,,Casting Crouch,JMERC,1386,241,1,0,0,4,20,5,0,5,16044,16215,98.95
2019,10,1,,Barbeques Treloar,CHIEF,1686,,TryingAnewStratton,PMAC,1720,-34,0,0,1,5,16,4,0,6,15737,15769,99.8
2019,10,4,,Fire The Worpedo,GARTER,1641,,DEVQON.1,LESTER,1471,170,1,0,0,6,16,4,0,6,15782,16180,97.54
2019,10,2,,Swimming n Titch,RICHO,1746,,Man of Steele,KAPPAZ,1632,114,1,0,0,7,16,4,0,6,15930,16783,94.92
2019,10,3,,Casting Crouch,JMERC,1386,,Salt&VinegarCripps,MELONS,1627,-241,0,0,1,8,12,3,0,7,15717,16435,95.63
2019,11,1,,Man of Steele,KAPPAZ,1597,,TryingAnewStratton,PMAC,1874,-277,0,0,1,1,32,8,0,3,18813,18332,102.62
2019,11,1,,TryingAnewStratton,PMAC,1874,,Man of Steele,KAPPAZ,1597,277,1,0,0,2,28,7,0,4,18575,17597,105.56
2019,11,4,,DEVQON.1,LESTER,1644,,Salt&VinegarCripps,MELONS,1691,-47,0,0,1,3,24,6,0,5,18328,17662,103.77
2019,11,4,,Salt&VinegarCripps,MELONS,1691,,DEVQON.1,LESTER,1644,47,1,0,0,4,24,6,0,5,17735,17859,99.31
2019,11,2,,Barbeques Treloar,CHIEF,1551,,Casting Crouch,JMERC,1448,103,1,0,0,5,20,5,0,6,17288,17217,100.41
2019,11,3,,Fire The Worpedo,GARTER,1730,,Swimming n Titch,RICHO,1551,179,1,0,0,6,20,5,0,6,17512,17731,98.76
2019,11,3,,Swimming n Titch,RICHO,1551,,Fire The Worpedo,GARTER,1730,-179,0,0,1,7,16,4,0,7,17481,18513,94.43
2019,11,2,,Casting Crouch,JMERC,1448,,Barbeques Treloar,CHIEF,1551,-103,0,0,1,8,12,3,0,8,17165,17986,95.44
2019,12,2,,Man of Steele,KAPPAZ,1020,,Fire The Worpedo,GARTER,1256,-236,0,0,1,1,32,8,0,4,19833,19588,101.25
2019,12,1,,TryingAnewStratton,PMAC,1053,,Casting Crouch,JMERC,1262,-209,0,0,1,2,28,7,0,5,19628,18859,104.08
2019,12,4,,Salt&VinegarCripps,MELONS,1596,,Swimming n Titch,RICHO,1465,131,1,0,0,3,28,7,0,5,19331,19324,100.04
2019,12,3,,Barbeques Treloar,CHIEF,1603,,DEVQON.1,LESTER,1280,323,1,0,0,4,24,6,0,6,18891,18497,102.13
2019,12,3,,DEVQON.1,LESTER,1280,,Barbeques Treloar,CHIEF,1603,-323,0,0,1,5,24,6,0,6,19608,19265,101.78
2019,12,2,,Fire The Worpedo,GARTER,1256,,Man of Steele,KAPPAZ,1020,236,1,0,0,6,24,6,0,6,18768,18751,100.09
2019,12,1,,Casting Crouch,JMERC,1262,,TryingAnewStratton,PMAC,1053,209,1,0,0,7,16,4,0,8,18427,19039,96.79
2019,12,4,,Swimming n Titch,RICHO,1465,,Salt&VinegarCripps,MELONS,1596,-131,0,0,1,8,16,4,0,8,18946,20109,94.22
2019,13,1,,TryingAnewStratton,PMAC,1395,,Fire The Worpedo,GARTER,1225,170,1,0,0,1,32,8,0,5,21023,20084,104.68
2019,13,3,,Salt&VinegarCripps,MELONS,1288,,Man of Steele,KAPPAZ,1133,155,1,0,0,2,32,8,0,5,20619,20457,100.79
2019,13,3,,Man of Steele,KAPPAZ,1133,,Salt&VinegarCripps,MELONS,1288,-155,0,0,1,3,32,8,0,5,20966,20876,100.43
2019,13,2,,DEVQON.1,LESTER,1353,,Casting Crouch,JMERC,1418,-65,0,0,1,4,24,6,0,7,20961,20683,101.34
2019,13,4,,Barbeques Treloar,CHIEF,1326,,Swimming n Titch,RICHO,1467,-141,0,0,1,5,24,6,0,7,20217,19964,101.27
2019,13,1,,Fire The Worpedo,GARTER,1225,,TryingAnewStratton,PMAC,1395,-170,0,0,1,6,24,6,0,7,19993,20146,99.24
2019,13,2,,Casting Crouch,JMERC,1418,,DEVQON.1,LESTER,1353,65,1,0,0,7,20,5,0,8,19845,20392,97.32
2019,13,4,,Swimming n Titch,RICHO,1467,,Barbeques Treloar,CHIEF,1326,141,1,0,0,8,20,5,0,8,20413,21435,95.23
2019,14,1,,TryingAnewStratton,PMAC,1374,,DEVQON.1,LESTER,1365,9,1,0,0,1,36,9,0,5,22397,21449,104.42
2019,14,4,,Man of Steele,KAPPAZ,1465,,Barbeques Treloar,CHIEF,827,638,1,0,0,2,36,9,0,5,22431,21703,103.35
2019,14,2,,Salt&VinegarCripps,MELONS,1360,,Fire The Worpedo,GARTER,1284,76,1,0,0,3,36,9,0,5,21979,21741,101.09
2019,14,1,,DEVQON.1,LESTER,1365,,TryingAnewStratton,PMAC,1374,-9,0,0,1,4,24,6,0,8,22326,22057,101.22
2019,14,2,,Fire The Worpedo,GARTER,1284,,Salt&VinegarCripps,MELONS,1360,-76,0,0,1,5,24,6,0,8,21277,21506,98.94
2019,14,4,,Barbeques Treloar,CHIEF,827,,Man of Steele,KAPPAZ,1465,-638,0,0,1,6,24,6,0,8,21044,21429,98.2
2019,14,3,,Swimming n Titch,RICHO,1624,,Casting Crouch,JMERC,1486,138,1,0,0,7,24,6,0,8,22037,22921,96.14
2019,14,3,,Casting Crouch,JMERC,1486,,Swimming n Titch,RICHO,1624,-138,0,0,1,8,20,5,0,9,21331,22016,96.89
2019,15,1,,TryingAnewStratton,PMAC,1525,,Salt&VinegarCripps,MELONS,1517,8,1,0,0,1,40,10,0,5,23922,22966,104.16
2019,15,4,,Man of Steele,KAPPAZ,1663,,Casting Crouch,JMERC,1548,115,1,0,0,2,40,10,0,5,24094,23251,103.63
2019,15,1,,Salt&VinegarCripps,MELONS,1517,,TryingAnewStratton,PMAC,1525,-8,0,0,1,3,36,9,0,6,23496,23266,100.99
2019,15,2,,DEVQON.1,LESTER,1845,,Swimming n Titch,RICHO,1684,161,1,0,0,4,28,7,0,8,24171,23741,101.81
2019,15,3,,Fire The Worpedo,GARTER,1608,,Barbeques Treloar,CHIEF,1569,39,1,0,0,5,28,7,0,8,22885,23075,99.18
2019,15,3,,Barbeques Treloar,CHIEF,1569,,Fire The Worpedo,GARTER,1608,-39,0,0,1,6,24,6,0,9,22613,23037,98.16
2019,15,2,,Swimming n Titch,RICHO,1684,,DEVQON.1,LESTER,1845,-161,0,0,1,7,24,6,0,9,23721,24766,95.78
2019,15,4,,Casting Crouch,JMERC,1548,,Man of Steele,KAPPAZ,1663,-115,0,0,1,8,20,5,0,10,22879,23679,96.62
2019,16,1,,TryingAnewStratton,PMAC,1796,,Swimming n Titch,RICHO,1738,58,1,0,0,1,44,11,0,5,25718,24704,104.1
2019,16,3,,Man of Steele,KAPPAZ,1582,,DEVQON.1,LESTER,1521,61,1,0,0,2,44,11,0,5,25676,24772,103.65
2019,16,2,,Salt&VinegarCripps,MELONS,1787,,Barbeques Treloar,CHIEF,1525,262,1,0,0,3,40,10,0,6,25283,24791,101.98
2019,16,3,,DEVQON.1,LESTER,1521,,Man of Steele,KAPPAZ,1582,-61,0,0,1,4,28,7,0,9,25692,25323,101.46
2019,16,4,,Fire The Worpedo,GARTER,1370,,Casting Crouch,JMERC,1610,-240,0,0,1,5,28,7,0,9,24255,24685,98.26
2019,16,4,,Casting Crouch,JMERC,1610,,Fire The Worpedo,GARTER,1370,240,1,0,0,6,24,6,0,10,24489,25049,97.76
2019,16,2,,Barbeques Treloar,CHIEF,1525,,Salt&VinegarCripps,MELONS,1787,-262,0,0,1,7,24,6,0,10,24138,24824,97.24
2019,16,1,,Swimming n Titch,RICHO,1738,,TryingAnewStratton,PMAC,1796,-58,0,0,1,8,24,6,0,10,25459,26562,95.85
2019,17,2,,Man of Steele,KAPPAZ,1667,,Swimming n Titch,RICHO,1526,141,1,0,0,1,48,12,0,5,27343,26298,103.97
2019,17,1,,TryingAnewStratton,PMAC,1667,,Barbeques Treloar,CHIEF,1639,28,1,0,0,2,48,12,0,5,27385,26343,103.96
2019,17,3,,Salt&VinegarCripps,MELONS,1262,,Casting Crouch,JMERC,1564,-302,0,0,1,3,40,10,0,7,26545,26355,100.72
2019,17,4,,Fire The Worpedo,GARTER,1791,,DEVQON.1,LESTER,1625,166,1,0,0,4,32,8,0,9,26046,26310,99
2019,17,4,,DEVQON.1,LESTER,1625,,Fire The Worpedo,GARTER,1791,-166,0,0,1,5,28,7,0,10,27317,27114,100.75
2019,17,3,,Casting Crouch,JMERC,1564,,Salt&VinegarCripps,MELONS,1262,302,1,0,0,6,28,7,0,10,26053,26311,99.02
2019,17,1,,Barbeques Treloar,CHIEF,1639,,TryingAnewStratton,PMAC,1667,-28,0,0,1,7,24,6,0,11,25777,26491,97.3
2019,17,2,,Swimming n Titch,RICHO,1526,,Man of Steele,KAPPAZ,1667,-141,0,0,1,8,24,6,0,11,26985,28229,95.59
2019,18,1,,TryingAnewStratton,PMAC,1624,,Man of Steele,KAPPAZ,1600,24,1,0,0,1,52,13,0,5,29009,27943,103.81
2019,18,1,,Man of Steele,KAPPAZ,1600,,TryingAnewStratton,PMAC,1624,-24,0,0,1,2,48,12,0,6,28943,27922,103.66
2019,18,4,,Salt&VinegarCripps,MELONS,1558,,DEVQON.1,LESTER,1623,-65,0,0,1,3,40,10,0,8,28103,27978,100.45
2019,18,3,,Fire The Worpedo,GARTER,1727,,Swimming n Titch,RICHO,1654,73,1,0,0,4,36,9,0,9,27773,27964,99.32
2019,18,4,,DEVQON.1,LESTER,1623,,Salt&VinegarCripps,MELONS,1558,65,1,0,0,5,32,8,0,10,28940,28672,100.93
2019,18,2,,Casting Crouch,JMERC,1594,,Barbeques Treloar,CHIEF,1357,237,1,0,0,6,32,8,0,10,27647,27668,99.92
2019,18,2,,Barbeques Treloar,CHIEF,1357,,Casting Crouch,JMERC,1594,-237,0,0,1,7,24,6,0,12,27134,28085,96.61
2019,18,3,,Swimming n Titch,RICHO,1654,,Fire The Worpedo,GARTER,1727,-73,0,0,1,8,24,6,0,12,28639,29956,95.6
2019,19,2,,Man of Steele,KAPPAZ,1911,,Fire The Worpedo,GARTER,1692,219,1,0,0,1,52,13,0,6,30854,29614,104.19
2019,19,1,,TryingAnewStratton,PMAC,1434,,Casting Crouch,JMERC,1569,-135,0,0,1,2,52,13,0,6,30443,29512,103.15
2019,19,4,,Salt&VinegarCripps,MELONS,1686,,Swimming n Titch,RICHO,1829,-143,0,0,1,3,40,10,0,9,29789,29807,99.94
2019,19,3,,DEVQON.1,LESTER,1580,,Barbeques Treloar,CHIEF,1539,41,1,0,0,4,36,9,0,10,30520,30211,101.02
2019,19,1,,Casting Crouch,JMERC,1569,,TryingAnewStratton,PMAC,1434,135,1,0,0,5,36,9,0,10,29216,29102,100.39
2019,19,2,,Fire The Worpedo,GARTER,1692,,Man of Steele,KAPPAZ,1911,-219,0,0,1,6,36,9,0,10,29465,29875,98.63
2019,19,4,,Swimming n Titch,RICHO,1829,,Salt&VinegarCripps,MELONS,1686,143,1,0,0,7,28,7,0,12,30468,31642,96.29
2019,19,3,,Barbeques Treloar,CHIEF,1539,,DEVQON.1,LESTER,1580,-41,0,0,1,8,24,6,0,13,28673,29665,96.66
2019,20,1,,TryingAnewStratton,PMAC,1652,,Fire The Worpedo,GARTER,1623,29,1,0,0,1,56,14,0,6,32095,31135,103.08
2019,20,3,,Man of Steele,KAPPAZ,1684,,Salt&VinegarCripps,MELONS,1694,-10,0,0,1,2,52,13,0,7,32538,31308,103.93
2019,20,3,,Salt&VinegarCripps,MELONS,1694,,Man of Steele,KAPPAZ,1684,10,1,0,0,3,44,11,0,9,31483,31491,99.97
2019,20,2,,Casting Crouch,JMERC,1809,,DEVQON.1,LESTER,1631,178,1,0,0,4,40,10,0,10,31025,30733,100.95
2019,20,2,,DEVQON.1,LESTER,1631,,Casting Crouch,JMERC,1809,-178,0,0,1,5,36,9,0,11,32151,32020,100.41
2019,20,1,,Fire The Worpedo,GARTER,1623,,TryingAnewStratton,PMAC,1652,-29,0,0,1,6,36,9,0,11,31088,31527,98.61
2019,20,4,,Swimming n Titch,RICHO,1508,,Barbeques Treloar,CHIEF,1474,34,1,0,0,7,32,8,0,12,31976,33116,96.56
2019,20,4,,Barbeques Treloar,CHIEF,1474,,Swimming n Titch,RICHO,1508,-34,0,0,1,8,24,6,0,14,30147,31173,96.71
2019,21,1,,TryingAnewStratton,PMAC,1637,,DEVQON.1,LESTER,1383,254,1,0,0,1,60,15,0,6,33732,32518,103.73
2019,21,4,,Man of Steele,KAPPAZ,1559,,Barbeques Treloar,CHIEF,1624,-65,0,0,1,2,52,13,0,8,34097,32932,103.54
2019,21,2,,Salt&VinegarCripps,MELONS,1770,,Fire The Worpedo,GARTER,1713,57,1,0,0,3,48,12,0,9,33253,33204,100.15
2019,21,3,,Casting Crouch,JMERC,1618,,Swimming n Titch,RICHO,1777,-159,0,0,1,4,40,10,0,11,32643,32510,100.41
2019,21,1,,DEVQON.1,LESTER,1383,,TryingAnewStratton,PMAC,1637,-254,0,0,1,5,36,9,0,12,33534,33657,99.63
2019,21,2,,Fire The Worpedo,GARTER,1713,,Salt&VinegarCripps,MELONS,1770,-57,0,0,1,6,36,9,0,12,32801,33297,98.51
2019,21,3,,Swimming n Titch,RICHO,1777,,Casting Crouch,JMERC,1618,159,1,0,0,7,36,9,0,12,33753,34734,97.18
2019,21,4,,Barbeques Treloar,CHIEF,1624,,Man of Steele,KAPPAZ,1559,65,1,0,0,8,28,7,0,14,31771,32732,97.06
2019,22,1,,TryingAnewStratton,PMAC,1657,,Casting Crouch,JMERC,1610,47,1,0,0,1,,,,,,,
2019,22,2,,Man of Steele,KAPPAZ,1700,,Salt&VinegarCripps,MELONS,1662,38,1,0,0,2,,,,,,,
2019,22,2,,Salt&VinegarCripps,MELONS,1662,,Man of Steele,KAPPAZ,1700,-38,0,0,1,3,,,,,,,
2019,22,1,,Casting Crouch,JMERC,1610,,TryingAnewStratton,PMAC,1657,-47,0,0,1,4,,,,,,,
2019,23,1,,TryingAnewStratton,PMAC,1760,,Man of Steele,KAPPAZ,1833,-73,0,0,1,2,,,,,,,
2019,23,1,,Man of Steele,KAPPAZ,1833,,TryingAnewStratton,PMAC,1760,73,1,0,0,1,,,,,,,