id,feed_id,player_name,last_name,team,pos,avg,avg3,avg5,Median,user_team_id,user,Bye,,user_team_id,,,team,
443,290528,M.Gawn,Gawn,MEL,RUC,130.556,128,130.2,133.5,713,Pmac,14,,713,Pmac,,ADE,115
293,1009208,M.Rowell,Rowell,GCS,MID,118.333,94.6667,109,132,719,Kappaz,14,,714,Richo,,BRL,12
666,298539,I.Heeney,Heeney,SYD,FWD/MID,129.556,115.667,122,132,716,Garter,12,,715,Melons,,CAR,14
242,1009420,C.Serong,Serong,FRE,MID,131.556,142.333,130.8,131,713,Pmac,13,,716,Garter,,COL,15
138,1023261,N.Daicos,Daicos,COL,DEF/MID,121.333,141.667,132,129.5,719,Kappaz,15,,717,Lester,,ESS,14
241,998659,L.Ryan,Ryan,FRE,DEF,131.222,138,129.6,128.5,718,Chief,13,,718,Chief,,FRE,13
197,992016,Z.Merrett,Merrett,ESS,MID,121.333,116.333,113.2,127,716,Garter,14,,719,Kappaz,,GCS,14
695,297373,M.Bontempelli,Bontempelli,WBD,MID,121.111,126.333,115.4,125.5,714,Richo,15,,720,Jmerc,,GEE,14
706,1004592,T.English,English,WBD,RUC,114,118.667,105.6,121.5,718,Chief,15,,,,,GWS,12
526,1006121,Z.Butters,Butters,PTA,MID,124.333,117.667,122,121.5,713,Pmac,13,,,,,HAW,15
362,1009528,T.Green,Green,GWS,MID,107.111,93.3333,86.8,120.5,719,Kappaz,12,,,,,MEL,14
273,1009260,S.Flanders,Flanders,GCS,MID/FWD,116.222,113.667,113.4,120,720,Jmerc,14,,,,,NTH,12
640,296205,J.Steele,Steele,STK,MID,115.333,101.333,106.2,119.5,714,Richo,15,,,,,PTA,13
204,998215,W.Setterfield,Setterfield,ESS,MID,106,106,106,119,716,Garter,14,,,,,RIC,15
509,1023518,H.Sheezel,Sheezel,NTH,DEF,114.556,89,107.2,118.5,715,Melons,12,,,,,STK,15
193,1012013,N.Martin,Martin,ESS,DEF/MID,107.556,109.667,108.6,118,713,Pmac,14,,,,,SYD,12
126,1006094,S.Walsh,Walsh,CAR,MID,122,104.667,122,117,720,Jmerc,14,,,,,WBD,15
54,993834,J.Dunkley,Dunkley,BRL,MID,113.778,124,118.4,116.5,720,Jmerc,12,,,,,WCE,14
286,298272,T.Miller,Miller,GCS,MID,115.778,121.333,117,115.5,713,Pmac,14,,,,,,
619,990840,J.Hayes,Hayes,STK,FWD,67.5,67.5,67.5,115,716,Garter,15,,,,,,
20,293222,R.Laird,Laird,ADE,MID,109.667,120.667,103.2,113.5,718,Chief,15,,,,,,
72,293535,L.Neale,Neale,BRL,MID,112.75,106,107.2,112,714,Richo,12,,,,,,
355,291969,S.Coniglio,Coniglio,GWS,MID,98.5,91.3333,96,111,714,Richo,12,,,,,,
779,292128,E.Yeo,Yeo,WCE,DEF/MID,113.125,110,123.4,111,720,Jmerc,14,,,,,,
603,294674,N.Vlastuin,Vlastuin,RIC,DEF,103.667,95.6667,88.6,110.5,714,Richo,15,,,,,,
86,261224,D.Zorko,Zorko,BRL,MID/FWD,109.444,111,115.8,110.5,715,Melons,12,,,,,,
301,291975,J.Witts,Witts,GCS,RUC,103.875,105.667,108.4,110,717,Lester,14,,,,,,
257,1009199,N.Anderson,Anderson,GCS,MID,106.222,104.333,103.6,110,717,Lester,14,,,,,,
7,297401,M.Crouch,Crouch,ADE,MID,107.625,107,101.8,110,720,Jmerc,15,,,,,,
389,294305,L.Whitfield,Whitfield,GWS,DEF,101.111,93,94.6,108.5,717,Lester,12,,,,,,
537,994295,D.Houston,Houston,PTA,DEF,109.333,96.3333,110.2,107.5,714,Richo,13,,,,,,
518,1004965,T.Xerri,Xerri,NTH,RUC,108.111,106,110.6,107.5,720,Jmerc,12,,,,,,
629,992468,R.Marshall,Marshall,STK,RUC,107.111,111.333,101,106.5,720,Jmerc,15,,,,,,
67,1000978,H.McCluggage,McCluggage,BRL,MID,104,104.333,105.8,106.5,715,Melons,12,,,,,,
662,293957,B.Grundy,Grundy,SYD,RUC,111.333,109.333,115.8,106.5,719,Kappaz,12,,,,,,
218,1006152,J.Clark,Clark,FRE,DEF,97.7778,83.6667,90,106.5,719,Kappaz,13,,,,,,
97,990704,P.Cripps,Cripps,CAR,MID,109.778,105.333,113.6,105.5,719,Kappaz,14,,,,,,
123,298290,M.Pittonet,Pittonet,CAR,RUC,93,105.667,93,105.5,714,Richo,14,,,,,,
215,1002232,A.Brayshaw,Brayshaw,FRE,MID,105.667,103.667,101,105,715,Melons,13,,,,,,
766,294859,J.McGovern,McGovern,WCE,DEF,106.889,101.333,95.2,105,713,Pmac,14,,,,,,
342,291800,T.Stewart,Stewart,GEE,DEF,96.625,83.3333,87,104,720,Jmerc,14,,,,,,
255,1009256,H.Young,Young,FRE,DEF/MID,96.1111,96.3333,96.4,104,717,Lester,13,,,,,,
106,294036,G.Hewett,Hewett,CAR,MID,92.8889,70.6667,85.4,104,716,Garter,14,,,,,,
663,1013128,E.Gulden,Gulden,SYD,MID,104.111,100.667,105.8,103.5,713,Pmac,12,,,,,,
730,291790,A.Treloar,Treloar,WBD,MID,114.667,118,120.8,103.5,718,Chief,15,,,,,,
44,996059,H.Andrews,Andrews,BRL,DEF,98.6667,103.333,101.2,103.5,713,Pmac,12,,,,,,
451,281085,S.May,May,MEL,DEF,93.25,113,103.2,103,715,Melons,14,,,,,,
459,298210,C.Petracca,Petracca,MEL,MID,110,107,104,102.5,717,Lester,14,,,,,,
221,998145,S.Darcy,Darcy,FRE,RUC,96,96,96,102,718,Chief,13,,,,,,
133,990291,D.Cameron,Cameron,COL,RUC,93.2222,86.6667,96,102,715,Melons,15,,,,,,
413,1000980,L.Meek,Meek,HAW,RUC,104.714,112.333,103,101.5,713,Pmac,15,,,,,,
690,1012014,Ch.Warner,Warner,SYD,MID,103.222,111.333,102.2,101,717,Lester,12,,,,,,
415,1006314,D.Moore,Moore,HAW,FWD,92.1111,117.333,104.8,101,717,Lester,15,,,,,,
372,296347,J.Kelly,Kelly,GWS,MID,104.778,107,111.4,100.5,716,Garter,12,,,,,,
601,998172,T.Taranto,Taranto,RIC,MID,94.8,106.667,106.25,100,718,Chief,15,,,,,,
717,290799,T.Liberatore,Liberatore,WBD,MID,106.833,112,109.8,99.5,717,Lester,15,,,,,,
560,294318,O.Wines,Wines,PTA,MID,106.375,127.667,112.4,99,719,Kappaz,13,,,,,,
702,996708,B.Dale,Dale,WBD,DEF,96.4444,117,107.6,98,715,Melons,15,,,,,,
749,298268,L.Duggan,Duggan,WCE,DEF,96.6667,104,94.6,98,719,Kappaz,14,,,,,,
652,1006028,N.Blakey,Blakey,SYD,DEF,101.556,90.6667,104.4,98,716,Garter,12,,,,,,
16,1004863,M.Hinge,Hinge,ADE,DEF,93.2222,78,89.6,98,720,Jmerc,15,,,,,,
425,297566,J.Sicily,Sicily,HAW,DEF,94.5,104.667,100.2,97.5,715,Melons,15,,,,,,
289,1007881,W.Powell,Powell,GCS,DEF,93,92.3333,82.2,97.5,716,Garter,14,,,,,,
194,998102,A.McGrath,McGrath,ESS,DEF,103.111,109.333,104.6,97.5,716,Garter,14,,,,,,
325,1015889,M.Holmes,Holmes,GEE,DEF/MID,98.7778,105.333,100.2,97.5,718,Chief,14,,,,,,
594,1000981,D.Rioli,Rioli,RIC,DEF,91.1111,88,95.6,97,720,Jmerc,15,,,,,,
643,1015507,N.Wanganeen-Milera,Wanganeen-Milera,STK,DEF,99.7778,103.333,94.4,97,715,Melons,15,,,,,,
712,294101,J.Johannisen,Johannisen,WBD,DEF,79.2222,52,74.8,97,,,15,,,,,,
115,1000953,H.McKay,McKay,CAR,FWD,97.2222,82.3333,84.2,97,719,Kappaz,14,,,,,,
552,1001299,C.Rozee,Rozee,PTA,MID,99,69.6667,97.2,96.5,715,Melons,13,,,,,,
590,298174,T.Nankervis,Nankervis,RIC,RUC,100.5,92.6667,99.6,96,716,Garter,15,,,,,,
762,295898,T.Kelly,Kelly,WCE,MID,93.5556,82,93.8,96,717,Lester,14,,,,,,
483,1002267,L.Davies-Uniacke,Davies-Uniacke,NTH,MID,97.7778,103.667,99.8,95.5,718,Chief,12,,,,,,
87,296294,B.Acres,Acres,CAR,MID,98.3333,106.667,103.8,95.5,713,Pmac,14,,,,,,
531,1000972,W.Drew,Drew,PTA,MID,97.5556,87,82.2,95.5,716,Garter,13,,,,,,
9,992242,J.Dawson,Dawson,ADE,MID,104.444,121,119,95,714,Richo,15,,,,,,
536,1011640,J.Horne-Francis,Horne-Francis,PTA,MID,104.571,103,97.6,95,718,Chief,13,,,,,,
686,1006126,J.Rowbottom,Rowbottom,SYD,MID,94.7778,92.3333,96,94.5,713,Pmac,12,,,,,,
555,998529,I.Soldo,Soldo,PTA,RUC,86.5,79.3333,78.8,94,,,13,,,,,,
320,1004870,Z.Guthrie,Guthrie,GEE,DEF,89.7778,104.667,93.8,94,713,Pmac,14,,,,,,
37,1017109,J.Soligo,Soligo,ADE,MID,88.6667,109.333,104.6,94,719,Kappaz,15,,,,,,
99,996731,C.Curnow,Curnow,CAR,FWD,93.3333,90,91.4,93,718,Chief,14,,,,,,
562,1000223,L.Baker,Baker,RIC,DEF/FWD,83,84,97,93,715,Melons,15,,,,,,
42,1011981,J.Worrell,Worrell,ADE,DEF,86.6667,84.6667,87.4,93,,,15,,,,,,
100,1004912,T.De Koning,De Koning,CAR,RUC,89.4444,79.3333,85.4,93,716,Garter,14,,,,,,
154,992010,B.Maynard,Maynard,COL,DEF,91.8889,81,83.4,92.5,714,Richo,15,,,,,,
48,998133,J.Berry,Berry,BRL,MID,89.1111,101.667,104,92.5,715,Melons,12,,,,,,
93,1002239,A.Cerra,Cerra,CAR,MID,93.1667,85,93.4,92,719,Kappaz,14,,,,,,
184,290629,D.Heppell,Heppell,ESS,DEF,89.4444,75.3333,75.6,92,720,Jmerc,14,,,,,,
258,1017396,M.Andrew,Andrew,GCS,DEF,90.6667,82.6667,88.6,92,718,Chief,14,,,,,,
432,1002222,J.Worpel,Worpel,HAW,MID,87.6667,80.6667,71.4,91.5,716,Garter,15,,,,,,
775,996554,J.Waterman,Waterman,WCE,FWD,96.375,105,109,91.5,720,Jmerc,14,,,,,,
173,1006103,J.Caldwell,Caldwell,ESS,MID/FWD,88.5556,82.6667,92,91,720,Jmerc,14,,,,,,
212,295067,J.Aish,Aish,FRE,DEF/MID,85.8889,100.667,76.8,91,713,Pmac,13,,,,,,
305,998260,J.Bowes,Bowes,GEE,DEF/MID,87.5,98.6667,98,91,719,Kappaz,14,,,,,,
120,297907,N.Newman,Newman,CAR,DEF,95.1111,106.667,104.8,90.5,714,Richo,14,,,,,,
230,1009399,L.Jackson,Jackson,FRE,RUC/FWD,99.2222,83.6667,82.6,90.5,719,Kappaz,13,,,,,,
31,1001195,I.Rankine,Rankine,ADE,FWD,98.6667,116,110.8,90.5,713,Pmac,15,,,,,,
200,997078,M.Redman,Redman,ESS,DEF,89.375,96.3333,97,90,715,Melons,14,,,,,,
124,295461,A.Saad,Saad,CAR,DEF,78.2,77.3333,80.5,90,,,14,,,,,,
450,298281,J.Lever,Lever,MEL,DEF,82.8889,101.333,91,90,714,Richo,14,,,,,,
287,1021013,N.Moyle,Moyle,GCS,RUC,90,90,90,90,717,Lester,14,,,,,,
639,994389,J.Sinclair,Sinclair,STK,DEF,97.875,110,98.4,89,713,Pmac,15,,,,,,
522,1009191,M.Bergman,Bergman,PTA,DEF/MID,81.4444,90.6667,89.6,89,718,Chief,13,,,,,,
178,1015810,S.Durham,Durham,ESS,MID,85,89.6667,93.6,89,720,Jmerc,14,,,,,,
423,998114,J.Scrimshaw,Scrimshaw,HAW,DEF,85.3333,88.6667,89,88,720,Jmerc,15,,,,,,
272,993799,B.Fiorini,Fiorini,GCS,MID,82.625,82,73,88,,,14,,,,,,
334,1016433,S.Neale,Neale,GEE,FWD,88,88,88,88,,,14,,,,,,
533,1002253,K.Farrell,Farrell,PTA,DEF,80.3333,80.6667,85.6,87.5,,,13,,,,,,
474,291902,J.Viney,Viney,MEL,MID,94.5556,87.3333,83.8,87,716,Garter,14,,,,,,
648,295340,M.Wood,Wood,STK,MID,75,71,75,87,715,Melons,15,,,,,,
636,293846,S.Ross,Ross,STK,MID,81.2222,74,76.8,87,,,15,,,,,,
163,260257,S.Pendlebury,Pendlebury,COL,MID,86.3333,119.667,88.6,86.5,716,Garter,15,,,,,,
458,996701,C.Oliver,Oliver,MEL,MID,89.5556,103.333,87.4,86,715,Melons,14,,,,,,
350,1008436,K.Briggs,Briggs,GWS,RUC,88,85.3333,81.8,86,717,Lester,12,,,,,,
367,993107,H.Himmelberg,Himmelberg,GWS,DEF,83,87.3333,83,86,719,Kappaz,12,,,,,,
34,1006136,L.Sholl,Sholl,ADE,MID,77.1667,87,75,86,,,15,,,,,,
470,291819,A.Tomlinson,Tomlinson,MEL,DEF,86,0,0,86,,,14,,,,,,
137,1005054,J.Daicos,Daicos,COL,MID,89,90,90,85.5,718,Chief,15,,,,,,
658,998103,O.Florent,Florent,SYD,DEF,89.7778,102.333,99.4,85.5,713,Pmac,12,,,,,,
645,296422,C.Wilkie,Wilkie,STK,DEF,86.8889,99.6667,86.4,85,718,Chief,15,,,,,,
530,280711,C.Dixon,Dixon,PTA,FWD,79.625,78.3333,70.6,85,715,Melons,13,,,,,,
776,1006114,B.Williams,Williams,WCE,RUC,72.5556,63.6667,72.2,85,,,14,,,,,,
588,1002403,B.Miller,Miller,RIC,RUC/FWD,80,78.6667,77.8,85,713,Pmac,15,,,,,,
228,291570,N.Fyfe,Fyfe,FRE,MID/FWD,78.7778,65.3333,73.2,85,719,Kappaz,13,,,,,,
369,1008083,C.Idun,Idun,GWS,DEF,80.7778,79,83.4,84.5,,,12,,,,,,
352,1009708,J.Buckley,Buckley,GWS,DEF,81.4444,90.6667,82,84.5,,,12,,,,,,
607,994599,R.Bonner,Bonner,STK,DEF/MID,85.3333,90.6667,85,84.5,714,Richo,15,,,,,,
331,1004938,G.Miers,Miers,GEE,FWD,91,99.3333,93,83.5,715,Melons,14,,,,,,
179,1006096,X.Duursma,Duursma,ESS,MID,81.625,80.3333,91.6,83.5,,,14,,,,,,
302,994386,T.Atkins,Atkins,GEE,DEF/MID,78.5,78.3333,82.2,83,,,14,,,,,,
114,297255,M.McGovern,McGovern,CAR,DEF,81.1667,63.6667,78.6,83,717,Lester,14,,,,,,
581,993903,J.Hopper,Hopper,RIC,MID,81,73,73,83,,,15,,,,,,
750,1011437,H.Edwards,Edwards,WCE,DEF,83,83,83,83,,,14,,,,,,
507,1011659,T.Powell,Powell,NTH,FWD/MID,84.2222,66,73.8,82.5,719,Kappaz,12,,,,,,
198,993817,D.Parish,Parish,ESS,MID,90.4286,112,96.2,82,719,Kappaz,14,,,,,,
315,281065,M.Duncan,Duncan,GEE,DEF,76.375,67.6667,76,82,716,Garter,14,,,,,,
110,1001398,M.Kennedy,Kennedy,CAR,FWD/MID,75.1111,65.6667,77.4,82,717,Lester,14,,,,,,
357,1002251,B.Daniels,Daniels,GWS,FWD,80,75.6667,79.6,82,718,Chief,12,,,,,,
676,1011936,J.McInerney,McInerney,SYD,FWD/MID,80.4444,83.6667,79.4,82,719,Kappaz,12,,,,,,
340,997230,T.Stengle,Stengle,GEE,FWD,77,75.3333,83.4,82,713,Pmac,14,,,,,,
704,1017126,S.Darcy,Darcy,WBD,FWD,78.5,83.3333,76.2,82,718,Chief,15,,,,,,
162,1000072,J.Noble,Noble,COL,DEF,78.5714,90,84,81.5,717,Lester,15,,,,,,
190,298630,K.Langford,Langford,ESS,FWD,85.5556,107.667,97.4,81.5,716,Garter,14,,,,,,
448,298264,E.Langdon,Langdon,MEL,MID,78.1111,82.3333,75.6,81.5,,,14,,,,,,
623,295584,B.Hill,Hill,STK,MID/FWD,80.1111,73,90.4,81.5,714,Richo,15,,,,,,
15,1005199,E.Himmelberg,Himmelberg,ADE,FWD,77,77,77,81.5,,,15,,,,,,
41,280506,T.Walker,Walker,ADE,FWD,74.75,79.3333,85.4,81,717,Lester,15,,,,,,
390,297354,K.Amon,Amon,HAW,DEF/MID,89.1111,88.6667,89.2,81,718,Chief,15,,,,,,
462,1009378,T.Rivers,Rivers,MEL,DEF,78.5556,73.3333,79,81,,,14,,,,,,
307,293845,J.Cameron,Cameron,GEE,FWD,87.7778,84,90.2,81,720,Jmerc,14,,,,,,
739,990290,T.Barrass,Barrass,WCE,DEF,78.5,105,87.2,81,716,Garter,14,,,,,,
283,1004095,J.Lukosius,Lukosius,GCS,DEF/FWD,68.6667,49.3333,61.2,81,,,14,,,,,,
721,1002404,A.Naughton,Naughton,WBD,FWD,88.6667,99.6667,98.2,81,717,Lester,15,,,,,,
64,293716,J.Lyons,Lyons,BRL,MID,76,61,61,81,,,12,,,,,,
503,1024272,C.McKercher,McKercher,NTH,DEF/MID,75.4444,109.333,73.6,81,717,Lester,12,,,,,,
719,295467,J.Macrae,Macrae,WBD,MID/FWD,78.8571,82,91.2,80,713,Pmac,15,,,,,,
348,1009253,L.Ash,Ash,GWS,DEF,81,74.3333,89.2,80,,,12,,,,,,
147,291313,J.Howe,Howe,COL,DEF,69.375,64.3333,69.2,80,,,15,,,,,,
306,1012805,T.Bruhn,Bruhn,GEE,MID,74.5714,73.6667,70.4,80,,,14,,,,,,
606,998134,J.Battle,Battle,STK,DEF,78,81.3333,69.2,80,,,15,,,,,,
337,298419,B.Parfitt,Parfitt,GEE,MID,78.4286,63,71.4,80,,,14,,,,,,
90,1002795,J.Boyd,Boyd,CAR,DEF,71.8889,67.3333,65.4,80,,,14,,,,,,
667,1013409,J.Jordon,Jordon,SYD,MID/FWD,76.2222,74.3333,73.6,80,718,Chief,12,,,,,,
685,1012210,M.Roberts,Roberts,SYD,DEF/MID,79,59,74.8,80,,,12,,,,,,
384,1005247,S.Taylor,Taylor,GWS,DEF,79.1429,58.3333,77.2,79.5,718,Chief,12,,,,,,
566,993993,S.Bolton,Bolton,RIC,MID/FWD,84.5556,54,84.8,79,714,Richo,15,,,,,,
725,1008280,E.Richards,Richards,WBD,DEF,92.25,108,99.4,79,720,Jmerc,15,,,,,,
52,294518,J.Daniher,Daniher,BRL,FWD,82.3333,81.3333,76.4,79,714,Richo,12,,,,,,
649,291776,T.Adams,Adams,SYD,MID/FWD,75.8,65,75.8,79,720,Jmerc,12,,,,,,
517,1023477,G.Wardlaw,Wardlaw,NTH,MID,80.25,90.3333,78.4,79,720,Jmerc,12,,,,,,
195,1002143,B.McKay,McKay,ESS,DEF,72.4444,70,71,79,,,14,,,,,,
79,1007099,H.Sharp,Sharp,BRL,MID,61,61,61,79,,,12,,,,,,
27,297523,R.O'Brien,O'Brien,ADE,RUC,82,79.3333,85,78.5,714,Richo,15,,,,,,
127,993832,J.Weitering,Weitering,CAR,DEF,80.1429,88,75.8,78.5,,,14,,,,,,
266,295446,S.Collins,Collins,GCS,DEF,80.1111,74.6667,73,78.5,,,14,,,,,,
405,296254,J.Impey,Impey,HAW,DEF,83.4444,87,87.2,78,714,Richo,15,,,,,,
249,1012819,J.Treacy,Treacy,FRE,FWD,77.5556,71,87.4,78,716,Garter,13,,,,,,
770,1023492,H.Reid,Reid,WCE,MID/FWD,82.375,88.3333,92.8,78,715,Melons,14,,,,,,
160,298288,D.Moore,Moore,COL,DEF,78.8889,90.6667,83.6,77.5,,,15,,,,,,
368,296324,J.Hogan,Hogan,GWS,FWD,88.8889,65.3333,74,77.5,714,Richo,12,,,,,,
151,1003130,P.Lipinski,Lipinski,COL,FWD/MID,81.2222,83.6667,84.2,77.5,715,Melons,15,,,,,,
430,1027935,J.Weddle,Weddle,HAW,DEF,72.7778,66,73,77.5,,,15,,,,,,
68,1005521,O.McInerney,McInerney,BRL,RUC,83.5,82,82,77,713,Pmac,12,,,,,,
585,290847,D.Martin,Martin,RIC,FWD,71.5714,68.6667,69.4,77,719,Kappaz,15,,,,,,
312,270917,P.Dangerfield,Dangerfield,GEE,MID,87.5,72,87.5,77,,,14,,,,,,
567,295203,N.Broad,Broad,RIC,DEF,69.5,70.3333,75,77,,,15,,,,,,
84,1017067,D.Wilmot,Wilmot,BRL,DEF,75.6667,65.6667,70.8,77,,,12,,,,,,
523,250365,T.Boak,Boak,PTA,MID,73.7143,82.6667,72.6,77,,,13,,,,,,
628,1006143,M.King,King,STK,FWD,61.3333,22,50.6,77,,,15,,,,,,
159,291856,T.Mitchell,Mitchell,COL,MID,81.5,87,86,76,715,Melons,15,,,,,,
417,1007124,C.Nash,Nash,HAW,MID,78.4444,80.6667,78.2,76,718,Chief,15,,,,,,
199,1015873,A.Perkins,Perkins,ESS,FWD/MID,85,82.3333,77.2,76,720,Jmerc,14,,,,,,
647,1023270,M.Windhager,Windhager,STK,DEF/MID,81.125,86.6667,85.4,76,717,Lester,15,,,,,,
45,1005053,N.Answerth,Answerth,BRL,DEF/FWD,63.8571,63.6667,66,76,,,12,,,,,,
418,1020895,J.Newcombe,Newcombe,HAW,MID,90.4444,99.3333,97.6,75.5,720,Jmerc,15,,,,,,
439,1005330,K.Chandler,Chandler,MEL,FWD,67.6667,51.6667,61.2,75.5,,,14,,,,,,
239,298409,A.Pearce,Pearce,FRE,DEF,72.5556,65.6667,75,75.5,,,13,,,,,,
454,1017703,J.McVee,McVee,MEL,DEF,73.1111,62,72.6,75.5,,,14,,,,,,
214,998180,B.Banfield,Banfield,FRE,FWD,73,68,66.8,75.5,,,13,,,,,,
139,994185,J.De Goey,De Goey,COL,MID,78.7143,106,82.4,75,717,Lester,15,,,,,,
23,990882,W.Milera,Milera,ADE,DEF,67.3333,67.3333,67.3333,75,,,15,,,,,,
386,280109,C.Ward,Ward,GWS,MID,70.6,84,79.75,75,,,12,,,,,,
379,998205,H.Perryman,Perryman,GWS,DEF,75.875,76.3333,79.4,75,,,12,,,,,,
677,1003203,H.McLean,McLean,SYD,RUC/FWD,70,83,81.4,75,,,12,,,,,,
335,1007102,M.O'Connor,O'Connor,GEE,DEF/MID,63.5,57,54.2,75,,,14,,,,,,
453,291533,T.McDonald,McDonald,MEL,DEF/FWD,74.125,72,75.2,75,,,14,,,,,,
217,1013224,H.Chapman,Chapman,FRE,DEF,66,66,66,75,,,13,,,,,,
265,1013257,S.Clohesy,Clohesy,GCS,DEF/MID,86.6667,71,82.4,75,714,Richo,14,,,,,,
781,998480,L.Sullivan,Sullivan,COL,MID,75,75,75,75,,,15,,,,,,
745,290826,J.Cripps,Cripps,WCE,FWD,74.7778,73.6667,76.6,74.5,,,14,,,,,,
461,1008541,K.Pickett,Pickett,MEL,FWD,68.1429,62.6667,61,74,,,14,,,,,,
468,999391,T.Sparrow,Sparrow,MEL,FWD/MID,72.8889,71.6667,77.6,74,,,14,,,,,,
130,997316,L.Young,Young,CAR,DEF,69.8,55.6667,64.75,74,,,14,,,,,,
705,290085,T.Duryea,Duryea,WBD,DEF,68.1429,50.6667,65.4,74,,,15,,,,,,
556,992330,J.Sweet,Sweet,PTA,RUC,92.6667,92.6667,92.6667,74,715,Melons,13,,,,,,
136,293871,J.Crisp,Crisp,COL,DEF/MID,83.4444,103.667,96.4,73.5,715,Melons,15,,,,,,
463,296359,C.Salem,Salem,MEL,DEF/MID,63.3333,41.3333,57.4,73.5,,,14,,,,,,
311,1017063,T.Conway,Conway,GEE,RUC,73.5,73.5,73.5,73.5,,,14,,,,,,
621,1005988,L.Henry,Henry,STK,MID,60.6667,60.6667,60.6667,73,,,15,,,,,,
488,999827,Z.Fisher,Fisher,NTH,DEF/FWD,78.4444,85,82,73,719,Kappaz,12,,,,,,
665,997100,W.Hayward,Hayward,SYD,FWD,75.3333,102.333,87,73,718,Chief,12,,,,,,
577,990827,J.Graham,Graham,RIC,FWD,62.5,59,62.5,73,,,15,,,,,,
61,291548,R.Lester,Lester,BRL,DEF,71.7778,80.3333,78.6,72.5,,,12,,,,,,
370,1020650,D.Jones,Jones,GWS,FWD,61,61,61,72.5,,,12,,,,,,
354,1023266,F.Callaghan,Callaghan,GWS,MID,78.25,95.3333,85.4,72,,,12,,,,,,
457,296420,A.Neal-Bullen,Neal-Bullen,MEL,FWD,84.4444,84.6667,77.2,72,716,Garter,14,,,,,,
527,991930,D.Byrne-Jones,Byrne-Jones,PTA,FWD,66.6667,63.6667,60.4,72,,,13,,,,,,
18,1013974,M.Keane,Keane,ADE,DEF,75.5,62,66,72,,,15,,,,,,
343,292511,Z.Tuohy,Tuohy,GEE,MID,70,67,69.2,71.5,,,14,,,,,,
735,992351,B.Williams,Williams,WBD,MID,76.8889,82.3333,73.2,71.5,,,15,,,,,,
55,1023708,J.Fletcher,Fletcher,BRL,MID,69,71.3333,76.2,71.5,,,12,,,,,,
128,294685,Z.Williams,Williams,CAR,DEF,67.25,57,68.8,71.5,,,14,,,,,,
403,993794,B.Hardwick,Hardwick,HAW,DEF/FWD,64.5556,83.6667,60.4,71,,,15,,,,,,
534,298111,J.Finlayson,Finlayson,PTA,FWD,70.2,61,70.2,71,,,13,,,,,,
47,1002312,Z.Bailey,Bailey,BRL,MID/FWD,75.2,75.6667,73.75,71,,,12,,,,,,
525,992128,R.Burton,Burton,PTA,DEF,79.75,84,75.4,71,,,13,,,,,,
644,290757,J.Webster,Webster,STK,DEF,72.5,72.5,72.5,71,,,15,,,,,,
734,1006127,R.West,West,WBD,FWD,68.25,68,70.6,71,,,15,,,,,,
268,291753,S.Day,Day,GCS,FWD,71,71,71,71,,,14,,,,,,
671,295342,J.Lloyd,Lloyd,SYD,DEF/MID,84.4444,100,84.2,70.5,714,Richo,12,,,,,,
363,295344,T.Greene,Greene,GWS,FWD,71.5,57.6667,73.2,70,713,Pmac,12,,,,,,
247,992059,S.Switkowski,Switkowski,FRE,FWD,67,68.6667,64,70,,,13,,,,,,
696,1000864,L.Bramble,Bramble,WBD,DEF/MID,70.8889,59,63.4,70,,,15,,,,,,
143,991773,B.Frampton,Frampton,COL,DEF,69.5714,61.6667,64.6,69.5,,,15,,,,,,
213,1020594,J.Amiss,Amiss,FRE,FWD,48.375,33.6667,42,69.5,,,13,,,,,,
3,1009029,J.Borlase,Borlase,ADE,DEF,68,64,68,69.5,,,15,,,,,,
622,1002227,J.Higgins,Higgins,STK,FWD,74.2857,60.6667,68,69,,,15,,,,,,
602,1031829,J.Trezise,Trezise,RIC,DEF,69,69,69,69,,,15,,,,,,
656,291978,H.Cunningham,Cunningham,SYD,DEF,58.875,68.3333,60,68.5,,,12,,,,,,
714,281078,L.Jones,Jones,WBD,DEF,73.1111,82.6667,83.8,68.5,,,15,,,,,,
243,1009380,J.Sharp,Sharp,FRE,MID,74.7778,74,68.6,68.5,,,13,,,,,,
36,291748,B.Smith,Smith,ADE,DEF,65,41.6667,61.2,68,,,15,,,,,,
681,996765,T.Papley,Papley,SYD,FWD,75,57,53.8,68,714,Richo,12,,,,,,
26,1021031,L.Nankervis,Nankervis,ADE,DEF/MID,61.8333,56.3333,60.6,68,,,15,,,,,,
396,1005144,M.D'Ambrosio,D'Ambrosio,HAW,DEF/MID,73.75,52,62.6,68,,,15,,,,,,
593,1011985,H.Ralphsmith,Ralphsmith,RIC,DEF,61.75,67.3333,61.75,68,,,15,,,,,,
319,290550,C.Guthrie,Guthrie,GEE,MID,72.3333,72.3333,72.3333,67.5,717,Lester,14,,,,,,
441,1001438,B.Fritsch,Fritsch,MEL,FWD,56,57.3333,54.6,67.5,,,14,,,,,,
310,999326,B.Close,Close,GEE,FWD,68.7778,64,75.2,67.5,,,14,,,,,,
158,291849,B.Mihocek,Mihocek,COL,FWD,62.75,53.6667,65.4,67.5,,,15,,,,,,
105,1002228,L.Fogarty,Fogarty,CAR,FWD,67.5,63.3333,63.3333,67.5,,,14,,,,,,
280,1006144,B.King,King,GCS,FWD,62.5556,67.3333,67.4,67.5,,,14,,,,,,
410,1023482,C.Mackenzie,Mackenzie,HAW,FWD/MID,61.1111,57,54.8,67.5,,,15,,,,,,
256,998130,B.Ainsworth,Ainsworth,GCS,FWD,68.2222,68.3333,69.8,67,,,14,,,,,,
744,993820,T.Cole,Cole,WCE,DEF,68.1111,75.3333,76,67,,,14,,,,,,
275,1026960,W.Graham,Graham,GCS,DEF/MID,73,69,73,67,,,14,,,,,,
633,1023272,M.Owens,Owens,STK,FWD,70.6667,64.6667,64.8,66.5,,,15,,,,,,
598,992049,J.Short,Short,RIC,DEF,77.75,71.3333,68,66,716,Garter,15,,,,,,
508,1006058,B.Scott,Scott,NTH,DEF/MID,68.1111,60,70.4,66,,,12,,,,,,
109,1009241,B.Kemp,Kemp,CAR,DEF,68.5714,57,63,66,,,14,,,,,,
189,297473,J.Kelly,Kelly,ESS,DEF/MID,71.875,77.3333,72.2,66,,,14,,,,,,
66,293581,L.McCarthy,McCarthy,BRL,FWD,63,47.3333,61.6,66,,,12,,,,,,
107,1012862,E.Hollands,Hollands,CAR,FWD/MID,65.4286,67.6667,64.6,66,,,14,,,,,,
709,1006533,R.Garcia,Garcia,WBD,FWD,74,71.3333,74,66,,,15,,,,,,
144,1015332,H.Harrison,Harrison,COL,FWD,45.3333,45.3333,45.3333,65.5,,,15,,,,,,
19,993946,B.Keays,Keays,ADE,FWD,65.6667,69.6667,73.2,65,,,15,,,,,,
674,1008198,T.McCartin,McCartin,SYD,DEF,60.125,50.6667,58,65,,,12,,,,,,
551,296225,W.Rioli,Rioli,PTA,FWD,63,87.3333,68.2,65,,,13,,,,,,
182,996232,M.Guelfi,Guelfi,ESS,FWD,74.6667,74.6667,74.6667,65,,,14,,,,,,
395,994077,M.Chol,Chol,HAW,FWD,64.4286,63.6667,62.2,65,,,15,,,,,,
91,1013233,J.Carroll,Carroll,CAR,MID,50.1429,27,42.4,65,,,14,,,,,,
22,1015370,M.Michalanney,Michalanney,ADE,DEF,64.4444,71,62.2,64.5,,,15,,,,,,
75,1002235,C.Rayner,Rayner,BRL,FWD/MID,71.2222,54.6667,71.8,64,,,12,,,,,,
12,999331,D.Fogarty,Fogarty,ADE,FWD,66.1111,91,70.4,64,,,15,,,,,,
625,993480,D.Howard,Howard,STK,DEF,58.6667,58.6667,58.6667,64,,,15,,,,,,
277,1023500,B.Humphrey,Humphrey,GCS,FWD,56.4286,50.6667,59.6,64,,,14,,,,,,
402,291351,J.Gunston,Gunston,HAW,FWD,48.3333,39,43.2,64,,,15,,,,,,
711,297899,J.Harmes,Harmes,WBD,MID/FWD,78.4,92.6667,78.4,64,713,Pmac,15,,,,,,
481,294508,A.Corr,Corr,NTH,DEF,65.6667,79,83,63.5,,,12,,,,,,
400,1012857,J.Ginnivan,Ginnivan,HAW,FWD,65.3333,63,65.4,63.5,,,15,,,,,,
646,1027875,D.Wilson,Wilson,STK,MID/FWD,71.3333,101.333,86.8,63.5,716,Garter,15,,,,,,
758,994385,J.Hunt,Hunt,WCE,DEF/MID,64.25,49.6667,55.8,63,,,14,,,,,,
177,1005577,S.Draper,Draper,ESS,FWD/RUC,58.3333,69.3333,59,63,,,14,,,,,,
683,290307,D.Rampe,Rampe,SYD,DEF,63.6667,67,59.8,63,,,12,,,,,,
98,993795,D.Cuningham,Cuningham,CAR,FWD,66,62,62,63,,,14,,,,,,
351,1014038,C.Brown,Brown,GWS,FWD,60.25,54.3333,57.8,63,,,12,,,,,,
693,1008855,O.Baker,Baker,WBD,MID,59.6,43.3333,59.6,63,,,15,,,,,,
583,293813,T.Lynch,Lynch,RIC,FWD,46,46,46,63,,,15,,,,,,
535,1010174,M.Georgiades,Georgiades,PTA,FWD,63.8333,50.6667,56.8,63,,,13,,,,,,
254,1021015,K.Worner,Worner,FRE,DEF,63,63,63,63,,,13,,,,,,
295,294643,A.Sexton,Sexton,GCS,DEF/FWD,66.25,64,64,63,713,Pmac,14,,,,,,
445,1017122,B.Howes,Howes,MEL,DEF,60.6667,63,59.4,63,,,14,,,,,,
397,1008550,W.Day,Day,HAW,MID,71.3333,71.3333,71.3333,62.5,719,Kappaz,15,,,,,,
181,298421,J.Gresham,Gresham,ESS,FWD,66.4444,55.6667,66.4,62.5,,,14,,,,,,
231,1016825,M.Johnson,Johnson,FRE,MID,62.4444,83,68.4,62.5,,,13,,,,,,
759,1011243,C.Jamieson,Jamieson,WCE,DEF/FWD,59,57.6667,59,62.5,,,14,,,,,,
314,1025034,O.Dempsey,Dempsey,GEE,FWD/MID,67.7778,60,57.8,62.5,,,14,,,,,,
164,1008089,I.Quaynor,Quaynor,COL,DEF,58.2222,44.3333,50.2,62,,,15,,,,,,
733,1011803,C.Weightman,Weightman,WBD,FWD,65.2857,45,53,62,,,15,,,,,,
754,1023025,R.Ginbey,Ginbey,WCE,MID,64.8889,57.6667,66.8,62,,,14,,,,,,
94,1016268,A.Cincotta,Cincotta,CAR,DEF,65,65,65,62,,,14,,,,,,
353,1019038,A.Cadman,Cadman,GWS,FWD,57.8889,43.3333,50.8,62,,,12,,,,,,
304,296733,M.Blicavs,Blicavs,GEE,RUC/MID,67.3333,58.3333,59.2,61.5,,,14,,,,,,
563,1002245,N.Balta,Balta,RIC,DEF/FWD,65.6,42,63.5,61.5,,,15,,,,,,
260,1008882,C.Ballard,Ballard,GCS,DEF,65.8889,53.3333,56.6,61.5,,,14,,,,,,
313,1009229,S.De Koning,De Koning,GEE,DEF,60.8889,64.6667,60.4,61.5,,,14,,,,,,
726,1017939,R.Sanders,Sanders,WBD,FWD/MID,60.3333,47.6667,63.8,61.5,718,Chief,15,,,,,,
568,1017086,T.Brown,Brown,RIC,DEF,64.2857,67.6667,65.4,61.5,,,15,,,,,,
30,1017051,J.Rachele,Rachele,ADE,FWD,61.1111,65,63.4,61,,,15,,,,,,
519,998484,C.Zurhaar,Zurhaar,NTH,FWD,64.25,64.6667,58.2,61,,,12,,,,,,
211,298289,P.Wright,Wright,ESS,FWD,64.6,67.3333,64.6,61,,,14,,,,,,
329,296291,J.Kolodjashnij,Kolodjashnij,GEE,DEF,66.5,70.6667,61.2,61,,,14,,,,,,
550,1002220,E.Ratugolea,Ratugolea,PTA,DEF,60.6667,64,62.8,61,,,13,,,,,,
188,1011755,H.Jones,Jones,ESS,FWD,55.5,35.6667,56.2,61,,,14,,,,,,
480,1015781,C.Comben,Comben,NTH,DEF/FWD,78.3333,70.3333,68.2,61,717,Lester,12,,,,,,
631,294596,T.Membrey,Membrey,STK,FWD,58.1111,51,55,60.5,,,15,,,,,,
471,1020959,D.Turner,Turner,MEL,DEF,49,49,49,60.5,,,14,,,,,,
778,998128,A.Witherden,Witherden,WCE,DEF,73.5,93.6667,77.6,60,717,Lester,14,,,,,,
511,993998,J.Simpkin,Simpkin,NTH,FWD/MID,57.8571,60,60.4,60,,,12,,,,,,
520,294469,A.Aliir,Aliir,PTA,DEF,66,52,65.8,60,,,13,,,,,,
324,1012860,O.Henry,Henry,GEE,FWD,60,61,55.2,60,,,14,,,,,,
591,993771,M.Pickett,Pickett,RIC,MID/FWD,58.7778,61,53.8,60,,,15,,,,,,
146,291720,W.Hoskin-Elliott,Hoskin-Elliott,COL,DEF/MID,64.25,52.6667,69.6,60,,,15,,,,,,
411,1009421,F.Maginness,Maginness,HAW,FWD/MID,52.75,48,59.4,60,,,15,,,,,,
498,1001017,N.Larkey,Larkey,NTH,FWD,55.8889,61.3333,58.6,59.5,,,12,,,,,,
475,1027821,C.Windsor,Windsor,MEL,MID/FWD,65,86.6667,71.8,59.5,,,14,,,,,,
502,296355,L.McDonald,McDonald,NTH,DEF,63.5,68.6667,65,59,,,12,,,,,,
191,298280,J.Laverde,Laverde,ESS,DEF,61.125,65.3333,61.2,59,,,14,,,,,,
409,1017094,C.Macdonald,Macdonald,HAW,FWD,65.1111,68.6667,75.2,59,,,15,,,,,,
561,1004034,B.Zerk-Thatcher,Zerk-Thatcher,PTA,DEF,57.4444,46.3333,48.4,59,,,13,,,,,,
43,298437,C.Ah Chee,Ah Chee,BRL,MID,59.75,56.3333,54.6,59,,,12,,,,,,
784,1017754,P.Voss,Voss,FRE,FWD,43,43,43,59,,,13,,,,,,
76,1009317,B.Reville,Reville,BRL,MID/FWD,57,57,57,59,,,12,,,,,,
428,1017110,J.Ward,Ward,HAW,MID,52.3333,43,52.6,58.5,,,15,,,,,,
399,293738,S.Frost,Frost,HAW,DEF,59.3333,47.3333,54,58.5,,,15,,,,,,
206,293884,J.Stringer,Stringer,ESS,FWD,61.4444,60,61.4,58,,,14,,,,,,
494,281091,H.Greenwood,Greenwood,NTH,MID,58,58,58,58,,,12,,,,,,
609,1011994,R.Byrnes,Byrnes,STK,MID,53.625,40.3333,47.2,57.5,,,15,,,,,,
539,1011583,L.Jones,Jones,PTA,DEF,56.125,65.3333,58,57.5,,,13,,,,,,
180,271129,T.Goldstein,Goldstein,ESS,RUC,65.7778,70,76.8,57,719,Kappaz,14,,,,,,
167,1000860,L.Schultz,Schultz,COL,FWD,58.125,50,55.2,57,,,15,,,,,,
596,1006133,J.Ross,Ross,RIC,MID,65.6,81.6667,73.5,57,,,15,,,,,,
186,1017088,B.Hobbs,Hobbs,ESS,FWD/MID,54.75,30,53.2,57,,,14,,,,,,
17,1006203,C.Jones,Jones,ADE,DEF/MID,58.4444,45.3333,57.8,57,,,15,,,,,,
95,1008154,M.Cottrell,Cottrell,CAR,MID/FWD,60.7778,51.3333,61.2,57,,,14,,,,,,
771,997823,J.Rotham,Rotham,WCE,DEF,51,42.3333,54.8,57,,,14,,,,,,
5,1004995,J.Butts,Butts,ADE,DEF,52.8333,52,52,57,,,15,,,,,,
524,1013462,J.Burgoyne,Burgoyne,PTA,DEF,66.4286,84.6667,75.2,57,,,13,,,,,,
346,1008691,L.Aleer,Aleer,GWS,DEF,57,57,57,57,,,12,,,,,,
339,280317,R.Stanley,Stanley,GEE,RUC,59,41.3333,66.6,56.5,,,14,,,,,,
227,999321,M.Frederick,Frederick,FRE,FWD,52.1429,56.3333,53,56.5,,,13,,,,,,
381,1008123,J.Riccardi,Riccardi,GWS,FWD,52.4444,47.6667,51,56.5,,,12,,,,,,
434,296351,J.Billings,Billings,MEL,FWD/MID,58.6667,54.3333,57.4,56.5,,,14,,,,,,
174,1015827,N.Cox,Cox,ESS,DEF/MID,55.8889,59,59.4,56.5,,,14,,,,,,
615,294307,B.Crouch,Crouch,STK,MID,56,56,56,56,720,Jmerc,15,,,,,,
675,1013230,L.McDonald,McDonald,SYD,FWD,63.8889,59,61,56,,,12,,,,,,
512,1004848,D.Stephens,Stephens,NTH,MID,49.1429,50.3333,51.2,56,,,12,,,,,,
140,1009197,C.Dean,Dean,COL,DEF,56,57,57,56,,,15,,,,,,
388,1004530,J.Wehr,Wehr,GWS,MID,56.875,54,58.2,56,,,12,,,,,,
398,1032100,C.Dear,Dear,HAW,FWD,43.5,43.5,43.5,56,,,15,,,,,,
747,290838,J.Darling,Darling,WCE,FWD,56.6667,49,65.6,55.5,,,14,,,,,,
767,1006550,J.Petruccelle,Petruccelle,WCE,FWD,55.2222,50.6667,57.4,55.5,,,14,,,,,,
678,996743,L.Melican,Melican,SYD,DEF,54.4444,65,59,55.5,,,12,,,,,,
732,1005000,L.Vandermeer,Vandermeer,WBD,DEF/FWD,55.1111,47.3333,47.4,55.5,,,15,,,,,,
292,1005986,M.Rosas,Rosas,GCS,FWD,57.75,51.6667,51.6667,55.5,,,14,,,,,,
482,1002947,P.Curtis,Curtis,NTH,FWD,49.8889,34.6667,46.6,55.5,,,12,,,,,,
142,293801,J.Elliott,Elliott,COL,FWD,64.125,56.6667,71.8,55,,,15,,,,,,
460,1008893,H.Petty,Petty,MEL,DEF/FWD,45,41.3333,41,55,,,14,,,,,,
377,1006135,X.O'Halloran,O'Halloran,GWS,FWD/MID,53.1429,58.6667,58.2,55,,,12,,,,,,
638,1018018,C.Sharman,Sharman,STK,FWD,47.2857,34.6667,42.2,55,,,15,,,,,,
595,1009551,M.Rioli,Rioli,RIC,FWD,54.625,51.3333,51.4,55,,,15,,,,,,
592,290627,D.Prestia,Prestia,RIC,MID,65,49.5,49.5,54.5,717,Lester,15,,,,,,
574,1009226,T.Dow,Dow,RIC,MID,59.3333,73.6667,63,54.5,,,15,,,,,,
757,1023167,B.Hough,Hough,WCE,DEF,53.1111,51.6667,52.8,54,,,14,,,,,,
63,1014026,K.Lohmann,Lohmann,BRL,FWD,55.1111,65.6667,68,54,,,12,,,,,,
786,1008747,M.Lefau,Lefau,RIC,FWD,53.7143,51.3333,62.2,54,,,15,,,,,,
731,1009301,J.Ugle-Hagan,Ugle-Hagan,WBD,FWD,53.4286,46,49,53.5,,,15,,,,,,
261,1006100,T.Berry,Berry,GCS,FWD,59.6667,48,61.2,53.5,,,14,,,,,,
716,998782,B.Khamis,Khamis,WBD,DEF/FWD,58.375,50.6667,53.8,53.5,,,15,,,,,,
435,1012825,J.Bowey,Bowey,MEL,DEF,51,49,49,53,,,14,,,,,,
323,1000937,J.Henry,Henry,GEE,DEF,52.7778,43.3333,41.4,53,,,14,,,,,,
135,998647,M.Cox,Cox,COL,RUC/FWD,57.6667,45.6667,55.6,53,,,15,,,,,,
516,993816,D.Tucker,Tucker,NTH,MID,58.4444,57.6667,66.2,53,,,12,,,,,,
614,991939,Z.Cordy,Cordy,STK,DEF/FWD,51.2857,50,54.8,53,,,15,,,,,,
96,1021353,L.Cowan,Cowan,CAR,DEF,48.25,44.3333,48.25,53,,,14,,,,,,
484,1012144,K.Dawson,Dawson,NTH,DEF,54.25,51,54.25,53,,,12,,,,,,
145,1006148,B.Hill,Hill,COL,FWD,59.3333,57,58,52.5,,,15,,,,,,
153,298358,O.Markov,Markov,COL,DEF,43.8,37,40.75,52.5,,,15,,,,,,
155,1004757,B.McCreery,McCreery,COL,FWD,52,40,47.2,52.5,,,15,,,,,,
659,291848,R.Fox,Fox,SYD,DEF/FWD,51.75,41.3333,48.6,52,,,12,,,,,,
251,1009410,B.Walker,Walker,FRE,DEF,55.125,55,55.8,52,,,13,,,,,,
1,1012807,S.Berry,Berry,ADE,MID,50.4,40,50.4,52,,,15,,,,,,
298,1017665,B.Uwland,Uwland,GCS,DEF,59,68,63,52,,,14,,,,,,
444,996692,M.Hore,Hore,MEL,DEF,41.3333,41.3333,41.3333,52,,,14,,,,,,
50,990609,C.Cameron,Cameron,BRL,FWD,60.4444,66.6667,68,51.5,,,12,,,,,,
421,1001024,N.Reeves,Reeves,HAW,RUC,51.5,51.5,51.5,51.5,,,15,,,,,,
229,996580,E.Hughes,Hughes,FRE,DEF,52.6667,43.6667,52.8,51.5,,,13,,,,,,
366,295265,N.Haynes,Haynes,GWS,DEF,60,46.5,46.5,51,,,12,,,,,,
58,993953,E.Hipwood,Hipwood,BRL,FWD,56.5556,55.6667,52,51,,,12,,,,,,
252,281007,M.Walters,Walters,FRE,FWD,46.7778,39,37.6,51,,,13,,,,,,
81,1002401,B.Starcevich,Starcevich,BRL,DEF,57.7143,56.6667,56.4,51,,,12,,,,,,
641,1008312,L.Stocker,Stocker,STK,DEF,51.6667,42.3333,49,50.5,,,15,,,,,,
56,298211,D.Fort,Fort,BRL,RUC/FWD,50.5,50.5,50.5,50.5,,,12,,,,,,
168,280965,S.Sidebottom,Sidebottom,COL,MID,63.875,75,69.4,50,714,Richo,15,,,,,,
322,261510,T.Hawkins,Hawkins,GEE,FWD,57.75,42,45.8,50,,,14,,,,,,
416,1000963,H.Morrison,Morrison,HAW,MID,58.75,71.3333,58.75,50,,,15,,,,,,
69,997846,C.McKenna,McKenna,BRL,DEF,64.5,69.6667,64.5,50,,,12,,,,,,
378,1006013,J.Peatling,Peatling,GWS,FWD/MID,57,75.3333,63.2,49.5,,,12,,,,,,
777,1020371,J.Williams,Williams,WCE,FWD,55,72.6667,65.2,49.5,,,14,,,,,,
617,1027790,H.Garcia,Garcia,STK,MID/FWD,54.6,53.6667,54.6,49.5,,,15,,,,,,
543,1004998,T.Marshall,Marshall,PTA,FWD,61.6667,53.6667,47.6,49,,,13,,,,,,
547,1005326,J.Mead,Mead,PTA,MID/FWD,52.2222,54.3333,46.4,49,,,13,,,,,,
269,293713,B.Ellis,Ellis,GCS,MID,46.6667,46,46,48,,,14,,,,,,
584,1008478,R.Mansell,Mansell,RIC,FWD,62.25,50.6667,52,48,,,15,,,,,,
576,1017059,J.Gibcus,Gibcus,RIC,DEF,47.5,19,19,47.5,,,15,,,,,,
703,295136,C.Daniel,Daniel,WBD,MID/FWD,55,53.3333,55,47,,,15,,,,,,
238,294613,J.O'Meara,O'Meara,FRE,MID,49.75,72,65.2,47,,,13,,,,,,
349,1008139,T.Bedford,Bedford,GWS,FWD,55,52.6667,58.6,47,,,12,,,,,,
73,1002347,J.Payne,Payne,BRL,DEF,55.375,77,67.8,47,,,12,,,,,,
102,1008510,C.Durdin,Durdin,CAR,FWD,43,42,47.6,47,,,14,,,,,,
604,1018433,T.Young,Young,RIC,DEF,45.5,64,57.6,47,,,15,,,,,,
122,1013973,M.Owies,Owies,CAR,FWD,50.5556,57.6667,51.8,46.5,,,14,,,,,,
722,1032966,J.O'Donnell,O'Donnell,WBD,DEF,49,50.6667,49,46.5,,,15,,,,,,
499,1012852,C.Lazzaro,Lazzaro,NTH,MID/FWD,44.7143,30,41,46.5,,,12,,,,,,
654,1013133,B.Campbell,Campbell,SYD,DEF/MID,44.5714,21.3333,43.4,46,,,12,,,,,,
263,1008454,C.Budarick,Budarick,GCS,DEF,52.3333,31.5,31.5,46,,,14,,,,,,
207,1023785,E.Tsatas,Tsatas,ESS,MID/FWD,45.3333,45.3333,45.3333,46,,,14,,,,,,
336,1027877,C.O'Sullivan,O'Sullivan,GEE,DEF,46,46,46,46,,,14,,,,,,
504,1006193,B.Nyuon,Nyuon,NTH,FWD,60.3333,60.3333,60.3333,46,,,12,,,,,,
708,1017087,H.Gallagher,Gallagher,WBD,FWD/MID,47.1111,44,40.2,45.5,,,15,,,,,,
393,280744,L.Breust,Breust,HAW,FWD,45.5,39.6667,45.5,45,,,15,,,,,,
764,1023496,N.Long,Long,WCE,FWD,48.5714,47.6667,53.2,45,,,14,,,,,,
626,991988,Z.Jones,Jones,STK,MID,43.5,44,43.5,45,,,15,,,,,,
6,1018335,B.Cook,Cook,ADE,FWD/MID,51.5,60.6667,52,45,,,15,,,,,,
57,296269,D.Gardiner,Gardiner,BRL,DEF/FWD,49.7143,48.6667,50.2,45,,,12,,,,,,
589,298144,S.Naismith,Naismith,RIC,RUC,60.6667,44.5,44.5,45,,,15,,,,,,
741,1013511,T.Brockman,Brockman,WCE,FWD,45.5,46,46.6,44.5,,,14,,,,,,
486,1023475,B.Drury,Drury,NTH,FWD,44.2,34.6667,44.2,44.5,,,12,,,,,,
610,1023784,A.Caminiti,Caminiti,STK,FWD,50.8,53.6667,50.8,44,,,15,,,,,,
635,1020137,M.Phillipou,Phillipou,STK,FWD,45.125,27,37.4,44,,,15,,,,,,
579,280819,D.Grimes,Grimes,RIC,DEF,40.8,46,42.5,44,,,15,,,,,,
332,1024982,O.Mullin,Mullin,GEE,DEF,42.6667,42.6667,42.6667,44,,,14,,,,,,
4,1000068,C.Burgess,Burgess,ADE,FWD,43.75,47,43.75,44,,,15,,,,,,
385,1027925,H.Thomas,Thomas,GWS,MID/FWD,50.2222,42.3333,48.4,44,,,12,,,,,,
505,1012829,W.Phillips,Phillips,NTH,MID,51,51,51,43.5,,,12,,,,,,
496,1023625,R.Hardeman,Hardeman,NTH,DEF,44.3333,44.3333,44.3333,43.5,,,12,,,,,,
736,1004385,O.Allen,Allen,WCE,FWD,43,43,43,43,,,14,,,,,,
472,1017720,J.van Rooyen,van Rooyen,MEL,FWD,52.7778,51.6667,54.6,43,,,14,,,,,,
8,1024023,D.Curtin,Curtin,ADE,DEF/MID,26,26,26,43,,,15,,,,,,
569,1023275,S.Campbell,Campbell,RIC,FWD,49,39,43.4,43,,,15,,,,,,
330,993878,S.Mannagh,Mannagh,GEE,MID/FWD,43,43,43,43,,,14,,,,,,
650,1008091,J.Amartey,Amartey,SYD,FWD,43.6667,44.6667,50,42,,,12,,,,,,
493,1017118,J.Goater,Goater,NTH,DEF,42,42,42,42,,,12,,,,,,
224,1020668,J.Draper,Draper,FRE,DEF,42,37.3333,42.4,42,,,13,,,,,,
489,1012833,E.Ford,Ford,NTH,FWD,43.1667,60.6667,42.4,41.5,,,12,,,,,,
549,993979,S.Powell-Pepper,Powell-Pepper,PTA,FWD,52.6667,52.6667,52.6667,41,,,13,,,,,,
276,297456,N.Holman,Holman,GCS,FWD,47.7778,40.3333,50.2,41,,,14,,,,,,
414,1018016,S.Mitchell,Mitchell,HAW,DEF,44.4,46.6667,44.4,41,,,15,,,,,,
108,1023495,O.Hollands,Hollands,CAR,MID,50.375,51,45.6,41,,,14,,,,,,
21,1008185,N.McHenry,McHenry,ADE,FWD,45.375,50.3333,43.6,41,,,15,,,,,,
743,1017057,C.Chesser,Chesser,WCE,MID,43.7778,49,52.8,41,,,14,,,,,,
429,1023473,N.Watson,Watson,HAW,MID/FWD,50,56,50,41,,,15,,,,,,
720,1009015,L.McNeil,McNeil,WBD,FWD,41,41,41,41,,,15,,,,,,
225,1020695,T.Emmett,Emmett,FRE,FWD,39.1111,31.3333,40.4,40.5,,,13,,,,,,
248,293854,M.Taberner,Taberner,FRE,FWD,37.5,32.6667,37.5,40.5,,,13,,,,,,
24,1000998,L.Murphy,Murphy,ADE,FWD,32.6667,32.6667,32.6667,40,,,15,,,,,,
299,1023736,J.Walter,Walter,GCS,FWD,41.7143,40.6667,42.6,40,,,14,,,,,,
761,998791,J.Jones,Jones,WCE,DEF,39.5,39.5,39.5,39.5,,,14,,,,,,
600,1017114,T.Sonsie,Sonsie,RIC,FWD,50,57.6667,50,39.5,,,15,,,,,,
559,1009195,D.Williams,Williams,PTA,DEF,37,37,37,39,,,13,,,,,,
582,1006030,J.Koschitzke,Koschitzke,RIC,FWD,41,50,50,39,,,15,,,,,,
692,1006232,S.Wicks,Wicks,SYD,FWD,45.7143,57.6667,55.2,38.5,,,12,,,,,,
407,1000887,M.Lewis,Lewis,HAW,FWD,37.6667,37.6667,37.6667,38,,,15,,,,,,
264,281124,L.Casboult,Casboult,GCS,FWD,47.3333,52,52,38,,,14,,,,,,
290,1027033,E.Read,Read,GCS,FWD/RUC,39.25,37.6667,39.25,38,,,14,,,,,,
487,1023494,Z.Duursma,Duursma,NTH,MID/FWD,45.5,45.3333,42.2,37.5,,,12,,,,,,
220,997033,B.Cox,Cox,FRE,DEF,37,37,37,37,,,13,,,,,,
51,1006059,K.Coleman,Coleman,BRL,DEF,37,0,0,37,,,12,,,,,,
718,990740,R.Lobb,Lobb,WBD,FWD,43,43,43,37,,,15,,,,,,
437,291867,B.Brown,Brown,MEL,FWD,40,34.6667,40,37,,,14,,,,,,
513,1002240,J.Stephenson,Stephenson,NTH,FWD,45.3333,49.3333,43.8,37,,,12,,,,,,
71,1028019,L.Morris,Morris,BRL,FWD,33.5,33.5,33.5,37,,,12,,,,,,
244,1027656,C.Simpson,Simpson,FRE,MID/FWD,37,37,37,37,,,13,,,,,,
586,1019916,K.McAuliffe,McAuliffe,RIC,MID,37,37,37,37,,,15,,,,,,
156,1013278,R.McInnes,McInnes,COL,FWD,47.2,45.3333,47.2,36.5,,,15,,,,,,
467,1002282,C.Spargo,Spargo,MEL,FWD,36,0,0,36,,,14,,,,,,
14,1008159,W.Hamill,Hamill,ADE,DEF,38.6667,38.6667,38.6667,36,,,15,,,,,,
296,290832,D.Swallow,Swallow,GCS,FWD/MID,30.75,17,20,35.5,,,14,,,,,,
751,1006576,L.Edwards,Edwards,WCE,FWD/MID,41.25,45.6667,38.6,35,,,14,,,,,,
104,296334,O.Fantasia,Fantasia,CAR,FWD,32.8571,32.3333,31.2,35,,,14,,,,,,
564,1013197,S.Banks,Banks,RIC,DEF/MID,36.5,43,34.6,34,,,15,,,,,,
469,1023640,K.Tholstrup,Tholstrup,MEL,FWD,34,34,34,34,,,14,,,,,,
765,1029416,R.Maric,Maric,WCE,FWD,37.2857,51.6667,43.2,33.5,,,14,,,,,,
587,294592,K.McIntosh,McIntosh,RIC,MID,34.375,27,28.8,33,,,15,,,,,,
246,1013611,S.Sturt,Sturt,FRE,FWD,33,33,33,33,,,13,,,,,,
510,280737,L.Shiels,Shiels,NTH,MID,29.25,36.6667,29.25,32,,,12,,,,,,
376,1027971,T.McMullin,McMullin,GWS,FWD,32,0,0,32,,,12,,,,,,
506,1002138,T.Pink,Pink,NTH,DEF,32.5,28.6667,32.5,31.5,,,12,,,,,,
691,1018424,Co.Warner,Warner,SYD,FWD,31.5,31.5,31.5,31.5,,,12,,,,,,
476,1018425,T.Woewodin,Woewodin,MEL,DEF/FWD,30.8571,47.3333,37.8,31,,,14,,,,,,
259,294472,R.Atkins,Atkins,GCS,DEF,38,38,38,30,,,14,,,,,,
185,297452,N.Hind,Hind,ESS,DEF/FWD,43.1429,69.3333,47.8,30,714,Richo,14,,,,,,
772,1004364,L.Ryan,Ryan,WCE,FWD,35.3333,35.3333,35.3333,30,,,14,,,,,,
545,1004819,J.McEntee,McEntee,PTA,FWD,30.2857,28,32.6,30,,,13,,,,,,
152,1012828,F.Macrae,Macrae,COL,FWD/MID,40.75,45,40.75,28,,,15,,,,,,
291,1018123,J.Rogers,Rogers,GCS,MID,52.75,61,52.75,28,,,14,,,,,,
308,1023537,J.Clark,Clark,GEE,MID,37,41.6667,31,28,,,14,,,,,,
680,1024096,C.Mitchell,Mitchell,SYD,DEF/MID,14,14,14,28,,,12,,,,,,
424,1017091,J.Serong,Serong,HAW,DEF,40.6667,40.6667,40.6667,27.5,,,15,,,,,,
479,1000061,C.Coleman-Jones,Coleman-Jones,NTH,FWD,34,34,34,27,,,12,,,,,,
28,1013153,P.Parnell,Parnell,ADE,DEF,27,27,27,27,,,15,,,,,,
235,992472,O.McDonald,McDonald,FRE,DEF,27,27,27,27,,,13,,,,,,
464,993841,J.Schache,Schache,MEL,FWD,27,0,0,27,,,14,,,,,,
196,1013201,J.Menzie,Menzie,ESS,FWD,28.4,20.3333,28.4,26,,,14,,,,,,
700,1005717,N.Coffield,Coffield,WBD,DEF,26,26,26,26,,,15,,,,,,
101,295518,S.Docherty,Docherty,CAR,MID,25,0,0,25,,,14,,,,,,
77,1009385,D.Robertson,Robertson,BRL,MID/FWD,25,25,25,25,,,12,,,,,,
404,1023680,H.Hustwaite,Hustwaite,HAW,MID,25,18,25,25,,,15,,,,,,
420,1027965,M.Ramsden,Ramsden,HAW,FWD,34,34,34,25,,,15,,,,,,
394,1010708,S.Butler,Butler,HAW,FWD,23.5,23.5,23.5,23.5,,,15,,,,,,
29,1012218,L.Pedlar,Pedlar,ADE,FWD,27.75,18,27.75,22,,,15,,,,,,
112,298302,C.Marchbank,Marchbank,CAR,DEF,22,22,22,22,,,14,,,,,,
738,1020057,H.Barnett,Barnett,WCE,RUC/FWD,22,22,22,22,,,14,,,,,,
618,1027872,A.Hastie,Hastie,STK,DEF,20.4,27.6667,20.4,22,,,15,,,,,,
608,992374,D.Butler,Butler,STK,FWD,22.5,17.3333,22.5,21.5,,,15,,,,,,
773,296296,D.Sheed,Sheed,WCE,MID,28.5,36.6667,28.5,21,,,14,,,,,,
83,1021108,J.Tunstill,Tunstill,BRL,FWD,31.6667,31.6667,31.6667,21,,,12,,,,,,
532,1017255,F.Evans,Evans,PTA,FWD,27,32.6667,27,20,,,13,,,,,,
176,1017933,A.Davey Jnr,Davey Jnr,ESS,FWD,25.6667,20,30,20,,,14,,,,,,
449,1012826,B.Laurie,Laurie,MEL,FWD,14,11,11,19,,,14,,,,,,
282,993917,B.Long,Long,GCS,DEF,34,34,34,17.5,,,14,,,,,,
338,291357,G.Rohan,Rohan,GEE,FWD,41,41,41,16,,,14,,,,,,
724,1011589,C.Poulter,Poulter,WBD,MID,15,15,15,15,,,15,,,,,,
597,1012386,S.Ryan,Ryan,RIC,RUC/FWD,15,0,0,15,,,15,,,,,,
13,1018075,L.Gollant,Gollant,ADE,FWD,21,21,21,15,,,15,,,,,,
226,1020250,N.Erasmus,Erasmus,FRE,FWD/MID,15,15,15,15,,,13,,,,,,
201,1012817,Z.Reid,Reid,ESS,DEF,15,15,15,15,,,14,,,,,,
753,290801,A.Gaff,Gaff,WCE,MID,13,13,13,13,,,14,,,,,,
149,997974,A.Johnson,Johnson,COL,FWD,13,14,14,13,,,15,,,,,,
477,1020968,J.Archer,Archer,NTH,DEF,34.5,34.5,34.5,12,,,12,,,,,,
760,1027969,H.Johnston,Johnston,WCE,MID/FWD,15,15,15,11,,,14,,,,,,
768,1020032,L.Rawlinson,Rawlinson,WCE,MID/FWD,11,11,11,11,,,14,,,,,,
284,996464,D.Macpherson,Macpherson,GCS,DEF,8,1,1,8,,,14,,,,,,
570,1017043,J.Clarke,Clarke,RIC,FWD,8,8,8,8,,,15,,,,,,
89,1023533,J.Binns,Binns,CAR,MID,8,8,8,8,,,14,,,,,,
787,1031819,T.Sellers,Sellers,NTH,FWD,4.5,4.5,4.5,4.5,,,12,,,,,,
613,1017959,L.Collard,Collard,STK,FWD,4,4,4,4,,,15,,,,,,
682,290778,L.Parker,Parker,SYD,MID,0,0,0,0,719,Kappaz,12,,,,,,
202,1001026,J.Ridley,Ridley,ESS,DEF,0,0,0,0,718,Chief,14,,,,,,
752,993902,M.Flynn,Flynn,WCE,RUC,0,0,0,0,715,Melons,14,,,,,,
679,993905,C.Mills,Mills,SYD,MID,0,0,0,0,,,12,,,,,,
46,1023517,W.Ashcroft,Ashcroft,BRL,MID,0,0,0,0,,,12,,,,,,
300,298524,L.Weller,Weller,GCS,DEF,0,0,0,0,,,14,,,,,,
728,1006130,B.Smith,Smith,WBD,MID/FWD,0,0,0,0,,,15,,,,,,
446,294557,L.Hunter,Hunter,MEL,MID,0,0,0,0,,,14,,,,,,
250,993940,C.Wagner,Wagner,FRE,DEF,0,0,0,0,,,13,,,,,,
670,997142,P.Ladhams,Ladhams,SYD,RUC,0,0,0,0,,,12,,,,,,
205,291783,D.Shiel,Shiel,ESS,MID,0,0,0,0,,,14,,,,,,
356,1001396,I.Cumming,Cumming,GWS,DEF/MID,0,0,0,0,,,12,,,,,,
125,1001028,J.Silvagni,Silvagni,CAR,FWD,0,0,0,0,,,14,,,,,,
53,1000932,T.Doedee,Doedee,BRL,DEF,0,0,0,0,,,12,,,,,,
500,997933,G.Logue,Logue,NTH,DEF,0,0,0,0,,,12,,,,,,
171,1011954,N.Bryan,Bryan,ESS,RUC,0,0,0,0,,,14,,,,,,
612,1002264,H.Clark,Clark,STK,MID,0,0,0,0,,,15,,,,,,
406,998390,C.Jiath,Jiath,HAW,DEF,0,0,0,0,,,15,,,,,,
452,298470,S.McAdam,McAdam,MEL,FWD,0,0,0,0,,,14,,,,,,
25,1008230,N.Murray,Murray,ADE,DEF,0,0,0,0,,,15,,,,,,
113,296190,J.Martin,Martin,CAR,FWD,40,40,40,0,,,14,,,,,,
40,1008384,R.Thilthorpe,Thilthorpe,ADE,FWD,0,0,0,0,,,15,,,,,,
157,297504,D.McStay,McStay,COL,FWD,0,0,0,0,,,15,,,,,,
514,1006137,C.Taylor,Taylor,NTH,MID/FWD,0,0,0,0,,,12,,,,,,
267,1013268,A.Davies,Davies,GCS,MID/FWD,98,98,98,0,720,Jmerc,14,,,,,,
216,998129,W.Brodie,Brodie,FRE,MID,0,0,0,0,,,13,,,,,,
380,992644,B.Preuss,Preuss,GWS,RUC,0,0,0,0,,,12,,,,,,
616,1002256,P.Dow,Dow,STK,MID,0,0,0,0,,,15,,,,,,
546,290527,T.McKenzie,McKenzie,PTA,DEF,0,0,0,0,,,13,,,,,,
328,1021103,M.Knevitt,Knevitt,GEE,MID,0,0,0,0,,,14,,,,,,
119,1017700,J.Motlop,Motlop,CAR,FWD,0,0,0,0,,,14,,,,,,
715,290797,A.Keath,Keath,WBD,DEF,52,52,52,0,,,15,,,,,,
710,997501,R.Gardner,Gardner,WBD,DEF,0,0,0,0,,,15,,,,,,
687,1020339,A.Sheldrick,Sheldrick,SYD,MID,0,0,0,0,,,12,,,,,,
431,291962,C.Wingard,Wingard,HAW,FWD,0,0,0,0,,,15,,,,,,
278,1005992,J.Jeffrey,Jeffrey,GCS,DEF/FWD,71,71,71,0,,,14,,,,,,
33,1008543,H.Schoenberg,Schoenberg,ADE,MID,0,0,0,0,,,15,,,,,,
660,990816,A.Francis,Francis,SYD,DEF,63,63,63,0,,,12,,,,,,
727,992048,A.Scott,Scott,WBD,MID/FWD,0,0,0,0,,,15,,,,,,
684,290188,S.Reid,Reid,SYD,FWD,0,0,0,0,,,12,,,,,,
237,1013220,N.O'Driscoll,O'Driscoll,FRE,MID,0,0,0,0,,,13,,,,,,
210,993806,S.Weideman,Weideman,ESS,FWD,0,0,0,0,,,14,,,,,,
634,1004985,B.Paton,Paton,STK,DEF,21,21,21,0,,,15,,,,,,
281,294013,S.Lemmens,Lemmens,GCS,DEF,0,0,0,0,,,14,,,,,,
664,295222,J.Hamling,Hamling,SYD,DEF,0,0,0,0,,,12,,,,,,
478,1017095,M.Bergman,Bergman,NTH,DEF,0,0,0,0,,,12,,,,,,
540,1012881,O.Lord,Lord,PTA,FWD,0,0,0,0,,,13,,,,,,
756,1020670,E.Hewett,Hewett,WCE,MID/FWD,0,0,0,0,,,14,,,,,,
303,293883,J.Bews,Bews,GEE,DEF,0,0,0,0,,,14,,,,,,
455,280824,J.Melksham,Melksham,MEL,FWD,0,0,0,0,,,14,,,,,,
466,1003546,J.Smith,Smith,MEL,FWD,0,0,0,0,,,14,,,,,,
288,1009320,H.Oea,Oea,GCS,MID/FWD,0,0,0,0,,,14,,,,,,
59,1003520,D.Joyce,Joyce,BRL,DEF,0,0,0,0,,,12,,,,,,
347,1015777,R.Angwin,Angwin,GWS,MID,0,0,0,0,,,12,,,,,,
170,1008975,K.Baldwin,Baldwin,ESS,DEF,0,0,0,0,,,14,,,,,,
371,290314,L.Keeffe,Keeffe,GWS,FWD,0,0,0,0,,,12,,,,,,
270,999715,J.Farrar,Farrar,GCS,DEF,0,0,0,0,,,14,,,,,,
392,1011839,J.Blanck,Blanck,HAW,DEF,0,0,0,0,,,15,,,,,,
548,999824,Q.Narkle,Narkle,PTA,FWD,0,0,0,0,,,13,,,,,,
746,1020802,J.Culley,Culley,WCE,MID/FWD,0,0,0,0,,,14,,,,,,
699,1015929,L.Cleary,Cleary,WBD,DEF,41,41,41,0,,,15,,,,,,
713,1020586,A.Jones,Jones,WBD,FWD,0,0,0,0,,,15,,,,,,
573,1009308,N.Cumberland,Cumberland,RIC,FWD,16,16,16,0,,,15,,,,,,
365,1017093,C.Hamilton,Hamilton,GWS,MID,0,0,0,0,,,12,,,,,,
740,1017718,R.Bazzo,Bazzo,WCE,DEF,0,0,0,0,,,14,,,,,,
285,1009189,J.Mahony,Mahony,GCS,MID/FWD,0,0,0,0,,,14,,,,,,
408,1029261,B.Macdonald,Macdonald,HAW,DEF,0,0,0,0,,,15,,,,,,
74,1009386,J.Prior,Prior,BRL,DEF,31,31,31,0,,,12,,,,,,
172,1027899,N.Caddy,Caddy,ESS,FWD,0,0,0,0,,,14,,,,,,
382,1021122,H.Rowston,Rowston,GWS,MID,0,0,0,0,,,12,,,,,,
279,1024666,L.Johnston,Johnston,GCS,DEF,42,42,42,0,,,14,,,,,,
274,1006087,C.Graham,Graham,GCS,DEF,0,0,0,0,,,14,,,,,,
572,1008616,M.Coulthard,Coulthard,RIC,FWD,0,0,0,0,,,15,,,,,,
361,1032042,P.Gothard,Gothard,GWS,FWD,0,0,0,0,,,12,,,,,,
497,1020979,C.Harvey,Harvey,NTH,FWD,0,0,0,0,,,12,,,,,,
78,1012127,B.Ryan,Ryan,BRL,FWD,0,0,0,0,,,12,,,,,,
673,1021200,L.McAndrew,McAndrew,SYD,RUC,0,0,0,0,,,12,,,,,,
529,294504,T.Clurey,Clurey,PTA,DEF,0,0,0,0,,,13,,,,,,
219,1005547,J.Corbett,Corbett,FRE,FWD,0,0,0,0,,,13,,,,,,
373,291509,A.Kennedy,Kennedy,GWS,DEF/FWD,0,0,0,0,,,12,,,,,,
701,1013996,J.Croft,Croft,WBD,FWD,0,0,0,0,,,15,,,,,,
557,1017128,D.Visentini,Visentini,PTA,RUC,75,75,75,0,,,13,,,,,,
661,1027901,W.Green,Green,SYD,RUC,0,0,0,0,,,12,,,,,,
774,1011449,Z.Trew,Trew,WCE,MID,0,0,0,0,,,14,,,,,,
401,1013093,D.Grainger-Barras,Grainger-Barras,HAW,DEF/FWD,0,0,0,0,,,15,,,,,,
359,1017751,J.Fahey,Fahey,GWS,MID,0,0,0,0,,,12,,,,,,
374,1032119,J.Leake,Leake,GWS,DEF,0,0,0,0,,,12,,,,,,
412,1022410,W.McCabe,McCabe,HAW,DEF,0,0,0,0,,,15,,,,,,
783,1002922,J.Bytel,Bytel,COL,MID,26,26,26,0,,,15,,,,,,
2,1023534,H.Bond,Bond,ADE,DEF,0,0,0,0,,,15,,,,,,
10,1015329,B.Dowling,Dowling,ADE,MID/FWD,0,0,0,0,,,15,,,,,,
38,1008752,K.Strachan,Strachan,ADE,RUC,0,0,0,0,,,15,,,,,,
39,1017065,Z.Taylor,Taylor,ADE,MID,0,0,0,0,,,15,,,,,,
49,1028105,S.Brain,Brain,BRL,FWD,36,36,36,0,,,12,,,,,,
60,1018296,K.Lane,Lane,BRL,RUC,0,0,0,0,,,12,,,,,,
65,1013978,J.Madden,Madden,BRL,DEF,0,0,0,0,,,12,,,,,,
70,1013260,C.Michael,Michael,BRL,DEF,0,0,0,0,,,12,,,,,,
80,1016189,H.Smith,Smith,BRL,RUC/FWD,0,0,0,0,,,12,,,,,,
88,1015830,D.Akuei,Akuei,CAR,DEF,0,0,0,0,,,14,,,,,,
103,297767,S.Durdin,Durdin,CAR,DEF,0,0,0,0,,,14,,,,,,
111,1020072,H.Lemmey,Lemmey,CAR,FWD,0,0,0,0,,,14,,,,,,
116,1023446,A.Mirkov,Mirkov,CAR,RUC,0,0,0,0,,,14,,,,,,
121,1023489,H.O'Keeffe,O'Keeffe,CAR,RUC,0,0,0,0,,,14,,,,,,
131,1022915,E.Allan,Allan,COL,MID,0,0,0,0,,,15,,,,,,
132,1015748,A.Begg,Begg,COL,RUC,0,0,0,0,,,15,,,,,,
134,1027021,J.Carmichael,Carmichael,COL,FWD,0,0,0,0,,,15,,,,,,
150,997254,N.Kreuger,Kreuger,COL,RUC/FWD,0,0,0,0,,,15,,,,,,
165,1008239,J.Richards,Richards,COL,FWD,107,107,107,0,716,Garter,15,,,,,,
166,1020104,J.Ryan,Ryan,COL,DEF,0,0,0,0,,,15,,,,,,
169,1022844,O.Steene,Steene,COL,RUC/FWD,0,0,0,0,,,15,,,,,,
175,1017961,J.Davey,Davey,ESS,FWD,0,0,0,0,,,14,,,,,,
183,1023487,L.Hayes,Hayes,ESS,DEF,0,0,0,0,,,14,,,,,,
187,1020424,J.Hunter,Hunter,ESS,FWD,0,0,0,0,,,14,,,,,,
209,1012521,T.Wanganeen,Wanganeen,ESS,FWD,0,0,0,0,,,14,,,,,,
222,1022927,H.Davies,Davies,FRE,DEF,0,0,0,0,,,13,,,,,,
233,1027701,M.Knobel,Knobel,FRE,RUC,0,0,0,0,,,13,,,,,,
234,1012048,S.Kuek,Kuek,FRE,FWD,0,0,0,0,,,13,,,,,,
240,1023346,L.Reidy,Reidy,FRE,RUC,0,0,0,0,,,13,,,,,,
245,1031801,E.Stanley,Stanley,FRE,MID,0,0,0,0,,,13,,,,,,
253,1017970,C.Williams,Williams,FRE,MID/FWD,0,0,0,0,,,13,,,,,,
262,1013315,S.Brock,Brock,GCS,DEF,0,0,0,0,,,14,,,,,,
271,1017089,O.Faulkhead,Faulkhead,GCS,MID/FWD,0,0,0,0,,,14,,,,,,
297,296280,J.Tsitas,Tsitas,GCS,FWD,0,0,0,0,,,14,,,,,,
309,1023542,T.Clohesy,Clohesy,GEE,FWD,0,0,0,0,,,14,,,,,,
317,1019945,P.Foster,Foster,GEE,FWD,0,0,0,0,,,14,,,,,,
321,1008825,M.Hardie,Hardie,GEE,MID,0,0,0,0,,,14,,,,,,
327,1005150,E.Jeka,Jeka,GEE,DEF,0,0,0,0,,,14,,,,,,
333,1027852,O.Murdoch,Murdoch,GEE,DEF,0,0,0,0,,,14,,,,,,
344,1011633,J.Willis,Willis,GEE,MID,0,0,0,0,,,14,,,,,,
358,1016140,W.Derksen,Derksen,GWS,FWD,0,0,0,0,,,12,,,,,,
364,1027921,M.Gruzewski,Gruzewski,GWS,FWD,0,0,0,0,,,12,,,,,,
375,1023743,N.Madden,Madden,GWS,RUC,0,0,0,0,,,12,,,,,,
383,1015862,C.Stone,Stone,GWS,FWD,34,34,34,0,,,12,,,,,,
391,1018106,J.Bennetts,Bennetts,HAW,FWD,0,0,0,0,,,15,,,,,,
419,1023531,J.O'Sullivan,O'Sullivan,HAW,FWD,0,0,0,0,,,15,,,,,,
426,1004948,C.Stephens,Stephens,HAW,MID,0,0,0,0,,,15,,,,,,
427,1027837,C.Tucker,Tucker,HAW,RUC,0,0,0,0,,,15,,,,,,
433,1023174,J.Adams,Adams,MEL,DEF,0,0,0,0,,,14,,,,,,
440,1030866,K.Farris-White,Farris-White,MEL,RUC,0,0,0,0,,,14,,,,,,
442,1013532,T.Fullarton,Fullarton,MEL,FWD,0,0,0,0,,,14,,,,,,
447,1023486,M.Jefferson,Jefferson,MEL,FWD,0,0,0,0,,,14,,,,,,
456,1013165,A.Moniz-Wakefield,Moniz-Wakefield,MEL,FWD,0,0,0,0,,,14,,,,,,
465,1029973,O.Sestan,Sestan,MEL,FWD,0,0,0,0,,,14,,,,,,
473,1015473,W.Verrall,Verrall,MEL,RUC,0,0,0,0,,,14,,,,,,
490,1020627,H.Free,Free,NTH,RUC,0,0,0,0,,,12,,,,,,
491,1023544,B.George,George,NTH,FWD,0,0,0,0,,,12,,,,,,
495,1023144,R.Hansen Jr,Hansen Jr,NTH,FWD,0,0,0,0,,,12,,,,,,
538,1015330,H.Jackson,Jackson,PTA,MID,0,0,0,0,,,13,,,,,,
542,1021276,K.Marshall,Marshall,PTA,DEF,0,0,0,0,,,13,,,,,,
544,1021296,T.McCallum,McCallum,PTA,DEF,0,0,0,0,,,13,,,,,,
553,1020066,T.Scully,Scully,PTA,FWD,0,0,0,0,,,13,,,,,,
554,1017078,J.Sinn,Sinn,PTA,MID,50,50,50,0,,,13,,,,,,
565,1021152,J.Bauer,Bauer,RIC,FWD,0,0,0,0,,,15,,,,,,
571,1021660,M.Colina,Colina,RIC,RUC/FWD,0,0,0,0,,,15,,,,,,
578,1023056,S.Green,Green,RIC,FWD,0,0,0,0,,,15,,,,,,
599,1022999,K.Smith,Smith,RIC,DEF,0,0,0,0,,,15,,,,,,
605,1015714,M.Allison,Allison,STK,FWD,0,0,0,0,,,15,,,,,,
611,290246,T.Campbell,Campbell,STK,RUC,0,0,0,0,,,15,,,,,,
620,1015886,M.Heath,Heath,STK,RUC/FWD,0,0,0,0,,,15,,,,,,
624,1027959,O.Hotton,Hotton,STK,MID/FWD,0,0,0,0,,,15,,,,,,
627,1015323,I.Keeler,Keeler,STK,FWD,0,0,0,0,,,15,,,,,,
630,1017077,A.McLennan,McLennan,STK,DEF,0,0,0,0,,,15,,,,,,
642,1023547,J.Van Es,Van Es,STK,DEF,0,0,0,0,,,15,,,,,,
651,1008460,H.Arnold,Arnold,SYD,DEF,0,0,0,0,,,12,,,,,,
653,1009392,J.Buller,Buller,SYD,FWD,0,0,0,0,,,12,,,,,,
657,1017757,W.Edwards,Edwards,SYD,DEF,0,0,0,0,,,12,,,,,,
669,1023530,J.Konstanty,Konstanty,SYD,FWD,0,0,0,0,,,12,,,,,,
672,1015457,J.Magor,Magor,SYD,DEF,0,0,0,0,,,12,,,,,,
689,1023498,C.Vickery,Vickery,SYD,DEF,0,0,0,0,,,12,,,,,,
694,1015822,D.Bedendo,Bedendo,WBD,MID,0,0,0,0,,,15,,,,,,
697,1023017,J.Busslinger,Busslinger,WBD,DEF,0,0,0,0,,,15,,,,,,
698,1023787,C.Clarke,Clarke,WBD,FWD,0,0,0,0,,,15,,,,,,
737,1020595,J.Baker,Baker,WCE,DEF,0,0,0,0,,,14,,,,,,
742,1023502,C.Burgiel,Burgiel,WCE,DEF,0,0,0,0,,,14,,,,,,
748,1023142,T.Dewar,Dewar,WCE,FWD,26,26,26,0,,,14,,,,,,
492,1031506,T.Goad,Goad,NTH,RUC,0,0,0,0,,,12,,,,,,
11,1028671,C.Edwards,Edwards,ADE,DEF/MID,0,0,0,0,,,15,,,,,,
32,1027893,O.Ryan,Ryan,ADE,DEF,0,0,0,0,,,15,,,,,,
62,1027985,L.Lloyd,Lloyd,BRL,FWD,0,0,0,0,,,12,,,,,,
82,1024187,R.Torrent,Torrent,BRL,MID,0,0,0,0,,,12,,,,,,
85,1032650,Z.Zakostelsky,Zakostelsky,BRL,DEF/RUC,0,0,0,0,,,12,,,,,,
117,1020097,A.Moir,Moir,CAR,FWD,0,0,0,0,,,14,,,,,,
129,1027678,B.Wilson,Wilson,CAR,DEF/MID,0,0,0,0,,,14,,,,,,
141,1027673,H.DeMattia,DeMattia,COL,MID,0,0,0,0,,,15,,,,,,
148,1032017,T.Jiath,Jiath,COL,DEF,0,0,0,0,,,15,,,,,,
192,1027706,L.Lual,Lual,ESS,DEF,0,0,0,0,,,14,,,,,,
203,1023515,A.Roberts,Roberts,ESS,DEF,0,0,0,0,,,14,,,,,,
223,1019975,J.Delean,Delean,FRE,FWD,0,0,0,0,,,13,,,,,,
236,1027990,O.Murphy,Murphy,FRE,DEF,0,0,0,0,,,13,,,,,,
316,1024304,M.Edwards,Edwards,GEE,RUC,0,0,0,0,,,14,,,,,,
326,1013464,L.Humphries,Humphries,GEE,DEF/MID,0,0,0,0,,,14,,,,,,
341,1023681,G.Stevens,Stevens,GEE,MID,0,0,0,0,,,14,,,,,,
345,1020881,O.Wiltshire,Wiltshire,GEE,MID/FWD,0,0,0,0,,,14,,,,,,
360,1032629,J.Fonti,Fonti,GWS,DEF,0,0,0,0,,,12,,,,,,
422,1022473,B.Ryan,Ryan,HAW,DEF,0,0,0,0,,,15,,,,,,
485,1028551,W.Dawson,Dawson,NTH,DEF/FWD,0,0,0,0,,,12,,,,,,
521,1027870,T.Anastasopoulos,Anastasopoulos,PTA,FWD,0,0,0,0,,,13,,,,,,
528,1014013,L.Charleson,Charleson,PTA,MID/FWD,0,0,0,0,,,13,,,,,,
541,1029262,W.Lorenz,Lorenz,PTA,MID/FWD,0,0,0,0,,,13,,,,,,
575,1022383,L.Fawcett,Fawcett,RIC,FWD,0,0,0,0,,,15,,,,,,
637,1024279,A.Schoenmaker,Schoenmaker,STK,DEF,0,0,0,0,,,15,,,,,,
655,1024057,C.Cleary,Cleary,SYD,MID,0,0,0,0,,,12,,,,,,
688,1024685,P.Snell,Snell,SYD,DEF/FWD,0,0,0,0,,,12,,,,,,
707,1027704,J.Freijah,Freijah,WBD,MID/FWD,63,63,63,0,,,15,,,,,,
729,1027702,L.Smith,Smith,WBD,RUC,0,0,0,0,,,15,,,,,,
755,1024188,C.Hall,Hall,WCE,MID,0,0,0,0,,,14,,,,,,
769,1027693,A.Reid,Reid,WCE,RUC/FWD,0,0,0,0,,,14,,,,,,
92,1027964,M.Carroll,Carroll,CAR,DEF,0,0,0,0,,,14,,,,,,
118,1035129,R.Monahan,Monahan,CAR,FWD,0,0,0,0,,,14,,,,,,
208,1027966,V.Visentini,Visentini,ESS,RUC,0,0,0,0,,,14,,,,,,
232,1028371,O.Jones,Jones,FRE,RUC,0,0,0,0,,,13,,,,,,
294,1019939,W.Rowlands,Rowlands,GCS,MID/FWD,0,0,0,0,,,14,,,,,,
318,1011944,J.Furphy,Furphy,GEE,RUC,0,0,0,0,,,14,,,,,,
387,1034066,N.Wardius,Wardius,GWS,FWD,0,0,0,0,,,12,,,,,,
438,1027949,K.Brown,Brown,MEL,MID/FWD,0,0,0,0,,,14,,,,,,
501,1031792,F.Maley,Maley,NTH,RUC/FWD,0,0,0,0,,,12,,,,,,
558,1029158,X.Walsh,Walsh,PTA,FWD,0,0,0,0,,,13,,,,,,
580,1035199,O.Hayes-Brown,Hayes-Brown,RIC,RUC,0,0,0,0,,,15,,,,,,
632,1035198,L.O'Connell,O'Connell,STK,DEF,0,0,0,0,,,15,,,,,,
668,1027058,I.Kirk,Kirk,SYD,MID,0,0,0,0,,,12,,,,,,
763,1028291,C.Livingstone,Livingstone,WCE,RUC/FWD,0,0,0,0,,,14,,,,,,
780,1035372,K.Gallagher,Gallagher,ADE,DEF,0,0,0,0,,,15,,,,,,
782,1015712,J.Eyre,Eyre,COL,DEF,0,0,0,0,,,15,,,,,,
785,1005052,E.Phillips,Phillips,HAW,DEF,0,0,0,0,,,15,,,,,,
788,1012873,W.Parker,Parker,COL,DEF,0,0,0,0,,,15,,,,,,
515,1005729,T.*** Thomas,*** Thomas,NTH,MID,0,0,0,0,,,12,,,,,,
436,298279,A.*** Brayshaw,*** Brayshaw,MEL,DEF/MID,0,0,0,0,,,14,,,,,,
35,270963,R.*** Sloane,*** Sloane,ADE,MID,0,0,0,0,,,15,,,,,,
161,1005107,N.*** Murphy,*** Murphy,COL,DEF,0,0,0,0,,,15,,,,,,
723,1024064,A.*** O'Driscoll,*** O'Driscoll,WBD,FWD,0,0,0,0,,,15,,,,,,