"id","feed_id","first_name","last_name","team","pos","avg","adp","rank"
695,"297373","Marcus","Bontempelli","WBD","MID",129.65,1.9794,1
706,"1004592","Tim","English","WBD","RUC",127.96,3.4312,2
138,"1023261","Nick","Daicos","COL","DEF/MID",116.3,4.3006,3
459,"298210","Christian","Petracca","MEL","MID",119.48,5.4165,4
20,"293222","Rory","Laird","ADE","MID",116.86,9.4667,5
458,"996701","Clayton","Oliver","MEL","MID",120.62,10.7411,6
197,"992016","Zach","Merrett","ESS","MID",116.32,11.3685,7
9,"992242","Jordan","Dawson","ADE","MID",115.87,11.4782,8
425,"297566","James","Sicily","HAW","DEF",114.05,11.7737,9
526,"1006121","Zak","Butters","PTA","MID",113.83,12.9856,10
629,"992468","Rowan","Marshall","STK","RUC",114.35,13.0062,11
663,"1013128","Errol","Gulden","SYD","MID",111.3,14.1701,12
342,"291800","Tom","Stewart","GEE","DEF",113.68,15.1054,13
717,"290799","Tom","Liberatore","WBD","MID",116.05,16.659,14
54,"993834","Josh","Dunkley","BRL","MID",115.24,16.9271,15
362,"1009528","Tom","Green","GWS","MID",111.21,18.5821,16
443,"290528","Max","Gawn","MEL","RUC",104.45,19.2759,17
483,"1002267","Luke","Davies-Uniacke","NTH","MID",113.64,19.4736,18
242,"1009420","Caleb","Serong","FRE","MID",111.23,21.19,19
72,"293535","Lachie","Neale","BRL","MID",110.39,23.5672,20
241,"998659","Luke","Ryan","FRE","DEF",109.48,24.1343,21
639,"994389","Jack","Sinclair","STK","DEF",106.7,24.7743,22
215,"1002232","Andrew","Brayshaw","FRE","MID",108.96,25.3256,23
552,"1001299","Connor","Rozee","PTA","MID",107.57,27.9091,24
126,"1006094","Sam","Walsh","CAR","MID",103.2,29.6541,25
719,"295467","Jack","Macrae","WBD","MID/FWD",99.91,29.6556,26
350,"1008436","Kieren","Briggs","GWS","RUC",108.93,31.0249,27
537,"994295","Dan","Houston","PTA","DEF",106.13,31.85,28
198,"993817","Darcy","Parish","ESS","MID",108.11,33.372,29
601,"998172","Tim","Taranto","RIC","MID",106.65,34.4538,30
301,"291975","Jarrod","Witts","GCS","RUC",106.14,34.8004,31
93,"1002239","Adam","Cerra","CAR","MID",108.32,35.4078,32
509,"1023518","Harry","Sheezel","NTH","DEF",99.52,35.525,33
230,"1009399","Luke","Jackson","FRE","RUC/FWD",97.87,35.5282,34
257,"1009199","Noah","Anderson","GCS","MID",104.91,38.3596,35
221,"998145","Sean","Darcy","FRE","RUC",105.47,38.4797,36
730,"291790","Adam","Treloar","WBD","MID",107.68,41.8075,37
286,"298272","Touk","Miller","GCS","MID",97.62,44.6902,38
566,"993993","Shai","Bolton","RIC","MID/FWD",96.74,44.9584,39
255,"1009256","Hayden","Young","FRE","DEF",93.95,45.0066,40
99,"996731","Charlie","Curnow","CAR","FWD",97.57,45.7942,41
662,"293957","Brodie","Grundy","SYD","RUC",86.24,47.1203,42
120,"297907","Nic","Newman","CAR","DEF",100.19,47.8523,43
293,"1009208","Matt","Rowell","GCS","MID",102.3,48.2778,44
598,"992049","Jayden","Short","RIC","DEF",98.63,48.4423,45
372,"296347","Josh","Kelly","GWS","MID",101.63,49.0659,46
690,"1012014","Chad","Warner","SYD","MID",100.25,49.9836,47
762,"295898","Tim","Kelly","WCE","MID",102.73,50.5244,48
355,"291969","Stephen","Coniglio","GWS","MID",101.7,50.8528,49
590,"298174","Toby","Nankervis","RIC","RUC",104.33,51.1224,50
585,"290847","Dustin","Martin","RIC","FWD",94.35,52.1938,51
418,"1020895","Jai","Newcombe","HAW","MID",98.27,53.0869,52
202,"1001026","Jordan","Ridley","ESS","DEF",94.88,54.8556,53
273,"1009260","Sam","Flanders","GCS","MID/FWD",88.43,55.145,54
97,"990704","Patrick","Cripps","CAR","MID",97.52,55.265,55
137,"1005054","Josh","Daicos","COL","MID",99.09,55.2956,56
363,"295344","Toby","Greene","GWS","FWD",91,55.7324,57
703,"295136","Caleb","Daniel","WBD","MID/FWD",92.83,56.0719,58
101,"295518","Sam","Docherty","CAR","MID",100.6,57.3821,59
671,"295342","Jake","Lloyd","SYD","DEF",95.77,58.3082,60
640,"296205","Jack","Steele","STK","MID",94.75,58.628,61
139,"994185","Jordan","De Goey","COL","MID",96.61,59.9282,62
389,"294305","Lachie","Whitfield","GWS","DEF",92.86,61.1806,63
474,"291902","Jack","Viney","MEL","MID",100.14,61.801,64
415,"1006314","Dylan","Moore","HAW","FWD",91,67.2845,65
27,"297523","Reilly","O'Brien","ADE","RUC",95.78,67.311,66
645,"296422","Callum","Wilkie","STK","DEF",94.22,68.1045,67
397,"1008550","Will","Day","HAW","MID",97.43,70.119,68
615,"294307","Brad","Crouch","STK","MID",97.52,71.0153,69
200,"997078","Mason","Redman","ESS","DEF",90.87,74.0047,70
682,"290778","Luke","Parker","SYD","MID",96.86,74.389,71
666,"298539","Isaac","Heeney","SYD","FWD",86.55,75.1407,72
702,"996708","Bailey","Dale","WBD","DEF",90.83,77.1301,73
436,"298279","Angus","Brayshaw","MEL","DEF/MID",89.83,77.2488,74
160,"298288","Darcy","Moore","COL","DEF",90.52,77.896,75
67,"1000978","Hugh","McCluggage","BRL","MID",93.73,78.64,76
159,"291856","Tom","Mitchell","COL","MID",94.65,79.4579,77
307,"293845","Jeremy","Cameron","GEE","FWD",82.8,79.5022,78
289,"1007881","Wil","Powell","GCS","DEF",91.89,80.1068,79
770,"1023492","Harley","Reid","WCE","MID/FWD",0,81.9105,80
41,"280506","Taylor","Walker","ADE","FWD",89.55,82.1253,81
652,"1006028","Nick","Blakey","SYD","DEF",89.39,82.1436,82
603,"294674","Nick","Vlastuin","RIC","DEF",92.1,82.6156,83
304,"296733","Mark","Blicavs","GEE","RUC/MID",91.58,84.4433,84
68,"1005521","Oscar","McInerney","BRL","RUC",94.36,85.016,85
124,"295461","Adam","Saad","CAR","DEF",89.59,86.0923,86
643,"1015507","Nasiah","Wanganeen-Milera","STK","DEF",85.13,87.8093,87
163,"260257","Scott","Pendlebury","COL","MID",93.95,87.9753,88
180,"271129","Todd","Goldstein","ESS","RUC",95.45,88.313,89
315,"281065","Mitch","Duncan","GEE","DEF",90.31,88.608,90
749,"298268","Liam","Duggan","WCE","DEF",90.09,89.4339,91
649,"291776","Taylor","Adams","SYD","MID/FWD",78.23,89.5835,92
133,"990291","Darcy","Cameron","COL","RUC",92.19,89.8495,93
193,"1012013","Nic","Martin","ESS","MID",88.17,90.6167,94
648,"295340","Mason","Wood","STK","MID",92.96,91.4237,95
44,"996059","Harris","Andrews","BRL","DEF",89.09,94.7678,96
7,"297401","Matt","Crouch","ADE","MID",97.57,94.8631,97
594,"1000981","Daniel","Rioli","RIC","DEF",86.91,97.4022,98
86,"261224","Dayne","Zorko","BRL","MID/FWD",86,97.806,99
31,"1001195","Izak","Rankine","ADE","FWD",82.6,99.0093,100
562,"1000223","Liam","Baker","RIC","DEF/FWD",79.74,99.6244,101
432,"1002222","James","Worpel","HAW","MID",89.96,100.815,102
679,"993905","Callum","Mills","SYD","MID",87.74,101.537,103
136,"293871","Jack","Crisp","COL","MID",89.22,101.608,104
194,"998102","Andrew","McGrath","ESS","DEF",86.87,103.265,105
530,"280711","Charlie","Dixon","PTA","FWD",87.69,103.565,106
752,"993902","Matt","Flynn","WCE","RUC",88,106,107
312,"270917","Patrick","Dangerfield","GEE","MID",87.72,106.48,108
768,"1020032","Loch","Rawlinson","WCE","MID/FWD",0,106.609,109
390,"297354","Karl","Amon","HAW","MID",86.48,106.617,110
725,"1008280","Ed","Richards","WBD","DEF",86.21,106.623,111
515,"1005729","Tarryn","Thomas","NTH","MID",90.25,106.661,112
560,"294318","Ollie","Wines","PTA","MID",82.96,107.813,113
534,"298111","Jeremy","Finlayson","PTA","FWD",85.1,107.869,114
220,"997033","Brennan","Cox","FRE","DEF",87.85,108.74,115
763,"1028291","Coen","Livingstone","WCE","RUC/FWD",0,109.5,116
633,"1023272","Mitch","Owens","STK","FWD",79.68,109.776,117
19,"993946","Ben","Keays","ADE","FWD",80.61,110.536,118
51,"1006059","Keidean","Coleman","BRL","DEF",71.35,111.333,119
52,"294518","Joe","Daniher","BRL","FWD",82.65,112.464,120
462,"1009378","Trent","Rivers","MEL","DEF",84.83,114.712,121
367,"993107","Harry","Himmelberg","GWS","DEF",80.59,116.09,122
331,"1004938","Gryan","Miers","GEE","FWD",80.78,116.316,123
228,"291570","Nat","Fyfe","FRE","MID/FWD",50.67,116.927,124
47,"1002312","Zac","Bailey","BRL","MID/FWD",77.71,117.156,125
87,"296294","Blake","Acres","CAR","MID",87.5,118.27,126
555,"998529","Ivan","Soldo","PTA","RUC",86.88,118.522,127
302,"994386","Tom","Atkins","GEE","MID",87.04,118.821,128
728,"1006130","Bailey","Smith","WBD","MID/FWD",80.26,119.526,129
403,"993794","Blake","Hardwick","HAW","DEF",86.17,119.758,130
778,"998128","Alex","Witherden","WCE","DEF",84.5,120.292,131
46,"1023517","Will","Ashcroft","BRL","MID",84.5,120.598,132
127,"993832","Jacob","Weitering","CAR","DEF",85.09,120.901,133
16,"1004863","Mitchell","Hinge","ADE","DEF",84.86,121.081,134
779,"292128","Elliot","Yeo","WCE","DEF/MID",80,121.141,135
167,"1000860","Lachie","Schultz","COL","FWD",79.13,122.241,136
384,"1005247","Sam","Taylor","GWS","DEF",83.73,122.279,137
536,"1011640","Jason","Horne-Francis","PTA","MID",77.64,122.286,138
503,"1024272","Colby","McKercher","NTH","MID",0,123.135,139
348,"1009253","Lachie","Ash","GWS","DEF",83.83,123.83,140
451,"281085","Steven","May","MEL","DEF",83.9,124.537,141
173,"1006103","Jye","Caldwell","ESS","MID/FWD",78.19,126.898,142
319,"290550","Cameron","Guthrie","GEE","MID",83.67,126.927,143
218,"1006152","Jordan","Clark","FRE","DEF",82.48,128.393,144
755,"1024188","Clay","Hall","WCE","MID",0,129,145
531,"1000972","Willem","Drew","PTA","MID",85.35,130.301,146
511,"993998","Jy","Simpkin","NTH","MID",79.33,130.37,147
417,"1007124","Conor","Nash","HAW","MID",86,130.376,148
190,"298630","Kyle","Langford","ESS","FWD",79.09,131.465,149
30,"1017051","Josh","Rachele","ADE","FWD",73.95,131.891,150
128,"294685","Zac","Williams","CAR","DEF",0,133.009,151
204,"998215","Will","Setterfield","ESS","MID",85,133.87,152
766,"294859","Jeremy","McGovern","WCE","DEF",84.22,134.134,153
581,"993903","Jacob","Hopper","RIC","MID",78.63,136.109,154
168,"280965","Steele","Sidebottom","COL","MID",85.29,137.28,155
686,"1006126","James","Rowbottom","SYD","MID",83.65,137.831,156
488,"999827","Zac","Fisher","NTH","FWD",67.75,138.459,157
517,"1023477","George","Wardlaw","NTH","MID",65.38,140.538,158
322,"261510","Tom","Hawkins","GEE","FWD",78.45,142.46,159
154,"992010","Brayden","Maynard","COL","DEF",80.41,143.635,160
325,"1015889","Max","Holmes","GEE","MID",79.81,144.127,161
487,"1023494","Zane","Duursma","NTH","MID/FWD",0,144.508,162
518,"1004965","Tristan","Xerri","NTH","RUC",72.89,144.851,163
773,"296296","Dom","Sheed","WCE","MID",84.33,145.741,164
721,"1002404","Aaron","Naughton","WBD","FWD",75.13,146.274,165
36,"291748","Brodie","Smith","ADE","DEF",82.32,146.423,166
283,"1004095","Jack","Lukosius","GCS","FWD",76.05,147.027,167
300,"298524","Lachie","Weller","GCS","DEF",83.33,147.212,168
369,"1008083","Connor","Idun","GWS","DEF",81.22,147.641,169
726,"1017939","Ryley","Sanders","WBD","MID",0,149.223,170
256,"998130","Ben","Ainsworth","GCS","FWD",76.38,149.875,171
106,"294036","George","Hewett","CAR","MID",78.74,151.307,172
667,"1013409","James","Jordon","SYD","MID/FWD",49.29,151.444,173
592,"290627","Dion","Prestia","RIC","MID",81.25,152.082,174
409,"1017094","Connor","Macdonald","HAW","FWD",68.24,154.664,175
225,"1020695","Tom","Emmett","FRE","FWD",81.5,155.176,176
655,"1024057","Caiden","Cleary","SYD","MID",0,155.792,177
739,"990290","Tom","Barrass","WCE","DEF",80.07,156.941,178
277,"1023500","Bailey","Humphrey","GCS","FWD",59.26,157.038,179
164,"1008089","Isaac","Quaynor","COL","DEF",74.65,157.347,180
184,"290629","Dyson","Heppell","ESS","DEF",80.45,157.466,181
238,"294613","Jaeger","O'Meara","FRE","MID",80.38,157.583,182
8,"1024023","Daniel","Curtin","ADE","DEF/MID",0,158.126,183
430,"1027935","Josh","Weddle","HAW","DEF",66.88,158.182,184
711,"297899","James","Harmes","WBD","MID/FWD",46.22,159.785,185
177,"1005577","Sam","Draper","ESS","RUC",75.57,160.433,186
429,"1023473","Nick","Watson","HAW","MID/FWD",0,160.87,187
114,"297255","Mitch","McGovern","CAR","DEF",80.32,161.365,188
299,"1023736","Jed","Walter","GCS","FWD",0,161.576,189
502,"296355","Luke","McDonald","NTH","DEF",77.91,162.392,190
354,"1023266","Finn","Callaghan","GWS","MID",73.11,162.541,191
181,"298421","Jade","Gresham","ESS","FWD",66.77,162.983,192
152,"1012828","Finlay","Macrae","COL","FWD",39,164.336,193
100,"1004912","Tom","De Koning","CAR","RUC",73.69,164.701,194
498,"1001017","Nick","Larkey","NTH","FWD",69.43,164.734,195
162,"1000072","John","Noble","COL","DEF",79.96,165.249,196
368,"296324","Jesse","Hogan","GWS","FWD",75,165.5,197
244,"1027656","Cooper","Simpson","FRE","MID/FWD",0,165.788,198
567,"295203","Nathan","Broad","RIC","DEF",79.74,167.205,199
463,"296359","Christian","Salem","MEL","DEF",75.29,167.37,200
681,"996765","Tom","Papley","SYD","FWD",72.55,167.466,201
583,"293813","Tom","Lynch","RIC","FWD",64.25,167.852,202
50,"990609","Charlie","Cameron","BRL","FWD",72.3,168.008,203
352,"1009708","Jack","Buckley","GWS","DEF",78.78,168.916,204
776,"1006114","Bailey J.","Williams","WCE","RUC",76.91,169.228,205
434,"296351","Jack","Billings","MEL","FWD",62.33,170.564,206
336,"1027877","Connor","O'Sullivan","GEE","DEF",0,170.6,207
357,"1002251","Brent","Daniels","GWS","FWD",75.06,170.777,208
677,"1003203","Hayden","McLean","SYD","RUC/FWD",71.67,171.335,209
658,"998103","Oliver","Florent","SYD","DEF",75.39,171.408,210
330,"993878","Shaun","Mannagh","GEE","MID/FWD",0,172.359,211
405,"296254","Jarman","Impey","HAW","DEF",77.77,173.388,212
647,"1023270","Marcus","Windhager","STK","DEF/MID",57.83,173.826,213
23,"990882","Wayne","Milera","ADE","DEF",77.5,173.874,214
172,"1027899","Nate","Caddy","ESS","FWD",0,174.529,215
269,"293713","Brandon","Ellis","GCS","MID",78.75,174.708,216
508,"1006058","Bailey","Scott","NTH","MID",75.83,175.433,217
446,"294557","Lachie","Hunter","MEL","MID",77.73,176.036,218
356,"1001396","Isaac","Cumming","GWS","DEF/MID",69.35,176.975,219
142,"293801","Jamie","Elliott","COL","FWD",73.43,177.688,220
533,"1002253","Kane","Farrell","PTA","DEF",77.2,178.508,221
475,"1027821","Caleb","Windsor","MEL","MID/FWD",0,179.184,222
499,"1012852","Charlie","Lazzaro","NTH","MID/FWD",36,179.258,223
35,"270963","Rory","Sloane","ADE","MID",77,180.357,224
520,"294469","Aliir","Aliir","PTA","DEF",74.55,180.476,225
306,"1012805","Tanner","Bruhn","GEE","MID",68.79,181.093,226
48,"998133","Jarrod","Berry","BRL","MID",76.5,181.163,227
379,"998205","Harry","Perryman","GWS","DEF",73.63,181.164,228
151,"1003130","Patrick","Lipinski","COL","FWD",69.73,182.105,229
654,"1013133","Braeden","Campbell","SYD","DEF/MID",69.18,183.071,230
75,"1002235","Cam","Rayner","BRL","FWD",68.91,183.166,231
621,"1005988","Liam","Henry","STK","MID",71.88,183.252,232
186,"1017088","Ben","Hobbs","ESS","MID",74.06,183.531,233
736,"1004385","Oscar","Allen","WCE","FWD",69.52,184.136,234
407,"1000887","Mitch","Lewis","HAW","FWD",71.13,184.333,235
263,"1008454","Connor","Budarick","GCS","DEF",77,184.711,236
758,"994385","Jayden","Hunt","WCE","DEF",76.39,185.547,237
110,"1001398","Matthew","Kennedy","CAR","MID",75.14,186.076,238
754,"1023025","Reuben","Ginbey","WCE","MID",63.47,186.151,239
450,"298281","Jake","Lever","MEL","DEF",75.09,186.417,240
17,"1006203","Chayce","Jones","ADE","DEF/MID",73.61,189.609,241
115,"1000953","Harry","McKay","CAR","FWD",71.21,189.631,242
296,"290832","David","Swallow","GCS","MID",75.43,189.735,243
423,"998114","Jack","Scrimshaw","HAW","DEF",75.06,190.587,244
525,"992128","Ryan","Burton","PTA","DEF",76.3,191.291,245
37,"1017109","Jake","Soligo","ADE","MID",73.1,191.807,246
461,"1008541","Kysaiah","Pickett","MEL","FWD",68.38,193.493,247
428,"1017110","Josh","Ward","HAW","MID",72.94,193.545,248
731,"1009301","Jamarra","Ugle-Hagan","WBD","FWD",60.57,194.364,249
712,"294101","Jason","Johannisen","WBD","DEF",74.55,194.991,250
519,"998484","Cameron","Zurhaar","NTH","FWD",69.31,195.642,251
563,"1002245","Noah","Balta","RIC","DEF",74.3,196.206,252
42,"1011981","Josh","Worrell","ADE","DEF",74.5,196.816,253
596,"1006133","Jack","Ross","RIC","MID",74.68,196.864,254
623,"295584","Bradley","Hill","STK","MID/FWD",68.05,197.136,255
457,"296420","Alex","Neal-Bullen","MEL","FWD",72.04,197.393,256
635,"1020137","Mattaes","Phillipou","STK","FWD",51.43,198.59,257
683,"290307","Dane","Rampe","SYD","DEF",74.71,198.848,258
291,"1018123","Jake","Rogers","GCS","MID",0,198.889,259
295,"294643","Alex","Sexton","GCS","FWD",23.88,199.046,260
441,"1001438","Bayley","Fritsch","MEL","FWD",70.93,199.239,261
206,"293884","Jake","Stringer","ESS","FWD",64.71,199.5,262
199,"1015873","Archie","Perkins","ESS","FWD",66,200.208,263
505,"1012829","Will","Phillips","NTH","MID",73,200.954,264
386,"280109","Callan","Ward","GWS","MID",74.95,202.255,265
207,"1023785","Elijah","Tsatas","ESS","MID/FWD",55,203.145,266
320,"1004870","Zach","Guthrie","GEE","DEF",73.61,203.298,267
147,"291313","Jeremy","Howe","COL","DEF",71.27,203.614,268
212,"295067","James","Aish","FRE","MID",73.35,205.568,269
217,"1013224","Heath","Chapman","FRE","DEF",64.33,206.508,270
179,"1006096","Xavier","Duursma","ESS","MID",66.79,206.936,271
84,"1017067","Darcy","Wilmot","BRL","DEF",71.09,207.343,272
155,"1004757","Beau","McCreery","COL","FWD",53.77,209.04,273
216,"998129","Will","Brodie","FRE","MID",71.2,210.231,274
646,"1027875","Darcy","Wilson","STK","MID/FWD",0,211.452,275
250,"993940","Corey","Wagner","FRE","DEF",73.44,211.681,276
410,"1023482","Cam","Mackenzie","HAW","FWD",48.57,212.193,277
243,"1009380","Jeremy","Sharp","FRE","MID",0,213.395,278
576,"1017059","Josh","Gibcus","RIC","DEF",0,213.472,279
205,"291783","Dylan","Shiel","ESS","MID",69.42,213.789,280
753,"290801","Andrew","Gaff","WCE","MID",71.26,213.928,281
109,"1009241","Brodie","Kemp","CAR","DEF",73.07,214.754,282
527,"991930","Darcy","Byrne-Jones","PTA","FWD",69.76,215.278,283
366,"295265","Nick","Haynes","GWS","DEF",73,216.303,284
704,"1017126","Sam","Darcy","WBD","FWD",19.33,216.375,285
123,"298290","Marc","Pittonet","CAR","RUC",70.2,216.712,286
549,"993979","Sam","Powell-Pepper","PTA","FWD",67,217.482,287
448,"298264","Ed","Langdon","MEL","MID",72.48,217.6,288
343,"292511","Zach","Tuohy","GEE","MID",72.45,218.169,289
53,"1000932","Tom","Doedee","BRL","DEF",68.09,218.707,290
339,"280317","Rhys","Stanley","GEE","RUC",71.08,218.757,291
628,"1006143","Max","King","STK","FWD",61.1,219.217,292
406,"998390","Changkuoth","Jiath","HAW","DEF",62.25,219.98,293
61,"291548","Ryan","Lester","BRL","DEF",72.56,220.114,294
308,"1023537","Jhye","Clark","GEE","MID",13,220.567,295
556,"992330","Jordon","Sweet","PTA","RUC",0,220.618,296
674,"1008198","Tom","McCartin","SYD","DEF",71.36,221.268,297
574,"1009226","Thomson","Dow","RIC","MID",57,221.979,298
12,"999331","Darcy","Fogarty","ADE","FWD",68.1,222.828,299
266,"295446","Sam","Collins","GCS","DEF",73,222.943,300
400,"1012857","Jack","Ginnivan","HAW","FWD",52.64,223.327,301
676,"1011936","Justin","McInerney","SYD","MID",72.17,223.472,302
577,"990827","Jack","Graham","RIC","FWD",66.35,224.721,303
178,"1015810","Sam","Durham","ESS","MID",65.23,225.732,304
185,"297452","Nick","Hind","ESS","DEF",69.88,225.735,305
247,"992059","Sam","Switkowski","FRE","FWD",67.68,225.796,306
284,"996464","Darcy","Macpherson","GCS","DEF",71.3,225.957,307
290,"1027033","Ethan","Read","GCS","RUC",0,226.25,308
29,"1012218","Luke","Pedlar","ADE","FWD",55.81,226.491,309
745,"290826","Jamie","Cripps","WCE","FWD",69.17,226.616,310
619,"990840","Jack","Hayes","STK","FWD",51,226.875,311
554,"1017078","Josh","Sinn","PTA","MID",21.67,227.4,312
435,"1012825","Jake","Bowey","MEL","DEF",69.67,228.204,313
260,"1008882","Charlie","Ballard","GCS","DEF",71.91,228.383,314
305,"998260","Jack","Bowes","GEE","DEF",61.18,228.533,315
259,"294472","Rory","Atkins","GCS","DEF",72.29,228.651,316
757,"1023167","Brady","Hough","WCE","DEF",62.73,229.389,317
746,"1020802","Jai","Culley","WCE","MID/FWD",43.2,229.458,318
135,"998647","Mason","Cox","COL","RUC/FWD",63.5,229.676,319
211,"298289","Peter","Wright","ESS","FWD",64.4,229.696,320
421,"1001024","Ned","Reeves","HAW","RUC",67.19,230.542,321
700,"1005717","Nick","Coffield","WBD","DEF",0,231.128,322
685,"1012210","Matt","Roberts","SYD","MID",31.17,231.538,323
616,"1002256","Paddy","Dow","STK","MID",55,231.7,324
735,"992351","Bailey","Williams","WBD","MID",70.04,232.512,325
510,"280737","Liam","Shiels","NTH","MID",70.19,232.765,326
191,"298280","Jayden","Laverde","ESS","DEF",72.26,234.786,327
670,"997142","Peter","Ladhams","SYD","RUC",69.67,234.833,328
40,"1008384","Riley","Thilthorpe","ADE","FWD",59.43,234.88,329
125,"1001028","Jack","Silvagni","CAR","FWD",68.88,235.071,330
145,"1006148","Bobby","Hill","COL","FWD",57.14,239.372,331
522,"1009191","Miles","Bergman","PTA","DEF",65.86,240.156,332
480,"1015781","Charlie","Comben","NTH","FWD",45.14,240.714,333
687,"1020339","Angus","Sheldrick","SYD","MID",60,241.867,334
718,"990740","Rory","Lobb","WBD","FWD",67.05,242.339,335
512,"1004848","Dylan","Stephens","NTH","MID",58,243.333,336
472,"1017720","Jacob","van Rooyen","MEL","FWD",65.11,244.723,337
612,"1002264","Hunter","Clark","STK","MID",63.06,248.562,338
756,"1020670","Elijah","Hewett","WCE","MID/FWD",45.57,249.871,339
24,"1000998","Lachlan","Murphy","ADE","FWD",68.18,250.109,340
761,"998791","Jamaine","Jones","WCE","DEF",68.46,250.742,341
468,"999391","Tom","Sparrow","MEL","MID",67.14,251.375,342
107,"1012862","Elijah","Hollands","CAR","MID",49.44,251.917,343
602,"1031829","James","Trezise","RIC","DEF",93,253,344
636,"293846","Sebastian","Ross","STK","MID",68.31,254.564,345
311,"1017063","Toby","Conway","GEE","RUC",46,254.828,346
226,"1020250","Neil","Erasmus","FRE","MID",42.64,255.684,347
335,"1007102","Mark","O'Connor","GEE","DEF/MID",66.73,256.103,348
665,"997100","Will","Hayward","SYD","FWD",66.86,258.151,349
231,"1016825","Matthew","Johnson","FRE","MID",54,259.026,350
479,"1000061","Callum","Coleman-Jones","NTH","FWD",44.78,259.308,351
543,"1004998","Todd","Marshall","PTA","FWD",66.05,260.209,352
460,"1008893","Harrison","Petty","MEL","DEF/FWD",60.64,261.387,353
481,"294508","Aidan","Corr","NTH","DEF",69.42,261.461,354
523,"250365","Travis","Boak","PTA","MID",65.63,263.361,355
310,"999326","Brad","Close","GEE","FWD",66.67,264.139,356
561,"1004034","Brandon","Zerk-Thatcher","PTA","DEF",67.14,265,357
158,"291849","Brody","Mihocek","COL","FWD",65.38,265.25,358
171,"1011954","Nick","Bryan","ESS","RUC",66.38,266.222,359
641,"1008312","Liam","Stocker","STK","DEF",67.64,268.433,360
507,"1011659","Tom","Powell","NTH","FWD",55.86,269.7,361
659,"291848","Robbie","Fox","SYD","DEF",67.16,269.808,362
324,"1012860","Oliver","Henry","GEE","FWD",59.55,270.52,363
55,"1023708","Jaspa","Fletcher","BRL","MID",51.55,271.483,364
108,"1023495","Oliver","Hollands","CAR","MID",57.76,272.722,365
278,"1005992","Joel","Jeffrey","GCS","DEF/FWD",58.86,274.375,366
34,"1006136","Lachlan","Sholl","ADE","MID",67.44,274.548,367
675,"1013230","Logan","McDonald","SYD","FWD",59,275,368
559,"1009195","Dylan","Williams","PTA","DEF",66.65,276.586,369
625,"993480","Dougal","Howard","STK","DEF",67.39,276.6,370
622,"1002227","Jack","Higgins","STK","FWD",66.71,277.333,371
1,"1012807","Sam","Berry","ADE","MID",50.75,277.684,372
733,"1011803","Cody","Weightman","WBD","FWD",64,279.5,373
413,"1000980","Lloyd","Meek","HAW","RUC",63.94,279.622,374
95,"1008154","Matthew","Cottrell","CAR","MID/FWD",60,280.516,375
272,"993799","Brayden","Fiorini","GCS","MID",64.65,281.207,376
313,"1009229","Sam","De Koning","GEE","DEF",61.47,282.167,377
500,"997933","Griffin","Logue","NTH","DEF",66.53,282.36,378
113,"296190","Jack","Martin","CAR","FWD",59.55,282.75,379
195,"1002143","Ben","McKay","ESS","DEF",63.21,283.034,380
597,"1012386","Samson","Ryan","RIC","RUC/FWD",54.21,284.889,381
349,"1008139","Toby","Bedford","GWS","FWD",59.94,285.913,382
323,"1000937","Jack","Henry","GEE","DEF",66.27,287.423,383
276,"297456","Nick","Holman","GCS","FWD",66.05,288.222,384
396,"1005144","Massimo","D'Ambrosio","HAW","DEF",40.25,291.25,385
684,"290188","Sam","Reid","SYD","FWD",0,291.333,386
280,"1006144","Ben","King","GCS","FWD",56.6,291.889,387
77,"1009385","Deven","Robertson","BRL","MID/FWD",45.38,292.6,388
395,"994077","Mabior","Chol","HAW","FWD",48.88,292.769,389
414,"1018016","Seamus","Mitchell","HAW","DEF",62.29,294.818,390
416,"1000963","Harry","Morrison","HAW","MID",66.38,294.833,391
516,"993816","Darcy","Tucker","NTH","MID",62,297.636,392
404,"1023680","Henry","Hustwaite","HAW","MID",66,299.273,393
551,"296225","Willie","Rioli","PTA","FWD",65.82,300.267,394
2,"1023534","Hugh","Bond","ADE","DEF",0,301.091,395
380,"992644","Braydon","Preuss","GWS","RUC",0,301.625,396
337,"298419","Brandan","Parfitt","GEE","MID",53,301.696,397
130,"997316","Lewis","Young","CAR","DEF",66.13,303.476,398
227,"999321","Michael","Frederick","FRE","FWD",60.42,304.039,399
550,"1002220","Esava","Ratugolea","PTA","DEF",55.81,306.421,400
338,"291357","Gary","Rohan","GEE","FWD",61.4,306.478,401
489,"1012833","Eddie","Ford","NTH","FWD",63.14,309.385,402
22,"1015370","Max","Michalanney","ADE","DEF",56.14,309.526,403
393,"280744","Luke","Breust","HAW","FWD",60.86,309.56,404
439,"1005330","Kade","Chandler","MEL","FWD",64.29,310.889,405
267,"1013268","Alex","Davies","GCS","MID/FWD",58.11,311.304,406
606,"998134","Josh","Battle","STK","DEF",63.86,311.522,407
775,"996554","Jake","Waterman","WCE","FWD",64.64,312.292,408
741,"1013511","Tyler","Brockman","WCE","FWD",54.6,312.667,409
69,"997846","Conor","McKenna","BRL","DEF",63.17,312.864,410
493,"1017118","Josh","Goater","NTH","DEF",56.2,316.312,411
452,"298470","Shane","McAdam","MEL","FWD",67.14,316.737,412
174,"1015827","Nik","Cox","ESS","DEF/MID",46.67,317.182,413
98,"993795","David","Cuningham","CAR","FWD",62.2,321.708,414
744,"993820","Tom","Cole","WCE","DEF",64.92,321.8,415
470,"291819","Adam","Tomlinson","MEL","DEF",65.63,321.9,416
377,"1006135","Xavier","O'Halloran","GWS","FWD",60.08,324.778,417
157,"297504","Daniel","McStay","COL","FWD",58.58,325.312,418
213,"1020594","Jye","Amiss","FRE","FWD",53.82,325.682,419
494,"281091","Hugh","Greenwood","NTH","MID",60.36,325.8,420
588,"1002403","Ben","Miller","RIC","RUC/FWD",58.85,326.773,421
340,"997230","Tyson","Stengle","GEE","FWD",57.58,327.095,422
58,"993953","Eric","Hipwood","BRL","FWD",62.43,329.217,423
626,"991988","Zak","Jones","STK","MID",55.75,329.222,424
644,"290757","Jimmy","Webster","STK","DEF",64.81,330.368,425
650,"1008091","Joel","Amartey","SYD","FWD",56.36,334.294,426
631,"294596","Tim","Membrey","STK","FWD",55.43,335,427
609,"1011994","Ryan","Byrnes","STK","MID",62.15,335.211,428
747,"290838","Jack","Darling","WCE","FWD",61.3,335.316,429
431,"291962","Chad","Wingard","HAW","FWD",53.57,336.75,430
105,"1002228","Lachie","Fogarty","CAR","FWD",62.33,336.954,431
64,"293716","Jarryd","Lyons","BRL","MID",51.29,337.571,432
119,"1017700","Jesse","Motlop","CAR","FWD",54.56,338,433
454,"1017703","Judd","McVee","MEL","DEF",57.43,343.062,434
514,"1006137","Curtis","Taylor","NTH","MID/FWD",58.19,344.2,435
734,"1006127","Rhylee","West","WBD","FWD",57.25,345.688,436
692,"1006232","Sam","Wicks","SYD","FWD",58.7,348.875,437
772,"1004364","Liam","Ryan","WCE","FWD",75.33,352.294,438
591,"993771","Marlion","Pickett","RIC","MID/FWD",57.57,353.556,439
161,"1005107","Nathan","Murphy","COL","DEF",60.95,353.667,440
607,"994599","Riley","Bonner","STK","MID",50.91,353.789,441
189,"297473","Jake","Kelly","ESS","DEF",61.24,354.467,442
329,"296291","Jake","Kolodjashnij","GEE","DEF",58.42,356.625,443
229,"996580","Ethan","Hughes","FRE","DEF",58.5,357.786,444
146,"291720","Will","Hoskin-Elliott","COL","MID",56.85,358.647,445
66,"293581","Lincoln","McCarthy","BRL","FWD",58.62,362.643,446
43,"298437","Callum","Ah Chee","BRL","MID",58.33,363.056,447
767,"1006550","Jack","Petruccelle","WCE","FWD",57.5,363.062,448
656,"291978","Harry","Cunningham","SYD","DEF",59.91,364.333,449
56,"298211","Darcy","Fort","BRL","RUC/FWD",54.14,364.471,450
25,"1008230","Nick","Murray","ADE","DEF",60.12,365.429,451
351,"1014038","Callum M.","Brown","GWS","FWD",58.25,366.933,452
328,"1021103","Mitchell","Knevitt","GEE","MID",54.75,370.625,453
714,"281078","Liam","Jones","WBD","DEF",58.56,371.125,454
6,"1018335","Brayden","Cook","ADE","MID",70,371.4,455
143,"991773","Billy","Frampton","COL","DEF",59,372.077,456
81,"1002401","Brandon","Starcevich","BRL","DEF",54.48,373.667,457
237,"1013220","Nathan","O'Driscoll","FRE","MID",49.9,374.929,458
3,"1009029","James","Borlase","ADE","DEF",58.25,377.1,459
94,"1016268","Alex","Cincotta","CAR","DEF",55.19,377.143,460
182,"996232","Matt","Guelfi","ESS","FWD",54.31,377.273,461
153,"298358","Oleg","Markov","COL","DEF",54.2,378,462
239,"298409","Alex","Pearce","FRE","DEF",58.83,378.6,463
33,"1008543","Harry","Schoenberg","ADE","MID",52.55,380.875,464
539,"1011583","Lachie","Jones","PTA","DEF",57,381.071,465
696,"1000864","Lachlan","Bramble","WBD","DEF/MID",52.27,382.786,466
287,"1021013","Ned","Moyle","GCS","RUC",49.5,382.867,467
608,"992374","Dan","Butler","STK","FWD",57.87,383.133,468
214,"998180","Bailey","Banfield","FRE","FWD",56.29,383.308,469
453,"291533","Tom","McDonald","MEL","FWD",60.17,384.333,470
258,"1017396","Mac","Andrew","GCS","DEF",54.53,386.091,471
582,"1006030","Jacob","Koschitzke","RIC","FWD",58.17,387.308,472
252,"281007","Michael","Walters","FRE","FWD",55.25,392.083,473
765,"1029416","Ryan","Maric","WCE","FWD",54.8,392.818,474
437,"291867","Ben","Brown","MEL","FWD",61.14,395.454,475
724,"1011589","Caleb","Poulter","WBD","MID",57.33,396.857,476
73,"1002347","Jack","Payne","BRL","DEF",57,400.539,477
587,"294592","Kamdyn","McIntosh","RIC","MID",55.09,400.539,478
399,"293738","Sam","Frost","HAW","DEF",56.72,401.167,479
249,"1012819","Josh","Treacy","FRE","FWD",56.53,407,480
727,"992048","Anthony","Scott","WBD","MID/FWD",51.41,413.5,481
693,"1008855","Oskar","Baker","WBD","MID",54.17,415.769,482
402,"291351","Jack","Gunston","HAW","FWD",53.18,418.25,483
546,"290527","Trent","McKenzie","PTA","DEF",54.94,420.7,484
264,"281124","Levi","Casboult","GCS","FWD",54.65,423.8,485
715,"290797","Alex","Keath","WBD","DEF",54.44,,
122,"1013973","Matthew","Owies","CAR","FWD",54.38,,
710,"997501","Ryan","Gardner","WBD","DEF",54.1,,
102,"1008510","Corey","Durdin","CAR","FWD",52.64,,
381,"1008123","Jake","Riccardi","GWS","FWD",52.56,,
678,"996743","Lewis","Melican","SYD","DEF",58.29,,
660,"990816","Aaron","Francis","SYD","DEF",52.21,,
732,"1005000","Laitham","Vandermeer","WBD","DEF",52.18,,
610,"1023784","Anthony","Caminiti","STK","FWD",52.06,,
604,"1018433","Tylar","Young","RIC","DEF",51.89,,
18,"1013974","Mark","Keane","ADE","DEF",64.8,,
764,"1023496","Noah","Long","WCE","FWD",51.84,,
292,"1005986","Malcolm","Rosas","GCS","FWD",51.53,,
705,"290085","Taylor","Duryea","WBD","DEF",51.25,,
638,"1018018","Cooper","Sharman","STK","FWD",50.87,,
90,"1002795","Jordan","Boyd","CAR","DEF",50.75,,
282,"993917","Ben","Long","GCS","DEF",50.13,,
149,"997974","Ash","Johnson","COL","FWD",49.73,,
210,"993806","Sam","Weideman","ESS","FWD",49.5,,
13,"1018075","Lachlan","Gollant","ADE","FWD",61.75,,
513,"1002240","Jaidyn","Stephenson","NTH","FWD",49.29,,
634,"1004985","Ben","Paton","STK","DEF",49.25,,
378,"1006013","James","Peatling","GWS","FWD",49.1,,
579,"280819","Dylan","Grimes","RIC","DEF",48.91,,
564,"1013197","Sam","Banks","RIC","DEF",54,,
281,"294013","Sean","Lemmens","GCS","DEF",48.27,,
664,"295222","Joel","Hamling","SYD","DEF",59.25,,
196,"1013201","Jye","Menzie","ESS","FWD",46.86,,
467,"1002282","Charlie","Spargo","MEL","FWD",46.77,,
478,"1017095","Miller","Bergman","NTH","DEF",46.5,,
482,"1002947","Paul","Curtis","NTH","FWD",46.48,,
112,"298302","Caleb","Marchbank","CAR","DEF",51.6,,
614,"991939","Zaine","Cordy","STK","DEF/FWD",46.31,,
771,"997823","Josh","Rotham","WCE","DEF",46.15,,
251,"1009410","Brandon","Walker","FRE","DEF",46,,
540,"1012881","Ollie","Lord","PTA","FWD",45.64,,
545,"1004819","Jed","McEntee","PTA","FWD",45.3,,
751,"1006576","Luke","Edwards","WCE","MID",44.93,,
303,"293883","Jed","Bews","GEE","DEF",44.87,,
246,"1013611","Sam","Sturt","FRE","FWD",44.71,,
394,"1010708","Sam","Butler","HAW","FWD",44.13,,
455,"280824","Jake","Melksham","MEL","FWD",43.92,,
188,"1011755","Harrison","Jones","ESS","FWD",48.6,,
26,"1021031","Luke","Nankervis","ADE","DEF",54.5,,
466,"1003546","Joel","Smith","MEL","FWD",43.58,,
570,"1017043","Judson","Clarke","RIC","FWD",43.31,,
532,"1017255","Francis","Evans","PTA","FWD",42.9,,
288,"1009320","Hewago","Oea","GCS","MID/FWD",42.38,,
21,"1008185","Ned","McHenry","ADE","FWD",42,,
5,"1004995","Jordon","Butts","ADE","DEF",41.94,,
15,"1005199","Elliott","Himmelberg","ADE","FWD",52.33,,
79,"1007099","Harry","Sharp","BRL","MID",51.67,,
535,"1010174","Mitch","Georgiades","PTA","FWD",59,,
59,"1003520","Darragh","Joyce","BRL","DEF",45.2,,
584,"1008478","Rhyan","Mansell","RIC","FWD",40.47,,
347,"1015777","Ryan","Angwin","GWS","MID",39.87,,
170,"1008975","Kaine","Baldwin","ESS","DEF",48.5,,
96,"1021353","Lachlan","Cowan","CAR","DEF",42.29,,
777,"1020371","Jack","Williams","WCE","FWD",37.8,,
411,"1009421","Finn","Maginness","HAW","MID",37.69,,
722,"1032966","James","O'Donnell","WBD","DEF",37.33,,
176,"1017933","Alwyn","Davey Jnr","ESS","FWD",37.3,,
371,"290314","Lachlan","Keeffe","GWS","FWD",37.27,,
593,"1011985","Hugo","Ralphsmith","RIC","DEF",36.92,,
270,"999715","Jy","Farrar","GCS","DEF",36.78,,
392,"1011839","James","Blanck","HAW","DEF",36.2,,
334,"1016433","Shannon","Neale","GEE","FWD",45,,
547,"1005326","Jackson","Mead","PTA","MID/FWD",39.71,,
548,"999824","Quinton","Narkle","PTA","FWD",44.67,,
743,"1017057","Campbell","Chesser","WCE","MID",35.71,,
759,"1011243","Callum","Jamieson","WCE","FWD",44.5,,
750,"1011437","Harry","Edwards","WCE","DEF",44,,
471,"1020959","Daniel","Turner","MEL","DEF",49,,
699,"1015929","Luke","Cleary","WBD","DEF",49,,
713,"1020586","Arthur","Jones","WBD","FWD",34.15,,
573,"1009308","Noah","Cumberland","RIC","FWD",34,,
57,"296269","Darcy","Gardiner","BRL","DEF",48,,
484,"1012144","Kallan","Dawson","NTH","DEF",41,,
144,"1015332","Harvey","Harrison","COL","FWD",40.25,,
524,"1013462","Jase","Burgoyne","PTA","DEF",40.2,,
365,"1017093","Cooper","Hamilton","GWS","MID",40,,
740,"1017718","Rhett","Bazzo","WCE","DEF",32,,
45,"1005053","Noah","Answerth","BRL","FWD",35,,
285,"1009189","Jack","Mahony","GCS","MID/FWD",45,,
104,"296334","Orazio","Fantasia","CAR","FWD",39.33,,
476,"1018425","Taj","Woewodin","MEL","FWD",39.25,,
595,"1009551","Maurice","Rioli","RIC","FWD",31.4,,
28,"1013153","Patrick","Parnell","ADE","DEF",39.2,,
408,"1029261","Bailey","Macdonald","HAW","DEF",44.5,,
424,"1017091","Jai","Serong","HAW","DEF",44.5,,
74,"1009386","Jaxon","Prior","BRL","DEF",38.8,,
248,"293854","Matt","Taberner","FRE","FWD",38.5,,
382,"1021122","Harry","Rowston","GWS","MID",33,,
279,"1024666","Lloyd","Johnston","GCS","DEF",42,,
261,"1006100","Thomas","Berry","GCS","FWD",32.5,,
274,"1006087","Caleb","Graham","GCS","DEF",0,,
720,"1009015","Lachlan","McNeil","WBD","FWD",28.46,,
572,"1008616","Matthew","Coulthard","RIC","FWD",35.5,,
361,"1032042","Phoenix","Gothard","GWS","FWD",0,,
497,"1020979","Cooper","Harvey","NTH","FWD",35,,
568,"1017086","Tom","Brown","RIC","DEF",69,,
268,"291753","Sam","Day","GCS","FWD",34.33,,
332,"1024982","Oisin","Mullin","GEE","DEF",30.5,,
469,"1023640","Koltyn","Tholstrup","MEL","FWD",0,,
78,"1012127","Brandon","Ryan","BRL","FWD",34,,
63,"1014026","Kai","Lohmann","BRL","FWD",30,,
600,"1017114","Tyler","Sonsie","RIC","FWD",30,,
673,"1021200","Lachlan","McAndrew","SYD","RUC",38,,
314,"1025034","Oliver","Dempsey","GEE","FWD",33.2,,
529,"294504","Tom","Clurey","PTA","DEF",29,,
219,"1005547","Josh","Corbett","FRE","FWD",32.6,,
373,"291509","Adam","Kennedy","GWS","DEF/FWD",32.6,,
701,"1013996","Jordan","Croft","WBD","FWD",0,,
14,"1008159","Will","Hamill","ADE","DEF",0,,
477,"1020968","Jackson","Archer","NTH","DEF",32,,
557,"1017128","Dante","Visentini","PTA","RUC",32,,
661,"1027901","William","Green","SYD","RUC",0,,
774,"1011449","Zane","Trew","WCE","MID",31,,
401,"1013093","Denver","Grainger-Barras","HAW","DEF/FWD",27.29,,
298,"1017665","Bodhi","Uwland","GCS","DEF",30.67,,
359,"1017751","Josh","Fahey","GWS","MID",27.14,,
374,"1032119","James","Leake","GWS","DEF",0,,
254,"1021015","Karl","Worner","FRE","DEF",30,,
4,"1000068","Chris","Burgess","ADE","FWD",33,,
353,"1019038","Aaron","Cadman","GWS","FWD",22.83,,
412,"1022410","William","McCabe","HAW","DEF",0,,
783,"1002922","Jack","Bytel","COL","MID",25,,
449,"1012826","Bailey","Laurie","MEL","FWD",28,,
709,"1006533","Riley","Garcia","WBD","FWD",28,,
10,"1015329","Billy","Dowling","ADE","MID/FWD",0,,
38,"1008752","Kieran","Strachan","ADE","RUC",0,,
39,"1017065","Zac","Taylor","ADE","MID",0,,
49,"1028105","Shadeau","Brain","BRL","FWD",0,,
60,"1018296","Kalin","Lane","BRL","RUC",0,,
65,"1013978","James","Madden","BRL","DEF",27,,
70,"1013260","Carter","Michael","BRL","DEF",0,,
80,"1016189","Henry","Smith","BRL","RUC/FWD",0,,
83,"1021108","James","Tunstill","BRL","FWD",22,,
88,"1015830","Domanic","Akuei","CAR","DEF",0,,
89,"1023533","Jaxon","Binns","CAR","MID",0,,
91,"1013233","Jack","Carroll","CAR","MID",9,,
103,"297767","Sam","Durdin","CAR","DEF",0,,
111,"1020072","Harry","Lemmey","CAR","FWD",0,,
116,"1023446","Alex","Mirkov","CAR","RUC",0,,
121,"1023489","Hudson","O'Keeffe","CAR","RUC",0,,
131,"1022915","Edward","Allan","COL","MID",0,,
132,"1015748","Aiden","Begg","COL","RUC",0,,
134,"1027021","Josh","Carmichael","COL","FWD",15,,
140,"1009197","Charlie","Dean","COL","DEF",0,,
150,"997254","Nathan","Kreuger","COL","RUC/FWD",8.5,,
156,"1013278","Reef","McInnes","COL","FWD",21.4,,
165,"1008239","Joe","Richards","COL","FWD",0,,
166,"1020104","Jakob","Ryan","COL","DEF",12,,
169,"1022844","Oscar","Steene","COL","RUC/FWD",0,,
175,"1017961","Jayden","Davey","ESS","FWD",0,,
183,"1023487","Lewis","Hayes","ESS","DEF",0,,
187,"1020424","Jaiden","Hunter","ESS","FWD",0,,
201,"1012817","Zach","Reid","ESS","DEF",0,,
209,"1012521","Tex","Wanganeen","ESS","FWD",0,,
222,"1022927","Hugh","Davies","FRE","DEF",0,,
224,"1020668","Joshua","Draper","FRE","DEF",0,,
233,"1027701","Max","Knobel","FRE","RUC",0,,
234,"1012048","Sebit","Kuek","FRE","FWD",0,,
235,"992472","Oscar","McDonald","FRE","DEF",0,,
240,"1023346","Liam","Reidy","FRE","RUC",0,,
245,"1031801","Ethan","Stanley","FRE","MID",13,,
253,"1017970","Conrad","Williams","FRE","MID/FWD",0,,
262,"1013315","Sandy","Brock","GCS","DEF",0,,
271,"1017089","Oskar","Faulkhead","GCS","MID/FWD",0,,
297,"296280","James","Tsitas","GCS","FWD",22.25,,
309,"1023542","Ted","Clohesy","GEE","FWD",22,,
317,"1019945","Phoenix","Foster","GEE","FWD",0,,
321,"1008825","Mitch","Hardie","GEE","MID",0,,
327,"1005150","Emerson","Jeka","GEE","DEF",0,,
333,"1027852","Oscar","Murdoch","GEE","DEF",0,,
344,"1011633","James","Willis","GEE","MID",0,,
346,"1008691","Leek","Aleer","GWS","DEF",0,,
358,"1016140","Wade","Derksen","GWS","FWD",0,,
364,"1027921","Max","Gruzewski","GWS","FWD",0,,
370,"1020650","Darcy","Jones","GWS","FWD",0,,
375,"1023743","Nicholas","Madden","GWS","RUC",0,,
376,"1027971","Toby","McMullin","GWS","FWD",17.67,,
383,"1015862","Conor","Stone","GWS","FWD",16,,
388,"1004530","Jacob","Wehr","GWS","MID",26.25,,
391,"1018106","Joshua","Bennetts","HAW","FWD",0,,
419,"1023531","Jack","O'Sullivan","HAW","FWD",0,,
420,"1027965","Max","Ramsden","HAW","FWD",25.5,,
426,"1004948","Cooper","Stephens","HAW","MID",0,,
427,"1027837","Clay","Tucker","HAW","RUC",0,,
433,"1023174","Jed","Adams","MEL","DEF",0,,
440,"1030866","Kyah","Farris-White","MEL","RUC",0,,
442,"1013532","Tom","Fullarton","MEL","FWD",0,,
444,"996692","Marty","Hore","MEL","DEF",0,,
445,"1017122","Blake","Howes","MEL","DEF",0,,
447,"1023486","Matthew","Jefferson","MEL","FWD",0,,
456,"1013165","Andy","Moniz-Wakefield","MEL","FWD",0,,
464,"993841","Josh","Schache","MEL","FWD",21.5,,
465,"1029973","Oliver","Sestan","MEL","FWD",0,,
473,"1015473","Will","Verrall","MEL","RUC",0,,
486,"1023475","Blake","Drury","NTH","FWD",22.25,,
490,"1020627","Hamish","Free","NTH","RUC",0,,
491,"1023544","Brayden","George","NTH","FWD",0,,
495,"1023144","Robert","Hansen Jr","NTH","FWD",15,,
504,"1006193","Bigoa","Nyuon","NTH","FWD",0,,
506,"1002138","Toby","Pink","NTH","DEF",0,,
538,"1015330","Hugh","Jackson","PTA","MID",0,,
542,"1021276","Kyle","Marshall","PTA","DEF",0,,
544,"1021296","Tom","McCallum","PTA","DEF",0,,
553,"1020066","Thomas","Scully","PTA","FWD",0,,
565,"1021152","Jacob","Bauer","RIC","FWD",20,,
569,"1023275","Seth","Campbell","RIC","FWD",0,,
571,"1021660","Mate","Colina","RIC","RUC/FWD",0,,
578,"1023056","Steely","Green","RIC","FWD",0,,
589,"298144","Sam","Naismith","RIC","RUC",0,,
599,"1022999","Kaleb","Smith","RIC","DEF",0,,
605,"1015714","Matthew","Allison","STK","FWD",0,,
611,"290246","Tom","Campbell","STK","RUC",0,,
620,"1015886","Max","Heath","STK","RUC/FWD",0,,
624,"1027959","Olli","Hotton","STK","MID/FWD",0,,
627,"1015323","Isaac","Keeler","STK","FWD",0,,
630,"1017077","Angus","McLennan","STK","DEF",0,,
642,"1023547","James","Van Es","STK","DEF",0,,
651,"1008460","Harrison","Arnold","SYD","DEF",0,,
653,"1009392","Jack","Buller","SYD","FWD",17,,
657,"1017757","William","Edwards","SYD","DEF",0,,
669,"1023530","Jacob","Konstanty","SYD","FWD",0,,
672,"1015457","Jaiden","Magor","SYD","DEF",0,,
680,"1024096","Caleb","Mitchell","SYD","DEF/MID",0,,
689,"1023498","Cooper","Vickery","SYD","DEF",0,,
691,"1018424","Corey","Warner","SYD","FWD",20.67,,
694,"1015822","Dominic","Bedendo","WBD","MID",0,,
697,"1023017","Jedd","Busslinger","WBD","DEF",0,,
698,"1023787","Charlie","Clarke","WBD","FWD",0,,
708,"1017087","Harvey","Gallagher","WBD","FWD",0,,
716,"998782","Buku","Khamis","WBD","FWD",21,,
737,"1020595","Jordyn","Baker","WCE","DEF",0,,
738,"1020057","Harry","Barnett","WCE","RUC/FWD",8,,
742,"1023502","Coby","Burgiel","WCE","DEF",0,,
748,"1023142","Tyrell","Dewar","WCE","FWD",0,,
784,"1017754","Patrick","Voss","FRE","FWD",0,,
492,"1031506","Taylor","Goad","NTH","RUC",0,,
11,"1028671","Charlie","Edwards","ADE","DEF/MID",0,,
32,"1027893","Oscar","Ryan","ADE","DEF",0,,
62,"1027985","Luke","Lloyd","BRL","FWD",0,,
71,"1028019","Logan","Morris","BRL","FWD",0,,
82,"1024187","Reece","Torrent","BRL","MID",0,,
85,"1032650","Zane","Zakostelsky","BRL","DEF/RUC",0,,
117,"1020097","Ashton","Moir","CAR","FWD",0,,
129,"1027678","Billy","Wilson","CAR","DEF/MID",0,,
141,"1027673","Harry","DeMattia","COL","MID",0,,
148,"1032017","Tew","Jiath","COL","DEF",0,,
192,"1027706","Luamon","Lual","ESS","DEF",0,,
203,"1023515","Archie","Roberts","ESS","DEF",0,,
223,"1019975","Jack","Delean","FRE","FWD",0,,
236,"1027990","Ollie","Murphy","FRE","DEF",0,,
275,"1026960","Will","Graham","GCS","DEF/MID",0,,
316,"1024304","Mitchell","Edwards","GEE","RUC",0,,
326,"1013464","Lawson","Humphries","GEE","DEF/MID",0,,
341,"1023681","George","Stevens","GEE","MID",0,,
345,"1020881","Oliver","Wiltshire","GEE","MID/FWD",0,,
360,"1032629","Joe","Fonti","GWS","DEF",0,,
385,"1027925","Harvey","Thomas","GWS","MID/FWD",0,,
398,"1032100","Calsher","Dear","HAW","FWD",0,,
422,"1022473","Bodie","Ryan","HAW","DEF",0,,
485,"1028551","Wil","Dawson","NTH","DEF/FWD",0,,
496,"1023625","Riley","Hardeman","NTH","DEF",0,,
521,"1027870","Tom","Anastasopolous","PTA","FWD",0,,
528,"1014013","Lachlan","Charleson","PTA","MID/FWD",0,,
541,"1029262","Will","Lorenz","PTA","MID/FWD",0,,
575,"1022383","Liam","Fawcett","RIC","FWD",0,,
586,"1019916","Kane","McAuliffe","RIC","MID",0,,
613,"1017959","Lance","Collard","STK","FWD",0,,
617,"1027790","Hugo","Garcia","STK","MID/FWD",0,,
618,"1027872","Angus","Hastie","STK","DEF",0,,
637,"1024279","Arie","Schoenmaker","STK","DEF",0,,
688,"1024685","Patrick","Snell","SYD","DEF/FWD",0,,
707,"1027704","Joel","Freijah","WBD","MID/FWD",0,,
723,"1024064","Aiden","O'Driscoll","WBD","FWD",0,,
729,"1027702","Lachlan","Smith","WBD","RUC",0,,
760,"1027969","Harvey","Johnston","WCE","MID/FWD",0,,
769,"1027693","Archer","Reid","WCE","RUC/FWD",0,,
76,"1009317","Bruce","Reville","BRL","MID/FWD",0,,
92,"1027964","Matthew","Carroll","CAR","DEF",0,,
118,"1035129","Rob","Monahan","CAR","FWD",0,,
208,"1027966","Vigo","Visentini","ESS","RUC",0,,
232,"1028371","Odin","Jones","FRE","RUC",0,,
265,"1013257","Sam","Clohesy","GCS","DEF",0,,
294,"1019939","William","Rowlands","GCS","MID/FWD",0,,
318,"1011944","Joe","Furphy","GEE","RUC",0,,
387,"1034066","Nathan","Wardius","GWS","FWD",0,,
438,"1027949","Kynan","Brown","MEL","MID/FWD",0,,
501,"1031792","Finnbar","Maley","NTH","RUC/FWD",0,,
558,"1029158","Xavier","Walsh","PTA","FWD",0,,
580,"1035199","Oliver","Hayes-Brown","RIC","RUC",0,,
632,"1035198","Liam","O'Connell","STK","DEF",0,,
668,"1027058","Indhi","Kirk","SYD","MID",0,,
780,"1035372","Karl","Gallagher","ADE","DEF",0,,
782,"1015712","Josh","Eyre","COL","DEF",0,,
781,"998480","Lachlan","Sullivan","COL","MID",0,,
