,Pos,Pos2,Add/Remove,Player,Club,DPP,Relative Value,vs. Next Pick,Rank,Projected,Av.2023,ADP,Notes,StdDev.2023,Games.2023,Age,ID,ID_AFLFAN,ID_CD,Undo.Remove,Undo.Add
1,Ruck,,,Tim English,WBD,No,36,16.4,,115,118.7,1,Role: Monitor fitness/injury. Monitor the role of R. Lobb in pre-season.,23.2,23,26,12537,1004592,CD_I1004592,,
2,Mid,,,Marcus Bontempelli,WBD,No,37.7,10.1,,110,117,2,Interrupted pre-season (Minor): ankle surgery in offseason.,20.4,23,28,12269,297373,CD_I297373,,
3,Ruck,,,Rowan Marshall,STK,No,33.1,13.5,,115,115.8,4,,20.6,23,28,12564,992468,CD_I992468,,
4,Mid,,,Clayton Oliver,MEL,No,34.5,6.9,,110,113.8,9,Interrupted pre-season (Minor): Should play opening round.,19.9,13,26,12410,996701,CD_I996701,,
5,Mid,,,Jordan Dawson,ADE,No,34.1,6.5,,107,113.4,7,,21.2,23,26,12516,992242,CD_I992242,,
6,Mid,,,Zach Merrett,ESS,No,33.6,6,,113,112.9,5,,24.2,22,26,12241,992016,CD_I992016,,
7,Mid,,,Errol Gulden,SYD,No,33.2,5.6,,108,112.5,6,,25.6,23,21,12862,1013128,CD_I1013128,,
8,Mid,,,Tim Taranto,RIC,No,33.1,5.5,,105,112.4,12,Role: Scores appear to be impacted by selection of J. Hopper.,20.6,23,25,12504,998172,CD_I998172,,
9,Mid,,,Tom Green,GWS,No,31.3,3.7,,110,110.6,11,,23.8,19,22,12770,1009528,CD_I1009528,,
10,Mid,,,Andrew Brayshaw,FRE,No,31,3.4,,112,110.3,10,,17.8,23,24,12589,1002232,CD_I1002232,,
11,Mid,,,Rory Laird,ADE,No,29.9,2.3,,113,109.2,8,,20.6,22,29,12165,293222,CD_I293222,,
12,Def,Mid,,Nick Daicos,COL,Yes,37.4,9.4,,110,108.8,3,,25.3,20,20,12943,1023261,CD_I1023261,,
13,Mid,,,Caleb Serong,FRE,No,28.8,1.2,,106,108.1,15,,14.3,22,22,12786,1009420,CD_I1009420,,
14,Mid,,,Darcy Parish,ESS,No,27.6,0,,109,106.9,19,,12.5,18,26,12406,993817,CD_I993817,,
15,Mid,,,Christian Petracca,MEL,No,26.7,-0.9,,106,106,16,,15.3,23,27,12430,298210,CD_I298210,,
16,Mid,,,Connor Rozee,PTA,No,26.6,-1,,107,105.9,18,Role: Made club captain for 2024. Main mid w/ Butters & Wines,18.6,23,23,12697,1001299,CD_I1001299,,
17,Mid,,,Adam Treloar,WBD,No,26,-1.6,,98,105.3,30,,21.1,19,30,12054,291790,CD_I291790,,
18,Def,,,James Sicily,HAW,No,33.1,5.1,,96,104.5,13,Role: Average may not be sustainable due to high number of marks. Scores higher when Blanck selected.,31.4,19,28,12332,297566,CD_I297566,,
19,Mid,,,Josh Dunkley,BRL,No,25.1,-2.5,,106,104.4,20,,27,21,26,12408,993834,CD_I993834,,
20,Mid,,,Sam Docherty,CAR,No,25.1,-2.5,,100,104.4,21,"Interrupted pre-season (Minor): foot injury, light training late December.",18.9,20,30,12170,295518,CD_I295518,,
21,Mid,,,Brad Crouch,STK,No,24,-3.6,,100,103.3,27,,20,23,29,12156,294307,CD_I294307,,
22,Mid,,,Tom Liberatore,WBD,No,24,-3.6,,96,103.3,34,,23.9,21,31,11898,290799,CD_I290799,,
23,Ruck,,,Toby Nankervis,RIC,No,19.6,0,,99,102.3,26,,15.4,15,29,12374,298174,CD_I298174,,
24,Def,,,Jack Sinclair,STK,No,30.8,2.8,,101,102.2,14,"Interrupted pre-season (Minor): calf, Expected to play Round 1.",18.8,23,28,12325,994389,CD_I994389,,
25,Mid,,,Stephen Coniglio,GWS,No,22.4,-5.2,,98,101.7,31,,17.5,23,29,12028,291969,CD_I291969,,
26,Mid,,,Noah Anderson,GCS,No,21.2,-6.4,,104,100.5,28,,21,23,22,12767,1009199,CD_I1009199,,
27,Mid,,,Jack Viney,MEL,No,20.7,-6.9,,100,100,40,Role: Monitor Oliver presence in 22. Fade if Oliver is starting 2024.,26.5,22,29,12147,291902,CD_I291902,,
28,Mid,,,Zak Butters,PTA,No,20.2,-7.4,,105,99.5,23,,23.2,23,23,12698,1006121,CD_I1006121,,
29,Def,,,Luke Ryan,FRE,No,28,0,,96,99.4,32,,23.9,23,27,12542,998659,CD_I998659,,
30,Mid,,,Tim Kelly,WCE,No,19.4,-8.2,,100,98.7,49,,15.9,22,29,12595,295898,CD_I295898,,
31,Def,,,Nic Newman,CAR,No,26.6,-1.4,,94,98,37,,31.4,21,30,12508,297907,CD_I297907,,
32,Mid,,,Josh Kelly,GWS,No,18.6,-9,,102,97.9,44,,23.4,19,28,12255,296347,CD_I296347,,
33,Mid,,,Jack Steele,STK,No,18.5,-9.1,,106,97.8,35,"Role: Played injured in 2023, average should improve as number 1 mid.",24.9,20,27,12368,296205,CD_I296205,,
34,Mid,,,Luke Davies-Uniacke,NTH,No,18.1,-9.5,,107,97.4,39,"Role: Number one midfielder, Injury prone 2023. Full pre-season for 2024 looking fit.",23.8,14,24,12590,1002267,CD_I1002267,,
35,Def,,,Harry Sheezel,NTH,No,25.9,-2.1,,100,97.3,22,Role: likely playing halfback at start of the season.,24.3,23,19,13034,1023518,CD_I1023518,,
36,Mid,,,Lachie Neale,BRL,No,17.7,-9.9,,97,97,38,"Interrupted pre-season (Minor): groin issues, unknown severity.",20.1,23,30,12055,293535,CD_I293535,,
37,Mid,,,Adam Cerra,CAR,No,17.3,-10.3,,93,96.6,56,,24.3,19,24,12603,1002239,CD_I1002239,,
38,Def,,,Tom Stewart,GEE,No,24.9,-3.1,,99,96.3,25,,26.6,22,30,12505,291800,CD_I291800,,
39,Def,,,Liam Duggan,WCE,No,24.9,-3.1,,94,96.3,42,,21.1,22,26,12334,298268,CD_I298268,,
40,Mid,,,Touk Miller,GCS,No,16.9,-10.7,,104,96.2,33,,19,13,27,12331,298272,CD_I298272,,
41,Ruck,,,Sean Darcy,FRE,No,12.7,-6.9,,91,95.4,43,"Interrupted pre-season (Moderate): ankle injury in 2023, rehabbing in off season. May miss an opening round.",26.8,15,25,12547,998145,CD_I998145,,
42,Mid,,,Will Day,HAW,No,16,-11.6,,80,95.3,68,"Injury: foot stress fracture, may miss 4 weeks at start of season.",14.8,21,22,12794,1008550,CD_I1008550,,
43,Def,,,Lachie Whitfield,GWS,No,23.3,-4.7,,92,94.7,41,,18.9,21,29,12143,294305,CD_I294305,,
44,Mid,,,Josh Daicos,COL,No,15.4,-12.2,,89,94.7,62,Interrupted pre-season (Moderate): foot injury rehab. May resume training in Feb.,16.6,23,25,12573,1005054,CD_I1005054,,
45,Mid,,,Sam Walsh,CAR,No,15.3,-12.3,,100,94.6,29,"Interrupted pre-season (Moderate): Back issues (previous injury), may miss games and effect scoring.",23.5,15,23,12684,1006094,CD_I1006094,,
46,Ruck,,,Kieren Briggs,GWS,No,11.4,-8.2,,91,94.1,50,,19.4,14,24,12904,1008436,CD_I1008436,,
47,Mid,,,Jai Newcombe,HAW,No,14,-13.6,,93,93.3,53,,22.5,22,22,12915,1020895,CD_I1020895,,
48,Def,,,Dan Houston,PTA,No,21.3,-6.7,,99,92.7,46,Role: Best defender fixture for the season.,27.2,23,26,12495,994295,CD_I994295,,
49,Mid,,,Chad Warner,SYD,No,13.4,-14.2,,98,92.7,60,,20.9,20,22,12797,1012014,CD_I1012014,,
50,Def,,,Jayden Short,RIC,No,21.1,-6.9,,99,92.5,47,"Role: set to play pure half back again, which has been better for his scoring.",23.1,16,27,12418,992049,CD_I992049,,
51,Ruck,,,Max Gawn,MEL,No,9.4,-10.2,,105,92.1,17,Role: Sole ruck with Grundy traded to Sydney,29.7,20,31,11966,290528,CD_I290528,,
52,Mid,,,Matt Rowell,GCS,No,12.7,-14.9,,90,92,73,,19.9,23,22,12768,1009208,CD_I1009208,,
53,Mid,,,Will Setterfield,ESS,No,12.7,-14.9,,82,92,91,,23.2,10,25,12567,998215,CD_I998215,,
54,Fwd,Mid,,Jack Macrae,WBD,Yes,27.3,0,,90,91.8,24,"Interrupted preseason (Moderate): Hamstring injury. Watch role, potential upside if more midfield time.",21.5,22,29,12166,295467,CD_I295467,,
55,Mid,,,Tom Mitchell,COL,No,12.5,-15.1,,89,91.8,69,"Role: Managed frequently in 2023, sub-risk in fourth quarter. Finals averaged 100.",22.8,23,30,12196,291856,CD_I291856,,
56,Mid,,,Mason Wood,STK,No,12.3,-15.3,,84,91.6,88,,20.3,23,30,12312,295340,CD_I295340,,
57,Def,,,Nasiah Wanganeen-Milera,STK,No,19.9,-8.1,,87,91.3,58,,22.1,23,20,12950,1015507,CD_I1015507,,
58,Def,,,Mitch Duncan,GEE,No,19.8,-8.2,,85,91.2,64,,24.4,16,32,11798,281065,CD_I281065,,
59,Ruck,,,Jarrod Witts,GCS,No,8.1,-11.5,,90,90.8,59,,16.5,21,31,12177,291975,CD_I291975,,
60,Fwd,,,Dustin Martin,RIC,No,25.5,-1.8,,93,90,51,Role: Set for greater mid time but still playing mid/fwd split.,19.2,20,32,11794,290847,CD_I290847,,
61,Fwd,Mid,,Caleb Daniel,WBD,Yes,25.4,-1.9,,90,89.9,48,,22.3,23,27,12373,295136,CD_I295136,,
62,Mid,,,Luke Parker,SYD,No,10.6,-17,,87,89.9,84,,21.2,22,31,11953,290778,CD_I290778,,
63,Def,,,Jake Lloyd,SYD,No,18.3,-9.7,,84,89.7,65,,19.4,22,30,12268,295342,CD_I295342,,
64,Fwd,Mid,,Sam Flanders,GCS,Yes,25.1,-2.2,,99,89.6,36,Role: Set to assume same high scoring role seen in back half of season.,32.3,14,22,12824,1009260,CD_I1009260,,
65,Mid,,,Dom Sheed,WCE,No,10.3,-17.3,,85,89.6,92,Interrupted pre-season (Major): significant injury risk.,26.7,15,28,12253,296296,CD_I296296,,
66,Mid,,,Matt Crouch,ADE,No,10,-17.6,,95,89.3,85,Role: Set to assume high midfield role.,26.6,7,28,12258,297401,CD_I297401,,
67,Mid,,,Hugh McCluggage,BRL,No,10,-17.6,,97,89.3,67,Role: Will perform better in first half of season with Ashcroft out.,20.2,22,25,12518,1000978,CD_I1000978,,
68,Def,,,Hayden Young,FRE,No,17.8,-10.2,,96,89.2,45,"Role: Midfield role in 2024, scored mid to high 90s in the role in 2023",17.6,22,22,12777,1009256,CD_I1009256,,
69,Fwd,,,Toby Greene,GWS,No,24,-3.3,,82,88.5,55,Role: Playing forward in 2024 - carried injury in 2023.,24.4,21,30,12025,295344,CD_I295344,,
70,Mid,,,Patrick Cripps,CAR,No,9.1,-18.5,,94,88.4,66,,21.6,21,28,12261,990704,CD_I990704,,
71,Ruck,,,Reilly O'Brien,ADE,No,5.7,-13.9,,88,88.4,71,,16.5,23,28,12473,297523,CD_I297523,,
72,Fwd,,,Dylan Moore,HAW,No,23.5,-3.8,,84,88,54,"Illness: Glandular fever, could miss several rounds of the season.",20.7,23,24,12710,1006314,CD_I1006314,,
73,Mid,,,Scott Pendlebury,COL,No,8.7,-18.9,,78,88,95,,18,22,35,4182,260257,CD_I260257,,
74,Mid,,,Blake Acres,CAR,No,8.5,-19.1,,85,87.8,93,Interrupted pre-season (Minor): Shoulder surgery in off season,20,22,28,12276,296294,CD_I296294,,
75,Def,,,Callum Wilkie,STK,No,15.8,-12.2,,74,87.2,86,,17.5,23,27,12703,296422,CD_I296422,,
76,Mid,,,Karl Amon,HAW,No,7.5,-20.1,,95,86.8,76,"Role: May be off halfback, can be 100+ may get DPP. But very risky.",20.6,21,28,12357,297354,CD_I297354,,
77,Mid,,,Jordan De Goey,COL,No,7.5,-20.1,,92,86.8,87,,23.4,18,27,12318,994185,CD_I994185,,
78,Mid,,,Cameron Guthrie,GEE,No,7.5,-20.1,,85,86.8,72,Injury: Soft tissue injury in first practice match. Massive injury risk. Could score near 100 if fit.,19.7,6,31,11884,290550,CD_I290550,,
79,Fwd,Mid,,Shai Bolton,RIC,Yes,22.3,-5,,85,86.8,63,,23.8,23,25,12535,993993,CD_I993993,,
80,Fwd,,,Charlie Curnow,CAR,No,22.3,-5,,81,86.8,61,,27.2,23,26,12421,996731,CD_I996731,,
81,Mid,,,James Worpel,HAW,No,7,-20.6,,84,86.3,107,,14.5,23,24,12619,1002222,CD_I1002222,,
82,Def,,,Mason Redman,ESS,No,14.6,-13.4,,85,86,79,,20.7,23,26,12437,997078,CD_I997078,,
83,Mid,,,Bailey Scott,NTH,No,6.3,-21.3,,88,85.6,105,Mid Punt/Interrupted pre-season: Calf/potential for Def DPP. Watch pre-season role.,24.5,23,23,12701,1006058,CD_I1006058,,
84,Def,,,Bailey Dale,WBD,No,13.9,-14.1,,86,85.3,82,"Role: Likely half back - however, rumor switched to forward.",25.2,23,27,12354,996708,CD_I996708,,
85,Def,Mid,,Angus Brayshaw,MEL,Yes,13.9,-14.1,,0,85.3,70,Retired.,16.7,23,27,12322,298279,CD_I298279,,
86,Mid,,,Nic Martin,ESS,No,5.9,-21.7,,95,85.2,90,Role: slated for a HB distributor role in 2024. May get early DPP.,26.9,23,22,12945,1026850,CD_I1026850,,
87,Fwd,Mid,,Dayne Zorko,BRL,Yes,20.3,-7,,77,84.8,75,Role: Full pre-season at this stage and in good health. Varibale role and scorer.,22.3,17,34,12076,261224,CD_I261224,,
88,Fwd,Ruck,,Luke Jackson,FRE,Yes,20.2,-7.1,,83,84.7,57,,25.3,23,22,12779,1009399,CD_I1009399,,
89,Def,,,Lachie Ash,GWS,No,12.9,-15.1,,84,84.3,96,,15.2,23,22,12782,1009253,CD_I1009253,,
90,Mid,,,Callum Mills,SYD,No,4.8,-22.8,,90,84.1,83,Interrupted pre-season (Major): Shoulder Injury. Variable Roll when selected. Previous 110 scorer.,30.8,19,26,12413,993905,CD_I993905,,
91,Ruck,,,Darcy Cameron,COL,No,1.3,-18.3,,85,84,98,,19.5,16,28,12660,990291,CD_I990291,,
92,Def,,,Lachie Weller,GCS,No,12.4,-15.6,,75,83.8,112,Injury: ACL - Unknown how many games he will play in 2024,24.3,9,27,12385,298524,CD_I298524,,
93,Fwd,Mid,,Bailey Smith,WBD,Yes,18.8,-8.5,,0,83.3,77,"Injury: ACL, No games 2024",20.9,19,23,12692,1006130,CD_I1006130,,
94,Fwd,,,Jeremy Cameron,GEE,No,18.5,-8.8,,81,83,74,,31.2,20,30,12017,293845,CD_I293845,,
95,Mid,,,Jack Crisp,COL,No,3.6,-24,,83,82.9,100,,16.4,23,30,12061,293871,CD_I293871,,
96,Mid,,,Will Ashcroft,BRL,No,3.6,-24,,70,82.9,104,Injury: ACL may play late in 2024,22.2,18,19,13040,1023517,CD_I1023517,,
97,Ruck,,,Oscar McInerney,BRL,No,0,-19.6,,81,82.7,101,,18.6,22,29,12617,1005521,CD_I1005521,,
98,Def,,,Wil Powell,GCS,No,10.7,-17.3,,84,82.1,108,,24.4,18,24,12652,1007881,CD_I1007881,,
99,Mid,,,Conor Nash,HAW,No,2.7,-24.9,,80,82,138,,24.2,23,25,12670,1007124,CD_I1007124,,
100,Def,,,Andrew McGrath,ESS,No,10.4,-17.6,,78,81.8,94,Role: scoring may be impacted by Nic Martin move.,16.2,23,25,12491,998102,CD_I998102,,
101,Def,,,Dyson Heppell,ESS,No,10.2,-17.8,,74,81.6,118,"Role: Essendon likely to phase him out, little impact.",15.7,22,31,11896,290629,CD_I290629,,
102,Ruck,Mid,,Mark Blicavs,GEE,Yes,-1.2,-20.8,,80,81.5,89,"Interrupted preseason (Minor): hamstring, may miss early rounds. Role dependent scorer.",19.2,19,32,12153,296733,CD_I296733,,
103,Def,,,Brodie Smith,ADE,No,10,-18,,79,81.4,116,,16.7,22,31,11891,291748,CD_I291748,,
104,Def,,,Nick Vlastuin,RIC,No,9.8,-18.2,,82,81.2,111,,16.3,21,29,12174,294674,CD_I294674,,
105,Def,,,Blake Hardwick,HAW,No,9.6,-18.4,,80,81,139,,22,23,26,12469,993794,CD_I993794,,
106,Def,,,John Noble,COL,No,9.6,-18.4,,78,81,135,Selection: Edge of best 22 for Collingwood - missed Grand Final,19.4,23,26,12743,1000072,CD_I1000072,,
107,Mid,,,Jacob Hopper,RIC,No,1.5,-26.1,,85,80.8,123,,26.8,16,26,12440,993903,CD_I993903,,
108,Def,,,Jordan Ridley,ESS,No,9.4,-18.6,,77,80.8,114,Role: scoring may be impacted by Nic Martin move.,27.3,17,25,12631,1001026,CD_I1001026,,
109,Def,,,Jarman Impey,HAW,No,9.2,-18.8,,80,80.6,142,,25,22,28,12237,296254,CD_I296254,,
110,Fwd,,,Taylor Walker,ADE,No,15.9,-11.4,,80,80.4,99,,38.4,22,33,11713,280506,CD_I280506,,
111,Def,,,Daniel Rioli,RIC,No,8.9,-19.1,,84,80.3,110,,20.2,23,26,12403,1000981,CD_I1000981,,
112,Fwd,,,Isaac Heeney,SYD,No,15.5,-11.8,,87,80,81,,19.7,22,27,12326,298539,CD_I298539,,
113,Mid,,,Tom Atkins,GEE,No,0.6,-27,,83,79.9,133,,22.2,23,28,12690,994386,CD_I994386,,
114,Mid,,,Patrick Dangerfield,GEE,No,0.6,-27,,75,79.9,134,,21.6,18,33,11700,270917,CD_I270917,,
115,Def,,,Ed Richards,WBD,No,8.4,-19.6,,80,79.8,121,,16.4,19,24,12605,1008280,CD_I1008280,,
116,Mid,,,Tarryn Thomas,NTH,No,0,-27.6,,0,79.3,194,"Suspension/delisted: 18 games, domestic violence. Delisted.",13.9,12,23,12707,1005729,CD_I1005729,,
117,Mid,,,James Rowbottom,SYD,No,0,-27.6,,81,79.3,137,,18.4,23,23,12714,1006126,CD_I1006126,,
118,Mid,,,Lachie Hunter,MEL,No,-0.1,-27.7,,76,79.2,153,"Injury/Interrupted pre-season (Major): calf, may miss opening rounds.",17,22,29,12203,294557,CD_I294557,,
119,Mid,,,Steele Sidebottom,COL,No,-0.4,-28,,77,78.9,167,,22.2,17,32,11751,280965,CD_I280965,,
120,Ruck,,,Ivan Soldo,PTA,No,-4.1,-23.7,,80,78.6,176,Trade: Potential sole ruck role or will share with Sweet?,22.9,8,27,12529,998529,CD_I998529,,
121,Fwd,,,Lachie Schultz,COL,No,14,-13.3,,76,78.5,102,,20.4,23,26,12700,1000860,CD_I1000860,,
122,Def,,,Alex Witherden,WCE,No,7,-21,,85,78.4,113,Role: May benefit from the retirement of Hurn.,27.5,22,25,12546,998128,CD_I998128,,
123,Mid,,,Ollie Wines,PTA,No,-1.6,-29.2,,94,77.7,106,"Mid Punt/Role: Potential full fitness for 2024, will be third midfielder at PA.",18.3,23,29,12150,294318,CD_I294318,,
124,Def,,,Christian Salem,MEL,No,6.1,-21.9,,82,77.5,141,Interrupted pre-season (Minor): Back soreness. Injury prone player last 2 years.,18.5,14,28,12272,296359,CD_I296359,,
125,Fwd,,,Ben Keays,ADE,No,12.8,-14.5,,72,77.3,97,Role: Pressure fwd/half fwd. Unlikely to get mid time unless an injury occurs.,24.9,23,26,12434,993946,CD_I993946,,
126,Mid,,,Liam Shiels,NTH,No,-2,-29.6,,72,77.3,174,,24.8,16,32,11760,280737,CD_I280737,,
127,Def,,,James Trezise,RIC,No,5.6,-22.4,,62,77,235,,,1,21,13095,1031829,CD_I1031829,,
128,Mid,,,Willem Drew,PTA,No,-2.4,-30,,76,76.9,182,Role: Move to the outisde with Wines moving inside. Scores may decrease.,21.5,23,25,12695,1000972,CD_I1000972,,
129,Mid,,,Liam Henry,STK,No,-2.5,-30.1,,81,76.8,187,,21.6,16,22,12831,1005988,CD_I1005988,,
130,Def,,,Jayden Hunt,WCE,No,5.3,-22.7,,75,76.7,200,,24.7,23,28,4729,994385,CD_I994385,,
131,Ruck,,,Bailey J. Williams,WCE,No,-6,-25.6,,72,76.7,179,,21.1,23,23,12836,1006114,CD_I1006114,,
132,Fwd,Mid,,Taylor Adams,SYD,Yes,12,-15.3,,85,76.5,78,Trade: May get more midfield time in 2024.,22.1,22,30,12066,291776,CD_I291776,,
133,Def,,,Jordan Clark,FRE,No,5.1,-22.9,,86,76.5,103,,17.7,23,23,12688,1006152,CD_I1006152,,
134,Mid,,,Ben Hobbs,ESS,No,-2.8,-30.4,,78,76.5,178,Interrupted pre-season (Moderate): minor AC Shoulder injury in early Feb.,21.7,18,20,12970,1017088,CD_I1017088,,
135,Mid,,,Harry Morrison,HAW,No,-2.8,-30.4,,75,76.5,168,,23.7,13,25,12579,1000963,CD_I1000963,,
136,Def,,,Trent Rivers,MEL,No,5.1,-22.9,,74,76.5,163,,15.4,23,22,12778,1009378,CD_I1009378,,
137,Fwd,,,Joe Daniher,BRL,No,11.7,-15.6,,71,76.2,148,,25.4,23,29,12199,294518,CD_I294518,,
138,Ruck,,,Peter Ladhams,SYD,No,-6.5,-26.1,,60,76.2,206,,26.3,9,25,12729,997142,CD_I997142,,
139,Def,,,Darcy Macpherson,GCS,No,4.7,-23.3,,65,76.1,181,Role: moving from back to forward. Will likely reduce average.,22.7,23,26,12438,996464,CD_I996464,,
140,Mid,,,Max Holmes,GEE,No,-3.4,-31,,81,75.9,172,,19.6,21,21,12881,1015889,CD_I1015889,,
141,Mid,,,Finn Callaghan,GWS,No,-3.5,-31.1,,81,75.8,156,"Interrupted pre-season (Minor): shoulder concern in mid Feb, doesn't seem serious.",14.6,18,20,12969,1023266,CD_I1023266,,
142,Mid,,,Jy Simpkin,NTH,No,-3.5,-31.1,,77,75.8,117,"Role: Variable role half forward/mid, rates poorly as a mid. Potential DPP through season",29.6,18,25,12502,993998,CD_I993998,,
143,Mid,,,Dion Prestia,RIC,No,-3.5,-31.1,,75,75.8,165,"Interrupted pre-season/Mid punt: Hamstring injury in preseason, injury prone. Squeezed out of mid rotation, 3rd or 4th banana.",16.9,20,31,11917,290627,CD_I290627,,
144,Def,,,Mitch Hinge,ADE,No,4.3,-23.7,,80,75.7,140,Def Punt: 90 is second half of 2023. Appears to be main distributor.,24.8,22,25,12727,1004863,CD_I1004863,,
145,Mid,,,Brandon Ellis,GCS,No,-3.7,-31.3,,68,75.6,160,,21.3,16,30,12034,293713,CD_I293713,,
146,Fwd,,,Gryan Miers,GEE,No,11,-16.3,,77,75.5,150,,23.8,23,24,12689,1004938,CD_I1004938,,
147,Mid,,,Jaeger O'Meara,FRE,No,-3.9,-31.5,,75,75.4,170,,23.5,21,29,12141,294613,CD_I294613,,
148,Def,,,Luke McDonald,NTH,No,3.8,-24.2,,75,75.2,158,Def Punt/Interrupted pre-season (Moderate): Could be a main ball getter off half back/rehab group mid Jan,21.9,22,28,12246,296355,CD_I296355,,
149,Fwd,Mid,,Jye Caldwell,ESS,Yes,10.6,-16.7,,72,75.1,122,,17.5,21,23,12755,1006103,CD_I1006103,,
150,Ruck,,,Brodie Grundy,SYD,No,-7.7,-27.3,,99,75,52,Trade: Sydney - Sole ruck role again.,23.3,17,29,12217,293957,CD_I293957,,
151,Mid,,,Josh Ward,HAW,No,-4.4,-32,,80,74.9,191,Role: Likely to pick up some midfield time with Day out.,18.2,16,20,12955,1017110,CD_I1017110,,
152,Def,,,Rory Atkins,GCS,No,3.3,-24.7,,74,74.7,218,,25.7,17,29,12381,294472,CD_I294472,,
153,Mid,,,Matthew Kennedy,CAR,No,-4.7,-32.3,,80,74.6,154,Role: Role and selection is variable. Mid-field opportunity through injury.,18.4,14,26,12455,1001398,CD_I1001398,,
154,Def,,,Brayden Maynard,COL,No,3.2,-24.8,,74,74.6,173,"Interrupted pre-season (Moderate): Will only return to training in new year, shoulder reco",19.8,22,27,12371,992010,CD_I992010,,
155,Fwd,Mid,,Bradley Hill,STK,Yes,10,-17.3,,71,74.5,124,,21.7,21,30,12060,295584,CD_I295584,,
156,Mid,,,Rory Sloane,ADE,No,-4.8,-32.4,,70,74.5,213,,18.5,22,33,11792,270963,CD_I270963,,
157,Fwd,,,Izak Rankine,ADE,No,9.7,-17.6,,78,74.2,146,,21.6,20,23,12798,1001195,CD_I1001195,,
158,Mid,,,George Hewett,CAR,No,-5.2,-32.8,,81,74.1,145,,30.3,19,27,12411,294036,CD_I294036,,
159,Fwd,,,Ben Ainsworth,GCS,No,9.6,-17.7,,72,74.1,127,,19.9,21,25,12498,998130,CD_I998130,,
160,Fwd,,,Jake Waterman,WCE,No,9.6,-17.7,,63,74.1,224,Missed second half of 2023 with illness,24.5,11,25,12601,996554,CD_I996554,,
161,Fwd,,,Mitch Owens,STK,No,9.4,-17.9,,77,73.9,129,,19.7,22,20,12948,1023272,CD_I1023272,,
162,Def,,,Adam Saad,CAR,No,2.5,-25.5,,74,73.9,157,,16.8,22,29,12330,295461,CD_I295461,,
163,Ruck,,,Matt Flynn,WCE,No,-8.8,-28.4,,79,73.9,159,,17.5,9,26,12870,993902,CD_I993902,,
164,Mid,,,Jarrod Berry,BRL,No,-5.5,-33.1,,74,73.8,175,,22.6,22,25,12519,998133,CD_I998133,,
165,Fwd,,,Jesse Hogan,GWS,No,9.3,-18,,73,73.8,152,,35,20,28,12321,296324,CD_I296324,,
166,Fwd,,,Jade Gresham,ESS,No,9.1,-18.2,,79,73.6,120,"Role: Primarily fwd, but doesn't need midtime to score.",22,22,26,12415,298421,CD_I298421,,
167,Def,,,Jason Johannisen,WBD,No,2.1,-25.9,,81,73.5,248,,22.2,11,31,12122,294101,CD_I294101,,
168,Def,,,Connor Budarick,GCS,No,2.1,-25.9,,74,73.5,190,Def Punt: Flagged for half back role. Watch role in pre-season,13.4,2,22,12769,1008454,CD_I1008454,,
169,Mid,,,James Aish,FRE,No,-5.9,-33.5,,75,73.4,185,,17.3,20,28,12250,295067,CD_I295067,,
170,Ruck,,,Todd Goldstein,ESS,No,-9.4,-29,,63,73.3,204,,25.1,20,35,11686,271129,CD_I271129,,
171,Fwd,,,Kyle Langford,ESS,No,8.5,-18.8,,75,73,184,,19.1,23,27,12349,298630,CD_I298630,,
172,Def,,,Corey Wagner,FRE,No,1.4,-26.6,,73,72.8,215,,19.7,9,26,12453,993940,CD_I993940,,
173,Fwd,,,Alex Neal-Bullen,MEL,No,8.3,-19,,66,72.8,199,,14.4,23,27,12367,296420,CD_I296420,,
174,Fwd,,,Jeremy Finlayson,PTA,No,8.1,-19.2,,64,72.6,196,,24.7,20,27,12553,298111,CD_I298111,,
175,Mid,,,Ed Langdon,MEL,No,-6.9,-34.5,,77,72.4,252,,18.9,23,27,12393,298264,CD_I298264,,
176,Fwd,Mid,,Zac Bailey,BRL,Yes,7.9,-19.4,,71,72.4,143,,18.1,21,24,12610,1002312,CD_I1002312,,
177,Mid,,,David Swallow,GCS,No,-6.9,-34.5,,67,72.4,207,,22.2,23,31,11919,290832,CD_I290832,,
178,Def,,,Harry Himmelberg,GWS,No,0.9,-27.1,,78,72.3,149,Role: Full time defender in 2024.,22,22,27,12462,993107,CD_I993107,,
179,Fwd,,,Liam Ryan,WCE,No,7.8,-19.5,,66,72.3,313,Injury: major hamstring injury.,30.2,3,27,12600,1004364,CD_I1004364,,
180,Fwd,,,Charlie Dixon,PTA,No,7.8,-19.5,,65,72.3,232,"Injury/interrupted preseason: Abductor, reports looking slow and in decline.",15.3,13,33,11914,280711,CD_I280711,,
181,Fwd,,,Jack Lukosius,GCS,No,7.6,-19.7,,71,72.1,189,Role: Will play as a key forward. Poor for scoring.,19.7,22,23,12704,1004095,CD_I1004095,,
182,Fwd,,,Josh Rachele,ADE,No,7.4,-19.9,,79,71.9,125,"Role: Hybrid forward mid, however, doesn't appear to be the 3rd or 4th line mid yet.",22.6,21,20,12953,1017051,CD_I1017051,,
183,Fwd,,,Mitch Lewis,HAW,No,7.4,-19.9,,74,71.9,201,,26.2,15,25,12636,1000887,CD_I1000887,,
184,Mid,,,Callan Ward,GWS,No,-7.5,-35.1,,66,71.8,222,Interrupted pre-season (Moderate): dealing with groin injury.,28.1,22,33,11677,280109,CD_I280109,,
185,Mid,,,Andrew Gaff,WCE,No,-7.6,-35.2,,75,71.7,228,,23.1,23,31,11904,290801,CD_I290801,,
186,Mid,,,Jack Ross,RIC,No,-7.7,-35.3,,75,71.6,269,,19.9,19,23,12712,1006133,CD_I1006133,,
187,Fwd,,,Tom Emmett,FRE,No,7,-20.3,,65,71.5,277,,17.7,2,22,13090,1020695,CD_I1020695,,
188,Def,,,Nick Blakey,SYD,No,0,-28,,77,71.4,180,,17.7,23,23,12699,1006028,CD_I1006028,,
189,Def,,,Wayne Milera,ADE,No,0,-28,,70,71.4,227,"Interrupted pre-season (Moderate): Hamstring injury, Jan 30, missing two weeks training",17.9,22,26,12405,990882,CD_I990882,,
190,Ruck,,,Rhys Stanley,GEE,No,-11.4,-31,,65,71.3,262,,15.5,13,33,11847,280317,CD_I280317,,
191,Def,,,Oliver Florent,SYD,No,-0.4,-28.4,,70,71,231,,22.2,23,25,12497,998103,CD_I998103,,
192,Mid,,,Brayden Fiorini,GCS,No,-8.5,-36.1,,72,70.8,272,,26.5,17,26,12481,993799,CD_I993799,,
193,Mid,,,Justin McInerney,SYD,No,-8.5,-36.1,,69,70.8,250,Role: switched to half forward.,18.6,18,23,12711,1011936,CD_I1011936,,
194,Fwd,,,Connor Macdonald,HAW,No,6.2,-21.1,,79,70.7,147,"Fwd Punt: Monitor Role. Natural progression may see him score 80+, mid 80s average last 5 games.",20.8,21,20,12954,1017094,CD_I1017094,,
195,Mid,,,Tanner Bruhn,GEE,No,-8.6,-36.2,,78,70.7,229,Role: Should increase TOG in 2024. Requires midfield role to score.,16.3,19,21,12871,1012805,CD_I1012805,,
196,Def,,,Mitch McGovern,CAR,No,-0.7,-28.7,,70,70.7,258,,19.5,19,29,12404,297255,CD_I297255,,
197,Def,,,Liam Stocker,STK,No,-0.9,-28.9,,73,70.5,278,,22.7,22,23,12721,1008312,CD_I1008312,,
198,Def,,,Harry Perryman,GWS,No,-0.9,-28.9,,70,70.5,203,"Interrupted pre-season: hamstring strain, in doubt for opening round.",23.5,19,24,12536,998205,CD_I998205,,
199,Def,,,Jacob Weitering,CAR,No,-1,-29,,63,70.4,263,Injury/Interrupted pre-season (Moderate): will miss early rounds due to calf injury.,15.9,23,26,12402,993832,CD_I993832,,
200,Def,,,Jeremy McGovern,WCE,No,-1.1,-29.1,,70,70.3,270,,19.2,9,31,12273,294859,CD_I294859,,
201,Fwd,,,Brent Daniels,GWS,No,5.7,-21.6,,77,70.2,205,"Fwd Punt: Finals series average of 83, talked up by club.",23.1,17,24,12656,1002251,CD_I1002251,,
202,Def,,,Zach Guthrie,GEE,No,-1.3,-29.3,,72,70.1,253,,17.6,23,25,12551,1004870,CD_I1004870,,
203,Def,,,Brodie Kemp,CAR,No,-1.3,-29.3,,70,70.1,241,,21,15,22,12937,1009241,CD_I1009241,,
204,Def,Mid,,Elliot Yeo,WCE,Yes,-1.3,-29.3,,90,70.1,128,"Role: Playing full midfield in 2024, injury prone.",22.3,10,30,12087,292128,CD_I292128,,
205,Mid,,,Sebastian Ross,STK,No,-9.4,-37,,72,69.9,208,,31.3,16,30,12132,293846,CD_I293846,,
206,Def,,,Brennan Cox,FRE,No,-1.5,-29.5,,70,69.9,257,Injury: May start season late due to leg stress fracture.,28.5,20,25,12544,997033,CD_I997033,,
207,Mid,,,Bailey Williams,WBD,No,-9.4,-37,,70,69.9,310,,23.5,23,26,12441,992351,CD_I992351,,
208,Fwd,Def,,Liam Baker,RIC,Yes,5.3,-22,,71,69.8,151,"Role: monitor role in pre-season, may play mid in 2024",21.2,23,25,12661,1000223,CD_I1000223,,
209,Fwd,,,Patrick Lipinski,COL,No,5.2,-22.1,,77,69.7,169,,14.7,11,25,12578,1003130,CD_I1003130,,
210,Def,,,Keidean Coleman,BRL,No,-1.8,-29.8,,85,69.6,109,Role: Main ball user off half back,21.3,20,23,12838,1006059,CD_I1006059,,
211,Fwd,,,Harry McKay,CAR,No,5.1,-22.2,,70,69.6,223,,30.8,19,25,12566,1000953,CD_I1000953,,
212,Def,,,Steven May,MEL,No,-1.9,-29.9,,71,69.5,261,,16.3,21,31,11940,281085,CD_I281085,,
213,Fwd,,,Jamie Cripps,WCE,No,4.9,-22.4,,70,69.4,233,,29.5,12,31,11937,290826,CD_I290826,,
214,Def,,,Nick Hind,ESS,No,-2.3,-30.3,,70,69.1,226,,24.3,16,29,12734,297452,CD_I297452,,
215,Fwd,,,Zac Fisher,NTH,No,4.5,-22.8,,79,69,144,Fwd Punt/Interrupted pre-season (Moderate): Hamstring - May miss opening round. ROLE change/opportunity off half back. Could average 85 to 95 in role.,25,12,25,12520,999827,CD_I999827,,
216,Mid,,,Dylan Shiel,ESS,No,-10.3,-37.9,,70,69,212,Interrupted pre-season (Major): begins training in February. Injury history.,31.3,12,30,12022,291783,CD_I291783,,
217,Def,,,Harris Andrews,BRL,No,-2.6,-30.6,,70,68.8,295,,24.4,23,26,12340,996059,CD_I996059,,
218,Def,,,Isaac Quaynor,COL,No,-2.9,-30.9,,68,68.5,234,,22.6,23,23,12740,1008089,CD_I1008089,,
219,Def,Mid,,Isaac Cumming,GWS,Yes,-3.1,-31.1,,70,68.3,166,"Interrupted pre-season (Moderate): calf strain, in doubt for opening round.",15.1,17,25,12629,1001396,CD_I1001396,,
220,Mid,,,Jason Horne-Francis,PTA,No,-11.3,-38.9,,80,68,195,,23.2,22,20,12956,1011640,CD_I1011640,,
221,Mid,,,Hunter Clark,STK,No,-11.5,-39.1,,70,67.8,312,"Injury - Facial fracture & concussion, may start season.",26.4,18,24,12591,1002264,CD_I1002264,,
222,Mid,,,Lachlan Sholl,ADE,No,-11.5,-39.1,,70,67.8,311,,20.8,16,23,12814,1006136,CD_I1006136,,
223,Mid,,,Jake Soligo,ADE,No,-11.7,-39.3,,75,67.6,274,Role: Fwd/wing role for 2024 with some use as an inside mid.,24.9,21,20,12952,1017109,CD_I1017109,,
224,Def,,,Jayden Laverde,ESS,No,-4,-32,,65,67.4,330,,29,19,27,12377,298280,CD_I298280,,
225,Fwd,,,Archie Perkins,ESS,No,2.8,-24.5,,71,67.3,249,,20.1,23,21,12879,1015873,CD_I1015873,,
226,Def,Mid,,Chayce Jones,ADE,Yes,-4.1,-32.1,,65,67.3,299,,22.3,18,23,12691,1006203,CD_I1006203,,
227,Def,,,Connor Idun,GWS,No,-4.4,-32.4,,65,67,276,,17.6,23,23,12750,1008083,CD_I1008083,,
228,Mid,,,Will Brodie,FRE,No,-12.3,-39.9,,65,67,119,"Role: Monitor pre-season, not best 22, Fyfe likely to play more than him.",10.5,5,25,12541,998129,CD_I998129,,
229,Fwd,,,Aaron Naughton,WBD,No,2.4,-24.9,,70,66.9,243,,15,23,24,12594,1002404,CD_I1002404,,
230,Def,,,Nathan Broad,RIC,No,-4.5,-32.5,,65,66.9,331,,21.5,19,30,12456,295203,CD_I295203,,
231,Fwd,,,Jamie Elliott,COL,No,2.3,-25,,71,66.8,264,"Interrupted pre-season (Moderate): Will only return to training in new year, shoulder minor. FWD role in 2024.",13.2,21,31,12083,293801,CD_I293801,,
232,Mid,,,Will Phillips,NTH,No,-12.5,-40.1,,70,66.8,297,,19.1,16,21,12877,1012829,CD_I1012829,,
233,Mid,,,Zach Tuohy,GEE,No,-12.6,-40.2,,65,66.7,286,,15.5,20,33,11973,292511,CD_I292511,,
234,Ruck,,,Sam Draper,ESS,No,-16.1,-35.7,,65,66.6,254,Injury/Interrupted pre-season (Moderate): likely to miss start of 2024,17.8,14,25,12810,1005577,CD_I1005577,,
235,Mid,,,Tom Sparrow,MEL,No,-12.7,-40.3,,65,66.6,289,,15.4,21,23,12693,999391,CD_I999391,,
236,Def,,,Jamaine Jones,WCE,No,-4.8,-32.8,,64,66.6,320,,20.5,13,25,12637,998791,CD_I998791,,
237,Def,,,Jack Scrimshaw,HAW,No,-4.9,-32.9,,72,66.5,284,,22.3,16,25,12565,998114,CD_I998114,,
238,Def,,,Nick Haynes,GWS,No,-4.9,-32.9,,65,66.5,339,,32.5,19,31,12091,295265,CD_I295265,,
239,Mid,,,Xavier Duursma,ESS,No,-13,-40.6,,65,66.3,260,,21.8,14,23,12696,1006096,CD_I1006096,,
240,Ruck,,,Tom De Koning,CAR,No,-16.5,-36.1,,65,66.2,240,,21.8,16,24,12674,1004912,CD_I1004912,,
241,Fwd,,,Tom Papley,SYD,No,1.7,-25.6,,65,66.2,259,Role: Increased midfield depth at Sydney may see fewer CBAs in 2024,21.4,22,27,12412,996765,CD_I996765,,
242,Ruck,,,Tristan Xerri,NTH,No,-16.7,-36.3,,84,66,126,"Role: Sole ruck in 2024 for NM. Minor face injury in preseason, shouldnâ€™t impact.",25.2,9,24,12788,1004965,CD_I1004965,,
243,Def,,,Tom Cole,WCE,No,-5.5,-33.5,,65,65.9,325,,22.4,12,26,12446,993820,CD_I993820,,
244,Fwd,Ruck,,Hayden McLean,SYD,Yes,1.1,-26.2,,55,65.6,214,,18.6,21,24,12745,1003203,CD_I1003203,,
245,Def,Mid,,Braeden Campbell,SYD,Yes,-6.2,-34.2,,65,65.2,265,,21.1,22,21,12863,1013133,CD_I1013133,,
246,Def,,,Conor McKenna,BRL,No,-6.3,-34.3,,65,65.1,333,,13.2,23,27,12391,997846,CD_I997846,,
247,Mid,,,George Wardlaw,NTH,No,-14.3,-41.9,,85,65,188,"Mid Punt/Role: Likely second banana behind LDU, more midfield opportunity in 2024",25.1,8,19,13064,1023477,CD_I1023477,,
248,Def,,,Noah Balta,RIC,No,-6.7,-34.7,,58,64.7,343,Role: Moved to forward line. May play a mix in 2024.,15.6,23,24,12686,1002245,CD_I1002245,,
249,Def,,,Josh Weddle,HAW,No,-6.9,-34.9,,67,64.5,220,Back Punt: Might get a wing role in 2024. Good junior scorer.,15,17,19,13057,1027935,CD_I1027935,,
250,Fwd,,,Cameron Zurhaar,NTH,No,0,-27.3,,65,64.5,285,,19.7,16,25,12557,998484,CD_I998484,,
251,Def,,,Kane Farrell,PTA,No,-6.9,-34.9,,65,64.5,329,,15.7,20,24,12664,1002253,CD_I1002253,,
252,Def,,,Ryan Burton,PTA,No,-7.2,-35.2,,71,64.2,317,,20.1,20,26,12477,992128,CD_I992128,,
253,Fwd,Mid,,Elijah Tsatas,ESS,Yes,-0.3,-27.6,,65,64.2,219,Fwd Punt: Should get games if midfield injury occurs.,17.6,4,19,13087,1023785,CD_I1023785,,
254,Fwd,,,Oscar Allen,WCE,No,-0.4,-27.7,,65,64.1,246,,22.1,23,24,12655,1004385,CD_I1004385,,
255,Fwd,,,Cam Rayner,BRL,No,-0.8,-28.1,,67,63.7,251,,15.6,23,24,12592,1002235,CD_I1002235,,
256,Fwd,,,Toby Bedford,GWS,No,-0.8,-28.1,,65,63.7,309,,20.1,16,23,12772,1008139,CD_I1008139,,
257,Fwd,,,Jack Higgins,STK,No,-0.8,-28.1,,64,63.7,365,,21.3,21,24,12609,1002227,CD_I1002227,,
258,Fwd,,,Charlie Cameron,BRL,No,-0.9,-28.2,,62,63.6,273,,22,23,29,12277,990609,CD_I990609,,
259,Fwd,,,Jack Silvagni,CAR,No,-1.1,-28.4,,0,63.4,353,Injury: ACL Out for 2024 season,25.4,16,25,12458,1001028,CD_I1001028,,
260,Def,,,Darcy Moore,COL,No,-8.1,-36.1,,65,63.3,332,,20,21,27,12372,298288,CD_I298288,,
261,Def,Mid,,Marcus Windhager,STK,Yes,-8.2,-36.2,,77,63.2,216,Role/Def Punt: Sub affected 2023. Full games averaging mid 70s. Moving to halfback/mid. May have a hand injury from practice match.,28.3,18,20,12967,1023270,CD_I1023270,,
262,Fwd,,,Bayley Fritsch,MEL,No,-1.4,-28.7,,65,63.1,364,,24.9,15,27,12598,1001438,CD_I1001438,,
263,Fwd,,,Kysaiah Pickett,MEL,No,-1.4,-28.7,,65,63.1,306,Suspension: 1 game.,24.7,21,22,12771,1008541,CD_I1008541,,
264,Fwd,,,Sam Switkowski,FRE,No,-1.4,-28.7,,65,63.1,292,,21.9,22,27,12672,992059,CD_I992059,,
265,Def,,,Jimmy Webster,STK,No,-8.3,-36.3,,65,63.1,,,12.1,16,30,12188,290757,CD_I290757,,
266,Def,,,Ryan Lester,BRL,No,-8.3,-36.3,,65,63.1,361,,17.2,16,31,11894,291548,CD_I291548,,
267,Fwd,,,Tom Hawkins,GEE,No,-1.5,-28.8,,67,63,296,,27.8,20,35,11548,261510,CD_I261510,,
268,Fwd,,,Will Hayward,SYD,No,-1.5,-28.8,,65,63,352,,19.5,22,25,12509,997100,CD_I997100,,
269,Mid,,,Brayden Cook,ADE,No,-16.3,-43.9,,65,63,,,,1,21,12932,1018335,CD_I1018335,,
270,Mid,,,Sam Durham,ESS,No,-16.3,-43.9,,65,63,328,,19.3,22,22,12925,1015810,CD_I1015810,,
271,Def,,,Jeremy Howe,COL,No,-8.5,-36.5,,65,62.9,350,,23.6,11,33,11967,291313,CD_I291313,,
272,Def,,,Seamus Mitchell,HAW,No,-8.5,-36.5,,65,62.9,356,"Interrupted preseason (Major): fractured jaw, may miss opening rounds.",21.3,14,21,13051,1018016,CD_I1018016,,
273,Fwd,,,Lachlan Murphy,ADE,No,-2,-29.3,,65,62.5,366,,18.1,22,25,12585,1000998,CD_I1000998,,
274,Mid,,,Henry Hustwaite,HAW,No,-16.8,-44.4,,65,62.5,303,,16.3,2,19,13091,1023680,CD_I1023680,,
275,Mid,,,Angus Sheldrick,SYD,No,-16.9,-44.5,,81,62.4,290,"Injured ankle late in 2023, scoring well with midfield role prior.",39.1,7,20,12951,1020339,CD_I1020339,,
276,Fwd,Mid,,Matthew Cottrell,CAR,Yes,-2.2,-29.5,,61,62.3,349,,16.7,14,23,12822,1008154,CD_I1008154,,
277,Def,,,Jake Bowey,MEL,No,-9.1,-37.1,,60,62.3,357,,12.2,21,21,12931,1012825,CD_I1012825,,
278,Mid,,,Travis Boak,PTA,No,-17.1,-44.7,,60,62.2,294,Role: will not have a mid role.,22.8,19,35,11583,250365,CD_I250365,,
279,Fwd,,,Jake Stringer,ESS,No,-2.5,-29.8,,60,62,337,Injury/Interrupted pre-season (Moderate): likely to miss start of 2023,23.6,17,29,12167,293884,CD_I293884,,
280,Def,,,Josh Battle,STK,No,-9.4,-37.4,,60,62,360,,22,22,25,12558,998134,CD_I998134,,
281,Def,,,Tom Brown,RIC,No,-9.4,-37.4,,60,62,,,,1,20,13096,1017086,CD_I1017086,,
282,Mid,,,Ryan Byrnes,STK,No,-17.3,-44.9,,60,62,,,19.3,20,22,12802,1011994,CD_I1011994,,
283,Def,Mid,,Mark O'Connor,GEE,Yes,-9.5,-37.5,,60,61.9,371,,16,22,26,12531,1007102,CD_I1007102,,
284,Def,,,Luke Nankervis,ADE,No,-9.6,-37.6,,60,61.8,,,4.1,4,20,13081,1021031,CD_I1021031,,
285,Def,,,Brady Hough,WCE,No,-9.9,-37.9,,71,61.5,315,Role: Retirement of hurn may increase marks.,23.7,15,20,12957,1023167,CD_I1023167,,
286,Fwd,,,Mitch Georgiades,PTA,No,-3,-30.3,,60,61.5,,Interrupted pre-season: knee - returning from ACL,3.5,2,22,12766,1010174,CD_I1010174,,
287,Fwd,,,Sam Powell-Pepper,PTA,No,-3.1,-30.4,,60,61.4,293,,18,23,25,12494,993979,CD_I993979,,
288,Fwd,Mid,,Curtis Taylor,NTH,Yes,-3.2,-30.5,,60,61.3,351,,16.3,16,23,12722,1006137,CD_I1006137,,
289,Fwd,,,Darcy Byrne-Jones,PTA,No,-3.3,-30.6,,60,61.2,354,,21.1,21,28,12422,991930,CD_I991930,,
290,Fwd,,,Lachie Fogarty,CAR,No,-3.3,-30.6,,60,61.2,,,19.9,9,24,12596,1002228,CD_I1002228,,
291,Fwd,,,Jack Graham,RIC,No,-3.5,-30.8,,60,61,300,,20.1,20,25,12576,990827,CD_I990827,,
292,Ruck,,,Ned Reeves,HAW,No,-21.8,-41.4,,60,60.9,326,,22.7,21,25,12906,1001024,CD_I1001024,,
293,Mid,,,Darcy Tucker,NTH,No,-18.4,-46,,60,60.9,,,20.4,18,26,12426,993816,CD_I993816,,
294,Fwd,,,Xavier O'Halloran,GWS,No,-3.6,-30.9,,60,60.9,,,18.2,12,23,12821,1006135,CD_I1006135,,
295,Def,,,Jack Bowes,GEE,No,-10.7,-38.7,,76,60.7,308,"Selection/Role: Average sub affected. Has a good clearance game, could get more mid time.",28.4,17,25,12499,998260,CD_I998260,,
296,Fwd,,,Jack Billings,MEL,No,-3.8,-31.1,,75,60.7,177,"Trade/Selection/Fwd Punt: Training wing/half forward role. Monitor pre-season, may not be best 22.",13.6,3,28,12249,296351,CD_I296351,,
297,Def,,,Darcy Wilmot,BRL,No,-10.7,-38.7,,60,60.7,335,,17.2,23,19,13026,1017067,CD_I1017067,,
298,Fwd,,,Darcy Fogarty,ADE,No,-4.1,-31.4,,60,60.4,369,,24.9,21,24,12584,999331,CD_I999331,,
299,Fwd,,,Luke Breust,HAW,No,-4.1,-31.4,,60,60.4,,,18.2,21,33,11954,280744,CD_I280744,,
300,Fwd,,,Chad Wingard,HAW,No,-4.1,-31.4,,40,60.4,,"Injured - Achilles late 2023, may play late 2024",31.4,14,30,12047,291962,CD_I291962,,
301,Def,,,Heath Chapman,FRE,No,-11.1,-39.1,,70,60.3,256,"Interrupted pre-season (Major)/Injury: Hamstring, may miss round 1.",32.1,3,21,12875,1013224,CD_I1013224,,
302,Fwd,,,Brody Mihocek,COL,No,-4.2,-31.5,,60,60.3,,,20.8,21,30,12639,291849,CD_I291849,,
303,Fwd,,,Todd Marshall,PTA,No,-4.3,-31.6,,60,60.2,355,,25.8,19,25,12575,1004998,CD_I1004998,,
304,Mid,,,Oskar Baker,WBD,No,-19.1,-46.7,,60,60.2,,,20.3,18,25,12723,1008855,CD_I1008855,,
305,Def,,,Dylan Williams,PTA,No,-11.4,-39.4,,67,60,358,Back Punt: had a good role off half back in 2023.,21.5,20,22,12917,1009195,CD_I1009195,,
306,Fwd,,,Jamarra Ugle-Hagan,WBD,No,-4.5,-31.8,,60,60,322,,20.6,23,21,12923,1009301,CD_I1009301,,
307,Fwd,,,Nick Larkey,NTH,No,-4.5,-31.8,,60,60,244,,29.4,23,25,12563,1001017,CD_I1001017,,
308,Def,,,Miles Bergman,PTA,No,-11.4,-39.4,,60,60,348,,19.7,22,22,12867,1009191,CD_I1009191,,
309,Fwd,,,Shane McAdam,MEL,No,-4.8,-32.1,,60,59.7,,Interrupted pre-season: calf issues.,17.8,7,28,12783,298470,CD_I298470,,
310,Mid,,,Kamdyn McIntosh,RIC,No,-19.6,-47.2,,60,59.7,,,14.8,22,29,12317,294592,CD_I294592,,
311,Def,,,Dane Rampe,SYD,No,-11.8,-39.8,,60,59.6,,,15.8,14,33,12140,290307,CD_I290307,,
312,Ruck,,,Lloyd Meek,HAW,No,-23.3,-42.9,,60,59.4,372,,23.8,16,25,12856,1000980,CD_I1000980,,
313,Fwd,Ruck,,Mason Cox,COL,Yes,-5.2,-32.5,,60,59.3,336,,25.1,16,32,12428,998647,CD_I998647,,
314,Fwd,,,David Cuningham,CAR,No,-5.2,-32.5,,60,59.3,,,14.3,10,26,12476,993795,CD_I993795,,
315,Fwd,,,Eric Hipwood,BRL,No,-5.2,-32.5,,60,59.3,,,18.8,23,26,12454,993953,CD_I993953,,
316,Mid,,,Harry Sharp,BRL,No,-20,-47.6,,60,59.3,,,9.5,3,20,12864,1007099,CD_I1007099,,
317,Mid,,,Hugh Greenwood,NTH,No,-20,-47.6,,60,59.3,,,25.8,14,31,12533,281091,CD_I281091,,
318,Fwd,,,Dan Butler,STK,No,-5.3,-32.6,,57,59.2,,"Interrupted pre-season: ankle injury, may not start the season.",16.5,23,27,12490,992374,CD_I992374,,
319,Def,,,Josh Worrell,ADE,No,-12.3,-40.3,,60,59.1,,,14.6,12,22,12912,1011981,CD_I1011981,,
320,Fwd,,,Kade Chandler,MEL,No,-5.5,-32.8,,60,59,,,22.1,21,23,12756,1005330,CD_I1005330,,
321,Def,,,Jake Kelly,ESS,No,-12.5,-40.5,,60,58.9,,,21.6,17,28,12335,297473,CD_I297473,,
322,Def,,,Aidan Corr,NTH,No,-12.6,-40.6,,60,58.8,,Interrupted pre-season: recovering from fracture fibula,24,19,29,12181,294508,CD_I294508,,
323,Ruck,,,Marc Pittonet,CAR,No,-24,-43.6,,60,58.7,367,,22.1,15,27,12417,298290,CD_I298290,,
324,Fwd,,,Rory Lobb,WBD,No,-6,-33.3,,60,58.5,368,,20.5,20,30,12282,990740,CD_I990740,,
325,Fwd,,,Cody Weightman,WBD,No,-6.1,-33.4,,60,58.4,,,26.1,19,22,12800,1011803,CD_I1011803,,
326,Fwd,,,Jack Darling,WCE,No,-6.1,-33.4,,60,58.4,,,20.4,20,31,11905,290838,CD_I290838,,
327,Fwd,,,Luke Pedlar,ADE,No,-6.3,-33.6,,60,58.2,288,,12.5,21,21,12921,1012218,CD_I1012218,,
328,Mid,,,Oliver Hollands,CAR,No,-21.1,-48.7,,60,58.2,342,,15.9,17,19,13029,1023495,CD_I1023495,,
329,Fwd,,,Michael Frederick,FRE,No,-6.4,-33.7,,60,58.1,,,13.9,19,23,12801,999321,CD_I999321,,
330,Fwd,,,Peter Wright,ESS,No,-6.5,-33.8,,60,58,362,,24.9,10,27,12366,298289,CD_I298289,,
331,Mid,,,Reuben Ginbey,WCE,No,-21.4,-49,,72,57.9,280,Interrupted pre-season (Very Minor): Managed minutes in matchsim and training. Midfield role.,21.8,17,19,13038,1023025,CD_I1023025,,
332,Fwd,,,Max King,STK,No,-6.8,-34.1,,60,57.7,359,,28.5,10,23,12773,1006143,CD_I1006143,,
333,Fwd,,,Eddie Ford,NTH,No,-6.9,-34.2,,60,57.6,,Interrupted pre-season: ankle injury,17.8,14,21,12922,1012833,CD_I1012833,,
334,Fwd,,,Tom Powell,NTH,No,-7.1,-34.4,,55,57.4,307,Role: mid/fwd split 2024. Third or fourth mid.,19.1,14,21,12866,1011659,CD_I1011659,,
335,Def,,,Charlie Ballard,GCS,No,-14.1,-42.1,,55,57.3,,,21.2,23,24,12625,1008882,CD_I1008882,,
336,Def,,,Jack Buckley,GWS,No,-14.2,-42.2,,55,57.2,,,16.1,23,25,12846,1009708,CD_I1009708,,
337,Fwd,,,Nick Holman,GCS,No,-7.5,-34.8,,62,57,,,18.3,19,28,12307,297456,CD_I297456,,
338,Fwd,,,Sam Wicks,SYD,No,-7.7,-35,,55,56.8,,,16.3,10,24,12818,1006232,CD_I1006232,,
339,Mid,,,Paddy Dow,STK,No,-22.6,-50.2,,75,56.7,281,"Traded/Interrupted preseason/Injury (Major): Knee, likely to miss opening rounds. Traded - may have midfield role, recruited as he wins clearances",26.5,10,24,12582,1002256,CD_I1002256,,
340,Mid,,,Matthew Johnson,FRE,No,-22.6,-50.2,,68,56.7,291,Role: Can score high if given mid time,29.5,18,20,13047,1016825,CD_I1016825,,
341,Def,,,Lewis Young,CAR,No,-14.7,-42.7,,55,56.7,,,18,15,24,12559,997316,CD_I997316,,
342,Mid,,,Caleb Poulter,WBD,No,-22.6,-50.2,,55,56.7,,,12.1,9,21,12895,1011589,CD_I1011589,,
343,Def,,,Changkuoth Jiath,HAW,No,-14.9,-42.9,,55,56.5,346,Injury: will miss opening 4 rounds of the season with a hamstring injury.,10,8,24,12752,998390,CD_I998390,,
344,Mid,,,Nathan O'Driscoll,FRE,No,-22.8,-50.4,,55,56.5,,,23.8,10,21,12960,1013220,CD_I1013220,,
345,Def,,,Caleb Marchbank,CAR,No,-15.4,-43.4,,55,56,,,15,5,27,12369,298302,CD_I298302,,
346,Fwd,,,Brad Close,GEE,No,-8.6,-35.9,,62,55.9,,,20.8,21,25,12806,999326,CD_I999326,,
347,Fwd,,,Oliver Henry,GEE,No,-8.6,-35.9,,55,55.9,,,18.7,22,21,12851,1012860,CD_I1012860,,
348,Def,,,Sam Taylor,GWS,No,-15.5,-43.5,,55,55.9,,,23.6,15,24,12644,1005247,CD_I1005247,,
349,Fwd,,,Lincoln McCarthy,BRL,No,-9,-36.3,,55,55.5,,,16.7,21,30,12090,293581,CD_I293581,,
350,Def,,,Tom Doedee,BRL,No,-15.9,-43.9,,55,55.5,,Injury: coming off ACL. Won't be available early season.,27.6,11,26,12583,1000932,CD_I1000932,,
351,Mid,,,Will Hoskin-Elliott,COL,No,-23.8,-51.4,,55,55.5,,,23.2,20,30,12026,291720,CD_I291720,,
352,Fwd,Mid,,Alex Davies,GCS,Yes,-9.1,-36.4,,55,55.4,,,16.8,9,21,12942,1013268,CD_I1013268,,
353,Fwd,,,Levi Casboult,GCS,No,-9.1,-36.4,,55,55.4,,,18,20,33,12114,281124,CD_I281124,,
354,Def,,,Robbie Fox,SYD,No,-16.1,-44.1,,55,55.3,,Role: playing fwd.,18.4,19,30,12510,291848,CD_I291848,,
355,Mid,,,Brandan Parfitt,GEE,No,-24.2,-51.8,,55,55.1,338,,30,9,25,12506,298419,CD_I298419,,
356,Def,,,Harry Cunningham,SYD,No,-16.4,-44.4,,55,55,,,19.7,23,30,12015,291978,CD_I291978,,
357,Mid,,,Thomson Dow,RIC,No,-24.3,-51.9,,70,55,255,"Mid Punt: May receive mid time in 2024, possible 4th string midfielder.",22.7,4,22,12835,1009226,CD_I1009226,,
358,Ruck,,,Nick Bryan,ESS,No,-27.8,-47.4,,55,54.9,,Ruck Punt: No Draper to start season. May get picked over Goldy.,23.4,8,22,12899,1011954,CD_I1011954,,
359,Mid,,,Dylan Stephens,NTH,No,-24.4,-52,,55,54.9,344,Trade: new club and greater opportunity,24.6,13,22,12796,1004848,CD_I1004848,,
360,Fwd,,,Jack Gunston,HAW,No,-9.7,-37,,55,54.8,,,28.8,17,32,11845,291351,CD_I291351,,
361,Fwd,,,Willie Rioli,PTA,No,-9.7,-37,,55,54.8,,,16.9,17,28,12606,296225,CD_I296225,,
362,Fwd,,,Logan McDonald,SYD,No,-9.8,-37.1,,55,54.7,,,19.4,19,21,12861,1013230,CD_I1013230,,
363,Def,,,Jake Lever,MEL,No,-16.7,-44.7,,55,54.7,,Interrupted pre-season: ankle concern in January,20,22,27,12351,298281,CD_I298281,,
364,Fwd,,,Jake Riccardi,GWS,No,-9.9,-37.2,,55,54.6,,,20.1,18,24,12834,1008123,CD_I1008123,,
365,Mid,,,Zak Jones,STK,No,-24.8,-52.4,,79,54.5,,Mid Punt: If fit could be saints 3rd midfielder and push an 80 average,34,4,28,12288,991988,CD_I991988,,
366,Def,,,Adam Tomlinson,MEL,No,-16.9,-44.9,,55,54.5,,,23,8,30,12027,291819,CD_I291819,,
367,Def,,,Ethan Hughes,FRE,No,-16.9,-44.9,,55,54.5,,,13.9,20,29,12395,996580,CD_I996580,,
368,Def,,,Josh Goater,NTH,No,-16.9,-44.9,,55,54.5,,Role: likely best 22 and to get games in 2024.,20.5,10,20,13025,1017118,CD_I1017118,,
369,Fwd,,,Tim Membrey,STK,No,-10.1,-37.4,,71,54.4,,,11.2,7,29,12300,294596,CD_I294596,,
370,Def,,,Ben Paton,STK,No,-17,-45,,55,54.4,,"Injury: pectoral, 2 months out start of the season.",21.7,12,25,12671,1004985,CD_I1004985,,
371,Def,,,Sam Collins,GCS,No,-17,-45,,55,54.4,,,18.7,23,29,12444,295446,CD_I295446,,
372,Fwd,,,Jack Martin,CAR,No,-10.4,-37.7,,55,54.1,,,22.5,11,28,12236,296190,CD_I296190,,
373,Ruck,,,Ned Moyle,GCS,No,-28.7,-48.3,,55,54,,,28.3,2,21,13050,1021013,CD_I1021013,,
374,Fwd,,,Tyson Stengle,GEE,No,-10.6,-37.9,,65,53.9,,,15.4,19,25,12552,997230,CD_I997230,,
375,Def,,,Tom Barrass,WCE,No,-17.5,-45.5,,55,53.9,,,24.4,14,28,12383,990290,CD_I990290,,
376,Fwd,,,Jack Petruccelle,WCE,No,-10.7,-38,,55,53.8,,,19.2,18,24,12623,1006550,CD_I1006550,,
377,Fwd,,,Daniel McStay,COL,No,-10.7,-38,,0,53.8,,Injury:  ACL - Ruled out of 2024 Season,20.4,12,28,12291,297504,CD_I297504,,
378,Fwd,,,Jaidyn Stephenson,NTH,No,-10.9,-38.2,,64,53.6,,,12.8,21,24,12587,1002240,CD_I1002240,,
379,Def,,,Laitham Vandermeer,WBD,No,-18.3,-46.3,,55,53.1,,,13.8,11,24,12776,1005000,CD_I1005000,,
380,Fwd,,,Riley Thilthorpe,ADE,No,-11.6,-38.9,,55,52.9,266,,19.3,21,21,12892,1008384,CD_I1008384,,
381,Fwd,,,Lachlan Gollant,ADE,No,-11.7,-39,,55,52.8,,,18.6,4,22,12939,1018075,CD_I1018075,,
382,Def,,,Dougal Howard,STK,No,-18.6,-46.6,,55,52.8,,,18.3,18,27,12420,993480,CD_I993480,,
383,Fwd,,,Callum M. Brown,GWS,No,-11.7,-39,,51,52.8,,,17.7,16,23,12910,1014038,CD_I1014038,,
384,Def,,,Ben McKay,ESS,No,-18.8,-46.8,,55,52.6,,,19.2,19,25,12580,1002143,CD_I1002143,,
385,Fwd,,,Tom McDonald,MEL,No,-12,-39.3,,55,52.5,,Fwd Punt/Role: Key defender? May play defence in 2024. Calf issue in mid Feb.,25.4,6,31,12009,291533,CD_I291533,,
386,Def,,,Bailey Macdonald,HAW,No,-18.9,-46.9,,55,52.5,,"Injury: leg, will miss an extended period.",2.1,2,19,13069,1029261,CD_I1029261,,
387,Fwd,,,Beau McCreery,COL,No,-12.1,-39.4,,50,52.4,236,,18.2,22,22,12876,1004757,CD_I1004757,,
388,Def,,,Max Michalanney,ADE,No,-19,-47,,50,52.4,,,11.8,22,19,13027,1015370,CD_I1015370,,
389,Fwd,,,Josh Treacy,FRE,No,-12.2,-39.5,,50,52.3,,,20.3,17,21,12887,1012819,CD_I1012819,,
390,Fwd,,,Mattaes Phillipou,STK,No,-12.3,-39.6,,50,52.2,230,,14.7,23,18,13036,1020137,CD_I1020137,,
391,Def,,,Brandon Zerk-Thatcher,PTA,No,-19.2,-47.2,,50,52.2,,,18.6,22,25,12757,1004034,CD_I1004034,,
392,Def,,,Griffin Logue,NTH,No,-19.5,-47.5,,50,51.9,,Injury: ACL will miss first half of season.,18.6,15,25,12511,997933,CD_I997933,,
393,Fwd,Def,,Harrison Petty,MEL,Yes,-12.7,-40,,50,51.8,,"Interrupted pre-season (Minor): Toe issues. Foot injury late 2023, monitor pre-season",26,14,24,12653,1008893,CD_I1008893,,
394,Mid,,,Neil Erasmus,FRE,No,-27.6,-55.2,,70,51.7,,"Role: Can score high if given mid time, subvest affected 2023 season.",31,14,20,12966,1020250,CD_I1020250,,
395,Fwd,,,Rhylee West,WBD,No,-12.8,-40.1,,50,51.7,,,20.5,12,23,12748,1006127,CD_I1006127,,
396,Def,,,Sam Banks,RIC,No,-19.7,-47.7,,50,51.7,,,16.4,6,20,13078,1013197,CD_I1013197,,
397,Fwd,,,Jacob van Rooyen,MEL,No,-12.9,-40.2,,50,51.6,,,14.2,19,20,13048,1017720,CD_I1017720,,
398,Fwd,,,Tyler Brockman,WCE,No,-13,-40.3,,50,51.5,,,20,15,21,12858,1013511,CD_I1013511,,
399,Fwd,Def,,Joel Jeffrey,GCS,Yes,-13.1,-40.4,,60,51.4,,"Role: keep eye on role, was previously mentioned as a half backer. No hype from club",18.1,7,21,12933,1005992,CD_I1005992,,
400,Def,,,Alex Keath,WBD,No,-20,-48,,50,51.4,,,20.3,18,31,12560,290797,CD_I290797,,
401,Fwd,,,Bailey Humphrey,GCS,No,-13.2,-40.5,,65,51.3,210,Fwd Punt: may get greater mid time in fwd/mid split.,23.9,19,19,13049,1023500,CD_I1023500,,
402,Mid,,,Riley Bonner,STK,No,-28,-55.6,,70,51.3,,Role: may get used off half back. Likely DPP early in season.,21.7,11,26,12483,994599,CD_I994599,,
403,Def,,,Mark Keane,ADE,No,-20.2,-48.2,,50,51.2,,,7.5,5,23,12809,1013974,CD_I1013974,,
404,Mid,,,Mitch Knevitt,GEE,No,-28.1,-55.7,,50,51.2,,,23.2,8,20,12986,1021103,CD_I1021103,,
405,Mid,,,Elijah Hollands,CAR,No,-28.2,-55.8,,50,51.1,268,Suspension: 2 games.,12.8,9,21,13016,1012862,CD_I1012862,,
406,Def,,,Aliir Aliir,PTA,No,-20.5,-48.5,,65,50.9,,Role: defensive depth may see him take more marks.,14.3,22,29,12433,294469,CD_I294469,,
407,Mid,,,Callum Ah Chee,BRL,No,-28.4,-56,,50,50.9,,,34.2,9,26,12414,298437,CD_I298437,,
408,Fwd,,,Joel Amartey,SYD,No,-13.7,-41,,50,50.8,,,24.1,14,24,12844,1008091,CD_I1008091,,
409,Fwd,,,Ben Brown,MEL,No,-13.8,-41.1,,50,50.7,,Injury: pre-season knee injury. May miss a couple of rounds.,31.3,7,31,12289,291867,CD_I291867,,
410,Mid,,,Harry Schoenberg,ADE,No,-28.6,-56.2,,50,50.7,,Interrupted pre-season: Injury to achilles.,23.2,11,22,12813,1008543,CD_I1008543,,
411,Mid,,,Jarryd Lyons,BRL,No,-28.7,-56.3,,65,50.6,301,Out of side in 2023 and lost midfield position. Could score if injuries occur.,32.8,7,31,12067,293716,CD_I293716,,
412,Fwd,,,Matthew Owies,CAR,No,-13.9,-41.2,,50,50.6,,,13.2,16,26,12839,1013973,CD_I1013973,,
413,Def,,,Billy Frampton,COL,No,-20.8,-48.8,,50,50.6,,,21.1,15,27,12676,991773,CD_I991773,,
414,Fwd,,,Matt Guelfi,ESS,No,-14,-41.3,,50,50.5,,,21.4,13,26,12612,996232,CD_I996232,,
415,Def,,,Taylor Duryea,WBD,No,-20.9,-48.9,,50,50.5,,,9.2,20,32,12163,290085,CD_I290085,,
416,Fwd,,,Anthony Caminiti,STK,No,-14.1,-41.4,,50,50.4,,,14.6,17,19,13035,1023784,CD_I1023784,,
417,Fwd,Mid,,James Jordon,SYD,Yes,-14.2,-41.5,,75,50.3,202,Trade: May receive midfield opportunity. Vest affected 2023.,22.8,17,22,12860,1013409,CD_I1013409,,
418,Fwd,,,Callum Coleman-Jones,NTH,No,-14.2,-41.5,,50,50.3,,,26,9,24,12730,1000061,CD_I1000061,,
419,Mid,,,Jaspa Fletcher,BRL,No,-29,-56.6,,50,50.3,,,17.3,11,19,13072,1023708,CD_I1023708,,
420,Fwd,,,Gary Rohan,GEE,No,-14.3,-41.6,,50,50.2,,,20.9,15,32,11842,291357,CD_I291357,,
421,Fwd,Mid,,Marlion Pickett,RIC,Yes,-14.3,-41.6,,50,50.2,,,20,21,31,12761,993771,CD_I993771,,
422,Fwd,,,Bobby Hill,COL,No,-14.4,-41.7,,50,50.1,,,19.9,21,23,12744,1006148,CD_I1006148,,
423,Fwd,,,Jesse Motlop,CAR,No,-14.8,-42.1,,50,49.7,,,14.7,18,20,12990,1017700,CD_I1017700,,
424,Def,,,Sam Frost,HAW,No,-21.8,-49.8,,50,49.6,,,13.9,18,30,12119,293738,CD_I293738,,
425,Fwd,,,Corey Durdin,CAR,No,-15,-42.3,,50,49.5,,,8.2,11,21,12936,1008510,CD_I1008510,,
426,Def,,,Jack Henry,GEE,No,-21.9,-49.9,,50,49.5,,Interrupted pre-season: Foot injury.,17.3,11,25,12607,1000937,CD_I1000937,,
427,Fwd,,,Michael Walters,FRE,No,-15.1,-42.4,,50,49.4,,,19.7,20,32,11763,281007,CD_I281007,,
428,Fwd,Mid,,Nat Fyfe,FRE,Yes,-15.2,-42.5,,75,49.3,136,Fwd Punt: Midfield role in 2024.,19.5,9,32,11834,291570,CD_I291570,,
429,Fwd,,,Ryan Maric,WCE,No,-15.2,-42.5,,50,49.3,,,11.5,10,19,13070,1029416,CD_I1029416,,
430,Def,,,Brandon Starcevich,BRL,No,-22.1,-50.1,,50,49.3,,,14.9,23,24,12668,1002401,CD_I1002401,,
431,Def,,,Jake Kolodjashnij,GEE,No,-22.1,-50.1,,50,49.3,,,12.6,19,28,12370,296291,CD_I296291,,
432,Mid,,,Sam Berry,ADE,No,-30.1,-57.7,,60,49.2,318,,9.1,4,21,12849,1012807,CD_I1012807,,
433,Fwd,,,Mabior Chol,HAW,No,-15.5,-42.8,,50,49,,,17.8,8,26,12485,994077,CD_I994077,,
434,Def,,,Oleg Markov,COL,No,-22.4,-50.4,,50,49,,,22.2,20,27,12459,298358,CD_I298358,,
435,Def,,,Mac Andrew,GCS,No,-22.5,-50.5,,50,48.9,,,20.5,17,20,13019,1017396,CD_I1017396,,
436,Fwd,,,Jacob Koschitzke,RIC,No,-15.7,-43,,50,48.8,,,16.8,12,23,12859,1006030,CD_I1006030,,
437,Fwd,,,Jake Melksham,MEL,No,-15.7,-43,,50,48.8,,"Injury: knee , may miss early rounds.",24.7,13,32,11820,280824,CD_I280824,,
438,Fwd,,,Cam Mackenzie,HAW,No,-15.9,-43.2,,50,48.6,225,,25.2,14,19,13031,1023482,CD_I1023482,,
439,Fwd,Mid,,Anthony Scott,WBD,Yes,-16,-43.3,,50,48.5,,,14.7,22,28,12855,992048,CD_I992048,,
440,Def,,,Jordan Boyd,CAR,No,-22.9,-50.9,,50,48.5,,,6.2,8,25,12965,1002795,CD_I1002795,,
441,Fwd,,,James Peatling,GWS,No,-16.3,-43.6,,50,48.2,,,18,10,23,12934,1006013,CD_I1006013,,
442,Def,,,Alex Cincotta,CAR,No,-23.3,-51.3,,50,48.1,,,20.1,16,26,13055,1016268,CD_I1016268,,
443,Fwd,,,Shannon Neale,GEE,No,-16.5,-43.8,,50,48,,,17.7,3,21,12992,1016433,CD_I1016433,,
444,Ruck,,,Toby Conway,GEE,No,-34.7,-54.3,,50,48,,,,1,20,13094,1017063,CD_I1017063,,
445,Fwd,,,Jye Amiss,FRE,No,-16.6,-43.9,,50,47.9,,,19.1,22,20,12983,1020594,CD_I1020594,,
446,Def,,,Sam De Koning,GEE,No,-23.5,-51.5,,50,47.9,,,14.2,19,22,12891,1009229,CD_I1009229,,
447,Fwd,,,Bailey Banfield,FRE,No,-17,-44.3,,50,47.5,,,25.1,14,25,12588,998180,CD_I998180,,
448,Fwd,Mid,,Jack Mahony,GCS,Yes,-17,-44.3,,50,47.5,,,21.9,2,22,12787,1009189,CD_I1009189,,
449,Fwd,,,Sam Weideman,ESS,No,-17.1,-44.4,,45,47.4,,,22.7,16,26,12475,993806,CD_I993806,,
450,Mid,,,Luke Edwards,WCE,No,-32.2,-59.8,,45,47.1,,,18.2,14,21,12911,1006576,CD_I1006576,,
451,Fwd,,,Finlay Macrae,COL,No,-17.5,-44.8,,70,47,164,Fwd Punt: Wing/Midfielder - Looks to see more game time in 2024,,1,21,12888,1012828,CD_I1012828,,
452,Def,,,Daniel Turner,MEL,No,-24.4,-52.4,,45,47,,Injury: Femur stress fracture.,8.5,2,21,12996,1020959,CD_I1020959,,
453,Def,,,Jai Serong,HAW,No,-24.4,-52.4,,45,47,,,19.8,2,20,13022,1017091,CD_I1017091,,
454,Mid,,,Cooper Hamilton,GWS,No,-32.3,-59.9,,45,47,,,22.1,4,20,12981,1017093,CD_I1017093,,
455,Fwd,Mid,,James Harmes,WBD,Yes,-17.7,-45,,70,46.8,209,Trade: May see more opportunity at WBD. Half forward/Mid rotation.,28,9,28,12379,297899,CD_I297899,,
456,Fwd,Ruck,,Samson Ryan,RIC,Yes,-17.9,-45.2,,45,46.6,,,20.9,14,22,12918,1012386,CD_I1012386,,
457,Fwd,,,Noah Long,WCE,No,-18,-45.3,,45,46.5,,,13.4,19,19,13037,1023496,CD_I1023496,,
458,Def,,,Jack Payne,BRL,No,-24.9,-52.9,,45,46.5,,Interrupted 2023 with syndesmosis. Available for 2024.,16.6,22,24,12819,1002347,CD_I1002347,,
459,Def,,,Josh Rotham,WCE,No,-25,-53,,45,46.4,,Interrupted pre-season: Coming back from groin injury.,21.5,13,25,12709,997823,CD_I997823,,
460,Fwd,Mid,,Elijah Hewett,WCE,Yes,-18.2,-45.5,,45,46.3,238,Injury: Toe/foot likely to miss opening month of season,21.8,14,19,13044,1020670,CD_I1020670,,
461,Def,,,Judd McVee,MEL,No,-25.3,-53.3,,45,46.1,,,12.4,23,20,13033,1017703,CD_I1017703,,
462,Fwd,,,Elliott Himmelberg,ADE,No,-18.5,-45.8,,45,46,,,14.2,3,25,12675,1005199,CD_I1005199,,
463,Fwd,,,Ash Johnson,COL,No,-18.8,-46.1,,45,45.7,,,17.4,15,26,13013,997974,CD_I997974,,
464,Fwd,,,Jack Ginnivan,HAW,No,-18.8,-46.1,,45,45.7,,,21.6,11,20,12927,1012857,CD_I1012857,,
465,Def,,,Tom McCartin,SYD,No,-25.7,-53.7,,45,45.7,,,16.7,14,23,12627,1008198,CD_I1008198,,
466,Fwd,,,Ben King,GCS,No,-19,-46.3,,45,45.5,,"Injury/Interrupted preseason: knee, may not be ready for opening rounds.",23.3,20,23,12728,1006144,CD_I1006144,,
467,Fwd,,,Charlie Spargo,MEL,No,-19,-46.3,,45,45.5,,Injury/Interrupted preseason (Minor): achilles soreness.,20,13,24,12622,1002282,CD_I1002282,,
468,Fwd,Ruck,,Ben Miller,RIC,Yes,-19.1,-46.4,,45,45.4,,,22,13,24,12941,1002403,CD_I1002403,,
469,Fwd,Ruck,,Darcy Fort,BRL,Yes,-19.2,-46.5,,45,45.3,,,26.4,7,30,12724,298211,CD_I298211,,
470,Fwd,,,Quinton Narkle,PTA,No,-19.2,-46.5,,45,45.3,,,11.6,3,26,12651,999824,CD_I999824,,
471,Fwd,,,Malcolm Rosas,GCS,No,-19.3,-46.6,,45,45.2,,,14.6,19,22,12903,1005986,CD_I1005986,,
472,Def,,,Miller Bergman,NTH,No,-26.5,-54.5,,45,44.9,,,15.8,12,20,12979,1017095,CD_I1017095,,
473,Fwd,,,Cooper Harvey,NTH,No,-19.8,-47.1,,45,44.7,,,20.2,3,19,13077,1020979,CD_I1020979,,
474,Def,,,Lachie Jones,PTA,No,-26.8,-54.8,,45,44.6,,,21,13,21,12882,1011583,CD_I1011583,,
475,Fwd,,,Ned McHenry,ADE,No,-20,-47.3,,45,44.5,,,21.8,11,23,12775,1008185,CD_I1008185,,
476,Fwd,,,Cooper Sharman,STK,No,-20.1,-47.4,,45,44.4,,,21,15,23,12929,1018018,CD_I1018018,,
477,Def,,,Alex Pearce,FRE,No,-27.2,-55.2,,45,44.2,,,15.8,23,28,12352,298409,CD_I298409,,
478,Def,,,Nathan Murphy,COL,No,-27.2,-55.2,,45,44.2,,,14.8,21,23,12673,1005107,CD_I1005107,,
479,Def,Mid,,Nik Cox,ESS,Yes,-27.2,-55.2,,45,44.2,,Role: may have a half back role in 2024. Keep watch.,13,6,21,12852,1015827,CD_I1015827,,
480,Def,,,Lloyd Johnston,GCS,No,-27.4,-55.4,,45,44,,,15.6,2,19,13092,1024666,CD_I1024666,,
481,Fwd,,,Paul Curtis,NTH,No,-20.6,-47.9,,45,43.9,,,17.1,21,20,12975,1002947,CD_I1002947,,
482,Fwd,,,Jye Menzie,ESS,No,-20.7,-48,,45,43.8,,,17,21,21,13017,1013201,CD_I1013201,,
483,Def,,,Ben Long,GCS,No,-27.6,-55.6,,45,43.8,,,12,15,26,12521,993917,CD_I993917,,
484,Def,,,Joel Hamling,SYD,No,-27.6,-55.6,,45,43.8,,,15.7,4,30,12359,295222,CD_I295222,,
485,Ruck,,,Aiden Begg,COL,No,-39,-58.6,,45,43.7,,,,3,21,12977,1015748,CD_I1015748,,
486,Def,,,Patrick Parnell,ADE,No,-27.8,-55.8,,45,43.6,,,44.8,5,21,12995,1013153,CD_I1013153,,
487,Fwd,,,Noah Cumberland,RIC,No,-21.3,-48.6,,45,43.2,,,33.2,9,22,12993,1009308,CD_I1009308,,
488,Fwd,,,Jack Hayes,STK,No,-21.5,-48.8,,45,43,,"Interrupted pre-season (Major): Coming off knee surgery, won't play early.",,1,27,12949,990840,CD_I990840,,
489,Def,,,Jaxon Prior,BRL,No,-28.4,-56.4,,45,43,,,24.1,5,22,12874,1009386,CD_I1009386,,
490,Mid,,,Finn Maginness,HAW,No,-36.3,-63.9,,45,43,,,12.8,13,22,12843,1009421,CD_I1009421,,
491,Fwd,,,Sam Sturt,FRE,No,-21.6,-48.9,,45,42.9,,Interrupted pre-season,17.8,14,23,12765,1013611,CD_I1013611,,
492,Def,,,Liam Jones,WBD,No,-28.8,-56.8,,45,42.6,,,19.9,18,32,11866,281078,CD_I281078,,
493,Def,,,Trent McKenzie,PTA,No,-28.9,-56.9,,45,42.5,,,15.3,17,31,11912,290527,CD_I290527,,
494,Mid,,,Campbell Chesser,WCE,No,-36.8,-64.4,,45,42.5,,,13,14,20,13039,1017057,CD_I1017057,,
495,Def,,,Sean Lemmens,GCS,No,-29.1,-57.1,,40,42.3,,,15.7,11,29,12234,294013,CD_I294013,,
496,Ruck,,,Lachlan McAndrew,SYD,No,-40.7,-60.3,,40,42,,,33.9,2,23,13065,1021200,CD_I1021200,,
497,Def,,,Kaine Baldwin,ESS,No,-29.4,-57.4,,40,42,,,30.2,4,21,12944,1008975,CD_I1008975,,
498,Def,,,Massimo D'Ambrosio,HAW,No,-29.6,-57.6,,50,41.8,,,27.9,8,20,12998,1005144,CD_I1005144,,
499,Def,,,Aaron Francis,SYD,No,-29.9,-57.9,,40,41.5,,,16.8,15,26,12467,990816,CD_I990816,,
500,Fwd,,,Jed McEntee,PTA,No,-23.2,-50.5,,40,41.3,,,12.1,20,22,12924,1004819,CD_I1004819,,
501,Fwd,,,Matthew Taberner,FRE,No,-23.3,-50.6,,45,41.2,,Role: May not get games as Dockers third preferred tall forward.,4.8,4,30,12205,293854,CD_I293854,,
502,Fwd,,,Rhyan Mansell,RIC,No,-23.3,-50.6,,40,41.2,,"Injury: Syndesmosis, will not play opening round.",21.3,17,23,12883,1008478,CD_I1008478,,
503,Fwd,,,Charlie Comben,NTH,No,-23.4,-50.7,,40,41.1,,,29.6,7,22,12938,1015781,CD_I1015781,,
504,Fwd,Mid,,Jai Culley,WCE,Yes,-23.5,-50.8,,40,41,,Interrupted preseason: Coming off an ACL,26,5,20,13015,1020802,CD_I1020802,,
505,Def,,,Lewis Melican,SYD,No,-30.5,-58.5,,40,40.9,,,16.2,7,27,12526,996743,CD_I996743,,
506,Def,,,Lachlan Cowan,CAR,No,-30.5,-58.5,,40,40.9,,,4.5,7,19,13028,1021353,CD_I1021353,,
507,Def,,,Esava Ratugolea,PTA,No,-30.9,-58.9,,40,40.5,,,20.1,16,25,12597,1002220,CD_I1002220,,
508,Fwd,,,Callum Jamieson,WCE,No,-24.3,-51.6,,40,40.2,,,21.1,4,23,12961,1011243,CD_I1011243,,
509,Def,,,Jed Bews,GEE,No,-31.3,-59.3,,40,40.1,,,15.9,15,29,12278,293883,CD_I293883,,
510,Def,,,Nick Murray,ADE,No,-31.5,-59.5,,40,39.9,,"Injury: Knee, miss up to half way through 2024 season.",16.7,17,22,12872,1008230,CD_I1008230,,
511,Ruck,,,Dante Visentini,PTA,No,-43,-62.6,,40,39.7,,,26.6,3,20,13073,1017128,CD_I1017128,,
512,Fwd,,,Judson Clarke,RIC,No,-24.8,-52.1,,40,39.7,,,20.2,13,20,12997,1017043,CD_I1017043,,
513,Fwd,,,Harvey Harrison,COL,No,-25,-52.3,,40,39.5,,,24,4,20,13068,1015332,CD_I1015332,,
514,Def,,,Darcy Gardiner,BRL,No,-31.9,-59.9,,40,39.5,,,2.1,2,28,12267,296269,CD_I296269,,
515,Fwd,Def,,Zaine Cordy,STK,Yes,-25.3,-52.6,,41,39.2,,,22.4,13,27,12392,991939,CD_I991939,,
516,Fwd,,,Francis Evans,PTA,No,-25.5,-52.8,,40,39,,,26,10,22,12873,1017255,CD_I1017255,,
517,Def,,,James Borlase,ADE,No,-32.4,-60.4,,40,39,,,35.4,4,21,13086,1009029,CD_I1009029,,
518,Def,,,Hugo Ralphsmith,RIC,No,-32.5,-60.5,,40,38.9,,,25.4,13,22,12902,1011985,CD_I1011985,,
519,Mid,,,Ryan Angwin,GWS,No,-40.4,-68,,40,38.9,,,20.1,15,20,13001,1015777,CD_I1015777,,
520,Def,,,Ryan Gardner,WBD,No,-32.6,-60.6,,40,38.8,,,18.4,10,26,12732,997501,CD_I997501,,
521,Fwd,,,Brandon Ryan,BRL,No,-25.8,-53.1,,40,38.7,,,31.8,3,26,13084,1012127,CD_I1012127,,
522,Fwd,Mid,,Deven Robertson,BRL,Yes,-25.9,-53.2,,40,38.6,,,22.6,13,22,12774,1009385,CD_I1009385,,
523,Def,,,Brandon Walker,FRE,No,-32.8,-60.8,,40,38.6,,Injury: may miss start of season with knee.,19.1,14,21,12914,1009410,CD_I1009410,,
524,Fwd,Mid,,Hewago Oea,GCS,Yes,-26,-53.3,,40,38.5,,,13.6,8,22,13010,1009320,CD_I1009320,,
525,Fwd,,,Taj Woewodin,MEL,No,-26,-53.3,,40,38.5,,,3.9,4,20,13076,1018425,CD_I1018425,,
526,Fwd,,,Noah Answerth,BRL,No,-26.3,-53.6,,40,38.2,,,25.5,4,24,12718,1005053,CD_I1005053,,
527,Fwd,,,Orazio Fantasia,CAR,No,-26.8,-54.1,,40,37.7,,,11,3,28,12302,296334,CD_I296334,,
528,Def,,,Karl Worner,FRE,No,-33.9,-61.9,,40,37.5,,,18.5,4,21,13075,1021015,CD_I1021015,,
529,Fwd,,,Jack Williams,WCE,No,-27.4,-54.7,,35,37.1,,,14.5,10,20,12962,1020371,CD_I1020371,,
530,Def,,,Dylan Grimes,RIC,No,-34.3,-62.3,,35,37.1,,Interrupted pre-season (Moderate): calf issues throughout preseason. Managed by club.,14.6,22,32,11879,280819,CD_I280819,,
531,Fwd,,,Riley Garcia,WBD,No,-27.5,-54.8,,35,37,,,17.4,3,22,12907,1006533,CD_I1006533,,
532,Def,,,Jy Farrar,GCS,No,-34.5,-62.5,,35,36.9,,,20.7,9,27,12848,999715,CD_I999715,,
533,Def,,,Tylar Young,RIC,No,-34.5,-62.5,,35,36.9,,,13.8,19,25,13043,1018433,CD_I1018433,,
534,Def,,,Darragh Joyce,BRL,No,-35.4,-63.4,,35,36,,,13,5,26,12654,1003520,CD_I1003520,,
535,Mid,,,Jhye Clark,GEE,No,-43.3,-70.9,,35,36,283,,,1,19,13062,1023537,CD_I1023537,,
536,Fwd,Mid,,Jackson Mead,PTA,Yes,-28.6,-55.9,,35,35.9,,,12.9,7,22,12946,1005326,CD_I1005326,,
537,Fwd,,,Alwyn Davey Jnr,ESS,No,-28.7,-56,,50,35.8,,Role: Monitor pre-season for role change off half back,17,10,19,13030,1017933,CD_I1017933,,
538,Def,,,Jase Burgoyne,PTA,No,-35.6,-63.6,,35,35.8,,,20.9,5,20,13007,1013462,CD_I1013462,,
539,Fwd,,,Tyler Sonsie,RIC,No,-28.8,-56.1,,35,35.7,,Suspension: 2 games.,22.7,3,20,13014,1017114,CD_I1017114,,
540,Fwd,,,Josh Corbett,FRE,No,-29.3,-56.6,,35,35.2,,"Injury: hip, will miss start of season",16.5,5,27,12719,1005547,CD_I1005547,,
541,Fwd,,,Ollie Lord,PTA,No,-29.5,-56.8,,35,35,,,12.7,11,21,13056,1012881,CD_I1012881,,
542,Fwd,,,Sam Day,GCS,No,-29.5,-56.8,,35,35,,,30.8,3,31,11947,291753,CD_I291753,,
543,Fwd,,,Joel Smith,MEL,No,-29.7,-57,,35,34.8,,Suspension: provisional.,18.3,12,27,12493,1003546,CD_I1003546,,
544,Def,,,Kallan Dawson,NTH,No,-37.4,-65.4,,35,34,,,,1,25,13018,1012144,CD_I1012144,,
545,Mid,,,Jack Bytel,COL,No,-45.3,-72.9,,60,34,,,,,,,1002922,CD_I1002922,,
546,Fwd,,,Arthur Jones,WBD,No,-30.8,-58.1,,35,33.7,,,15.9,13,20,13046,1020586,CD_I1020586,,
547,Mid,,,Josh Fahey,GWS,No,-45.6,-73.2,,35,33.7,,,24.9,7,20,13067,1017751,CD_I1017751,,
548,Def,,,Harry Edwards,WCE,No,-37.9,-65.9,,35,33.5,,,10.6,2,23,12811,1011437,CD_I1011437,,
549,Def,,,Jordon Butts,ADE,No,-38,-66,,35,33.4,,,17.7,17,23,12829,1004995,CD_I1004995,,
550,Fwd,Mid,,Charlie Lazzaro,NTH,Yes,-31.2,-58.5,,70,33.3,186,"Fwd Punt: Praise from the club, may play midfield.",37.6,6,21,12865,1012852,CD_I1012852,,
551,Fwd,,,Matthew Coulthard,RIC,No,-31.3,-58.6,,35,33.2,,,16.3,4,22,13083,1008616,CD_I1008616,,
552,Fwd,,,Tom Berry,GCS,No,-31.5,-58.8,,35,33,,,20.6,6,23,12780,1006100,CD_I1006100,,
553,Fwd,,,Oliver Dempsey,GEE,No,-31.7,-59,,35,32.8,,,31.6,5,20,12974,1025034,CD_I1025034,,
554,Def,,,Jackson Archer,NTH,No,-38.6,-66.6,,35,32.8,,Interrupted pre-season: injury groin.,12.7,5,20,13004,1020968,CD_I1020968,,
555,Fwd,,,Kai Lohmann,BRL,No,-32.2,-59.5,,30,32.3,,,22.9,6,20,12968,1014026,CD_I1014026,,
556,Fwd,,,Lachlan Keeffe,GWS,No,-32.2,-59.5,,30,32.3,,,16.6,11,33,11991,290314,CD_I290314,,
557,Def,,,Luke Cleary,WBD,No,-40.4,-68.4,,30,31,,,,1,21,12987,1015929,CD_I1015929,,
558,Mid,,,Matt Roberts,SYD,No,-48.5,-76.1,,65,30.8,321,Role: linked to move to backline by ruck coach Dean Cox.,20.7,6,20,12994,1012210,CD_I1012210,,
559,Def,,,Oisin Mullin,GEE,No,-40.6,-68.6,,30,30.8,,,20.3,6,23,13066,1024982,CD_I1024982,,
560,Def,,,Bodhi Uwland,GCS,No,-40.7,-68.7,,30,30.7,,,35.6,3,20,13041,1017665,CD_I1017665,,
561,Fwd,,,Max Ramsden,HAW,No,-34,-61.3,,30,30.5,,,3.5,2,20,13058,1027965,CD_I1027965,,
562,Mid,,,Zane Trew,WCE,No,-48.8,-76.4,,30,30.5,,,5.4,4,21,13008,1011449,CD_I1011449,,
563,Def,,,Rhett Bazzo,WCE,No,-41.1,-69.1,,30,30.3,,,15.2,11,20,13000,1017718,CD_I1017718,,
564,Fwd,,,Maurice Rioli,RIC,No,-34.8,-62.1,,30,29.7,,,12.5,10,21,12935,1009551,CD_I1009551,,
565,Mid,,,Harry Rowston,GWS,No,-49.9,-77.5,,30,29.4,,,13.3,7,19,13045,1021122,CD_I1021122,,
566,Mid,,,Jacob Wehr,GWS,No,-50.5,-78.1,,30,28.8,,,19.4,4,25,12991,1004530,CD_I1004530,,
567,Fwd,,,Lachlan McNeil,WBD,No,-37,-64.3,,30,27.5,,,16.6,13,22,12854,1009015,CD_I1009015,,
568,Fwd,,,Blake Drury,NTH,No,-38.3,-65.6,,25,26.2,,,18.6,4,19,13060,1023475,CD_I1023475,,
569,Fwd,Def,,Adam Kennedy,GWS,Yes,-38.5,-65.8,,55,26,,"Interrupted pre-season: knee ACL, will miss start of the season.",17,5,31,12031,291509,CD_I291509,,
570,Fwd,Def,,Denver Grainger-Barras,HAW,Yes,-38.6,-65.9,,32,25.9,,"Injury: Toe, missing 12 - 14 weeks.",17.8,7,21,12920,1013093,CD_I1013093,,
571,Fwd,,,James Tsitas,GCS,No,-38.7,-66,,25,25.8,,,16.6,4,28,13009,296280,CD_I296280,,
572,Fwd,,,Toby McMullin,GWS,No,-38.8,-66.1,,25,25.7,,,17.5,3,19,13088,1027971,CD_I1027971,,
573,Fwd,,,Josh Schache,MEL,No,-39.5,-66.8,,25,25,,,24,2,26,12416,993841,CD_I993841,,
574,Fwd,,,Alex Sexton,GCS,No,-39.7,-67,,65,24.8,183,Fwd Punt: Switch to half pack in match sim. Monitor preseason game and OR,10.8,8,30,12080,294643,CD_I294643,,
575,Fwd,,,Aaron Cadman,GWS,No,-40,-67.3,,25,24.5,,,9.7,12,19,13054,1019038,CD_I1019038,,
576,Fwd,,,Bailey Laurie,MEL,No,-40,-67.3,,25,24.5,,,12.3,4,21,13032,1012826,CD_I1012826,,
577,Def,,,James Blanck,HAW,No,-47.1,-75.1,,0,24.3,,Injury: ACL out for 2024 season.,11.5,15,23,13003,1011839,CD_I1011839,,
578,Fwd,,,Jacob Bauer,RIC,No,-40.7,-68,,25,23.8,,,16.5,4,21,13079,1021152,CD_I1021152,,
579,Fwd,,,Chris Burgess,ADE,No,-42.5,-69.8,,20,22,,,,1,28,12705,1000068,CD_I1000068,,
580,Fwd,,,Corey Warner,SYD,No,-43.8,-71.1,,20,20.7,,,16.3,3,20,13053,1018424,CD_I1018424,,
581,Fwd,,,Reef McInnes,COL,No,-43.9,-71.2,,20,20.6,,,10,5,20,12964,1013278,CD_I1013278,,
582,Fwd,,,Sam Darcy,WBD,No,-44.5,-71.8,,20,20,,,9.2,3,20,13021,1017126,CD_I1017126,,
583,Mid,,,Josh Sinn,PTA,No,-59.6,-87.2,,60,19.7,,Role: Training as a halfback in 2024 pre-season.,5.1,3,20,12959,1017078,CD_I1017078,,
584,Fwd,,,Jack Buller,SYD,No,-45.5,-72.8,,20,19,,,,1,22,13071,1009392,CD_I1009392,,
585,Def,,,Jakob Ryan,COL,No,-52.4,-80.4,,20,19,,,,1,19,13089,1020104,CD_I1020104,,
586,Fwd,,,Ted Clohesy,GEE,No,-46.5,-73.8,,20,18,,,,1,19,13093,1023542,CD_I1023542,,
587,Def,,,James Madden,BRL,No,-53.4,-81.4,,20,18,,,14.1,2,24,12898,1013978,CD_I1013978,,
588,Fwd,,,Conor Stone,GWS,No,-46.8,-74.1,,20,17.7,,,7.4,3,21,12886,1015862,CD_I1015862,,
589,Mid,,,Ethan Stanley,FRE,No,-61.8,-89.4,,20,17.5,316,,0.7,2,20,13082,1031801,CD_I1031801,,
590,Fwd,,,James Tunstill,BRL,No,-48.5,-75.8,,15,16,,,4.2,2,20,13005,1021108,CD_I1021108,,
591,Def,,,Tom Clurey,PTA,No,-55.4,-83.4,,15,16,,,,1,29,12238,294504,CD_I294504,,
592,Fwd,,,Buku Khamis,WBD,No,-49.5,-76.8,,15,15,,,,1,23,12900,998782,CD_I998782,,
593,Mid,,,Jack Carroll,CAR,No,-66.3,-93.9,,15,13,,,,1,20,12976,1013233,CD_I1013233,,
594,Fwd,Ruck,,Nathan Kreuger,COL,Yes,-54.5,-81.8,,10,10,,,1.4,2,24,12930,997254,CD_I997254,,
595,Fwd,Ruck,,Harry Barnett,WCE,Yes,-55.5,-82.8,,10,9,,,,1,19,13074,1020057,CD_I1020057,,
596,Fwd,,,Josh Carmichael,COL,No,-56.5,-83.8,,10,8,,,,1,24,13011,1027021,CD_I1027021,,
597,Mid,,,Colby McKercher,NTH,No,,,,75,,115,"Def punt: Draft and hold for def status. Rookie, flagged for a half-back role in 2024.",,,18,,1024272,CD_I1024272,,
598,Mid,,,Jeremy Sharp,FRE,NO,,,,75,,247,Trade: May have Fremantle wing role in 2024,,,20,12820,1009380,CD_I1009380,,
599,Fwd,,,Tom Lynch,RIC,No,,,,70,,271,Interrupted pre-season (Major): coming back from foot injury. Will miss OR.,,,31,11865,293813,CD_I293813,,
600,Def,,,Marty Hore,MEL,No,,,,70,,,"Def Punt: Decent scorer in VFL, may not be best 22.",,,27,12694,996692,CD_I996692,,
601,Def,,,Zac Williams,CAR,No,,,,68,,132,"Role: Half back in 2024. ACL in 2023, may limit scoring on return in 2024.",,,29,12175,294685,CD_I294685,,
602,Ruck,,,Kieran Strachan,ADE,No,,,,67,,279,,,,28,12808,1008752,CD_I1008752,,
603,Def,,,Nick Coffield,WBD,No,,,,65,,305,Trade: may have half back role.,,,24,12608,1005717,CD_I1005717,,
604,Ruck,,,Braydon Preuss,GWS,No,,,,65,,171,"GWS second ruck, worth drafting as handcuff for Briggs.",,,28,12500,992644,CD_I992644,,
605,Ruck,,,Jordon Sweet,PTA,No,,,,65,,282,Trade: Potential sole ruck role. Main ruck while Soldo recovers from small finger injury.,,,25,12890,992330,CD_I992330,,
606,Fwd,Mid,,Harley Reid,WCE,Yes,,,,60,,80,"Fwd Punt: Number one draft pick, likely to receive midfield/half back role.",,,18,,1023492,CD_I1023492,,
607,Def,,,Josh Gibcus,RIC,No,,,,50,,,"Coming back from Hamstring injury in 2023, likely to play in 2024.",,,20,12947,1017059,CD_I1017059,,
608,Fwd,Def,,Wil Dawson,NTH,Yes,,,,40,,,,,,18,,1028551,CD_I1028551,,
609,Def,,,Angus McLennan,STK,No,,,,36,,,,,,20,,1017077,CD_I1017077,,
610,Fwd,,,Aiden O'Driscoll,WBD,No,,,,0,,,,,,18,,1024064,CD_I1024064,,
611,Ruck,,,Alex Mirkov,CAR,No,,,,0,,,,,,24,,1023446,CD_I1023446,,
612,Fwd,,,Andy Moniz-Wakefield,MEL,No,,,,0,,,,,,20,,1013165,CD_I1013165,,
613,Fwd,Def,,Patrick Snell,SYD,Yes,,,,0,,,,,,18,,1024685,CD_I1024685,,
614,Fwd,Ruck,,Archer Reid,WCE,Yes,,,,0,,,,,,18,,1027693,CD_I1027693,,
615,Fwd,,,Ashton Moir,CAR,No,,,,0,,,,,,18,,1020097,CD_I1020097,,
616,Fwd,,,Sam Butler,HAW,No,,,,0,,,,,,20,3983,1010708,CD_I1010708,,
617,Fwd,,,Bigoa Nyuon,NTH,No,,,,0,,,,,,22,12989,1006193,CD_I1006193,,
618,Fwd,Mid,,Billy Dowling,ADE,Yes,,,,0,,,,,,19,,1015329,CD_I1015329,,
619,Fwd,,,Brayden George,NTH,No,,,,0,,,,,,19,,1023544,CD_I1023544,,
620,Fwd,Mid,,Bruce Reville,BRL,Yes,,,,0,,,,,,22,,1009317,CD_I1009317,,
621,Fwd,Mid,,Caleb Windsor,MEL,Yes,,,,0,,198,,,,18,,1027821,CD_I1027821,,
622,Fwd,,,Calsher Dear,HAW,No,,,,0,,,,,,18,,1032100,CD_I1032100,,
623,Fwd,,,Charlie Clarke,WBD,No,,,,0,,,,,,19,,1023787,CD_I1023787,,
624,Def,,,Angus Hastie,STK,No,,,,0,,,,,,18,,1027872,CD_I1027872,,
625,Ruck,,,Clay Tucker,HAW,No,,,,0,,,,,,19,,1027837,CD_I1027837,,
626,Def,,,Archie Roberts,ESS,No,,,,0,,,,,,18,,1023515,CD_I1023515,,
627,Fwd,Ruck,,Coen Livingstone,WCE,Yes,,,,0,,,,,,18,,1028291,CD_I1028291,,
628,Def,,,Arie Schoenmaker,STK,No,,,,0,,,,,,18,,1024279,CD_I1024279,,
629,Fwd,Mid,,Conrad Williams,FRE,Yes,,,,0,,,,,,19,,1017970,CD_I1017970,,
630,Fwd,Mid,,Cooper Simpson,FRE,Yes,,,,0,,287,,,,18,,1027656,CD_I1027656,,
631,Def,,,Blake Howes,MEL,No,,,,0,,,,,,20,,1017122,CD_I1017122,,
632,Def,,,Bodie Ryan,HAW,No,,,,0,,,,,,18,,1022473,CD_I1022473,,
633,Fwd,,,Darcy Jones,GWS,No,,,,50,,,"Coming off ACL, may impact scoring.",,,19,,1020650,CD_I1020650,,
634,Fwd,Mid,,Darcy Wilson,STK,Yes,,,,0,,221,,,,18,,1027875,CD_I1027875,,
635,Def,,,Caleb Graham,GCS,No,,,,0,,,,,,23,12754,1006087,CD_I1006087,,
636,Def,,,Carter Michael,BRL,No,,,,0,,,,,,21,13012,1013260,CD_I1013260,,
637,Ruck,,,Ethan Read,GCS,No,,,,0,,131,,,,18,,1027033,CD_I1027033,,
638,Fwd,Ruck,,Finnbar Maley,NTH,Yes,,,,0,,,,,,20,,1031792,CD_I1031792,,
639,Mid,,,Caiden Cleary,SYD,No,,,,0,,245,,,,18,,1024057,CD_I1024057,,
640,Ruck,,,Hamish Free,NTH,No,,,,0,,,,,,25,,1020627,CD_I1020627,,
641,Def,,,Charlie Dean,COL,No,,,,0,,,,,,22,,1009197,CD_I1009197,,
642,Fwd,,,Harrison Jones,ESS,No,,,,0,,,,,,22,12789,1011755,CD_I1011755,,
643,Def,,,Coby Burgiel,WCE,No,,,,0,,,Injury: Hamstring.,,,19,,1023502,CD_I1023502,,
644,Mid,,,Clay Hall,WCE,No,,,,0,,242,Injury: Likely missing 3 rounds w/ low grade ankle injury,,,18,,1024188,CD_I1024188,,
645,Def,,,Connor O'Sullivan,GEE,No,,,,0,,,,,,18,,1027877,CD_I1027877,,
646,Fwd,,,Harry Lemmey,CAR,No,,,,0,,,,,,19,,1020072,CD_I1020072,,
647,Fwd,,,Harvey Gallagher,WBD,No,,,,0,,,,,,20,,1017087,CD_I1017087,,
648,Fwd,Mid,,Harvey Johnston,WCE,Yes,,,,0,,,,,,18,,1027969,CD_I1027969,,
649,Fwd,Mid,,Harvey Thomas,GWS,Yes,,,,0,,,,,,18,,1027925,CD_I1027925,,
650,Fwd,Ruck,,Henry Smith,BRL,Yes,,,,0,,,,,,21,,1016189,CD_I1016189,,
651,Ruck,,,Hudson O'Keeffe,CAR,No,,,,0,,,,,,18,,1023489,CD_I1023489,,
652,Def,,,Cooper Vickery,SYD,No,,,,0,,,,,,18,,1023498,CD_I1023498,,
653,Def,Mid,,Billy Wilson,CAR,Yes,,,,0,,324,,,,18,,1027678,CD_I1027678,,
654,Mid,,,Cooper Stephens,HAW,No,,,,0,,,,,,22,12985,1004948,CD_I1004948,,
655,Fwd,Mid,,Hugo Garcia,STK,Yes,,,,0,,,,,,18,,1027790,CD_I1027790,,
656,Mid,,,Dominic Bedendo,WBD,No,,,,0,,314,,,,21,13006,1015822,CD_I1015822,,
657,Fwd,,,Isaac Keeler,STK,No,,,,0,,,,,,19,,1015323,CD_I1015323,,
658,Fwd,,,Jack Delean,FRE,No,,,,0,,,,,,18,,1019975,CD_I1019975,,
659,Fwd,,,Jack O'Sullivan,HAW,No,,,,0,,,,,,19,,1023531,CD_I1023531,,
660,Fwd,,,Jacob Konstanty,SYD,No,,,,0,,,,,,19,,1023530,CD_I1023530,,
661,Mid,,,Edward Allan,COL,No,,,,0,,327,,,,19,,1022915,CD_I1022915,,
662,Fwd,,,Jaiden Hunter,ESS,No,,,,0,,,Injury: Out for the season,,,21,,1020424,CD_I1020424,,
663,Def,,,Domanic Akuei,CAR,No,,,,0,,,,,,21,,1015830,CD_I1015830,,
664,Mid,,,George Stevens,GEE,No,,,,0,,267,,,,18,,1023681,CD_I1023681,,
665,Def,,,Emerson Jeka,GEE,No,,,,0,,,,,,22,12896,1005150,CD_I1005150,,
666,Def,,,Harrison Arnold,SYD,No,,,,0,,,,,,24,,1008460,CD_I1008460,,
667,Def,Mid,,Caleb Mitchell,SYD,Yes,,,,0,,,,,,19,,1024096,CD_I1024096,,
668,Mid,,,Harry DeMattia,COL,No,,,,0,,275,"Injury: finger, will miss 4 to 8 rounds.",,,18,,1027673,CD_I1027673,,
669,Mid,,,Hugh Jackson,PTA,No,,,,0,,347,,,,20,,1015330,CD_I1015330,,
670,Fwd,,,Jayden Davey,ESS,No,,,,0,,,,,,19,,1017961,CD_I1017961,,
671,Def,,,Hugh Bond,ADE,No,,,,0,,,,,,19,,1023534,CD_I1023534,,
672,Fwd,,,Jed Walter,GCS,No,,,,0,,162,Injury: Collarbone. Will miss early games.,,,18,,1023736,CD_I1023736,,
673,Def,,,Hugh Davies,FRE,No,,,,0,,,,,,19,,1022927,CD_I1022927,,
674,Def,,,Jaiden Magor,SYD,No,,,,0,,,,,,19,,1015457,CD_I1015457,,
675,Ruck,,,Joe Furphy,GEE,No,,,,0,,,,,,24,,1011944,CD_I1011944,,
676,Fwd,,,Joe Richards,COL,No,,,,0,,,,,,24,,1008239,CD_I1008239,,
677,Fwd,Mid,,Joel Freijah,WBD,Yes,,,,0,,,,,,18,,1027704,CD_I1027704,,
678,Fwd,,,Jordan Croft,WBD,No,,,,0,,,,,,18,,1013996,CD_I1013996,,
679,Def,,,James Leake,GWS,No,,,,0,,,,,,18,,1032119,CD_I1032119,,
680,Def,,,James O'Donnell,WBD,No,,,,0,,,,,,21,,1032966,CD_I1032966,,
681,Fwd,,,Joshua Bennetts,HAW,No,,,,0,,,,,,19,,1018106,CD_I1018106,,
682,Def,,,James Van Es,STK,No,,,,0,,,Interrupted pre-season: Ankle.,,,19,,1023547,CD_I1023547,,
683,Def,,,Jed Adams,MEL,No,,,,0,,,,,,19,,1023174,CD_I1023174,,
684,Ruck,,,Kalin Lane,BRL,No,,,,0,,,,,,22,,1018296,CD_I1018296,,
685,Mid,,,Indhi Kirk,SYD,No,,,,0,,341,,,,19,,1027058,CD_I1027058,,
686,Fwd,,,Koltyn Tholstrup,MEL,No,,,,0,,,,,,18,,1023640,CD_I1023640,,
687,Ruck,,,Kyah Farris-White,MEL,No,,,,0,,,,,,19,,1030866,CD_I1030866,,
688,Def,,,Jedd Busslinger,WBD,No,,,,0,,,,,,19,,1023017,CD_I1023017,,
689,Fwd,Mid,,Kynan Brown,MEL,Yes,,,,0,,,,,,18,,1027949,CD_I1027949,,
690,Fwd,Mid,,Lachlan Charleson,PTA,Yes,,,,0,,,,,,18,,1014013,CD_I1014013,,
691,Ruck,,,Lachlan Smith,WBD,No,,,,0,,,,,,18,,1027702,CD_I1027702,,
692,Fwd,,,Lance Collard,STK,No,,,,0,,,,,,18,,1017959,CD_I1017959,,
693,Def,,,Joe Fonti,GWS,No,,,,0,,,,,,18,,1032629,CD_I1032629,,
694,Def,,,Jordyn Baker,WCE,No,,,,0,,,,,,19,,1020595,CD_I1020595,,
695,Def,,,Joshua Draper,FRE,No,,,,0,,,,,,19,,1020668,CD_I1020668,,
696,Fwd,,,Liam Fawcett,RIC,No,,,,0,,,,,,18,,1022383,CD_I1022383,,
697,Def,,,Kaleb Smith,RIC,No,,,,0,,,,,,19,,1022999,CD_I1022999,,
698,Ruck,,,Liam Reidy,FRE,No,,,,0,,,,,,23,,1023346,CD_I1023346,,
699,Fwd,Mid,,Loch Rawlinson,WCE,Yes,,,,0,,,,,,18,,1020032,CD_I1020032,,
700,Fwd,,,Logan Morris,BRL,No,,,,0,,,,,,18,,1028019,CD_I1028019,,
701,Def,,,Kyle Marshall,PTA,No,,,,0,,,,,,19,,1021276,CD_I1021276,,
702,Fwd,,,Luke Lloyd,BRL,No,,,,0,,,,,,18,,1027985,CD_I1027985,,
703,Def,Mid,,Charlie Edwards,ADE,Yes,,,,0,,298,,,,18,,1028671,CD_I1028671,,
704,Def,,,Leek Aleer,GWS,No,,,,0,,,,,,22,13020,1008691,CD_I1008691,,
705,Fwd,Ruck,,Mate Colina,RIC,Yes,,,,0,,,,,,24,,1021660,CD_I1021660,,
706,Fwd,,,Matthew Allison,STK,No,,,,0,,,,,,21,,1015714,CD_I1015714,,
707,Def,,,Lewis Hayes,ESS,No,,,,0,,,,,,18,,1023487,CD_I1023487,,
708,Fwd,,,Matthew Jefferson,MEL,No,,,,0,,,,,,19,,1023486,CD_I1023486,,
709,Fwd,,,Max Gruzewski,GWS,No,,,,0,,,,,,19,,1027921,CD_I1027921,,
710,Fwd,Ruck,,Max Heath,STK,Yes,,,,0,,,,,,21,,1015886,CD_I1015886,,
711,Ruck,,,Max Knobel,FRE,No,,,,0,,,,,,19,,1027701,CD_I1027701,,
712,Mid,,,Jake Rogers,GCS,No,,,,0,,217,,,,18,,1018123,CD_I1018123,,
713,Ruck,,,Mitchell Edwards,GEE,No,,,,0,,,,,,18,,1024304,CD_I1024304,,
714,Def,,,Liam O'Connell,STK,No,,,,0,,,,,,20,,1035198,CD_I1035198,,
715,Mid,,,James Willis,GEE,No,,,,0,,345,,,,20,,1011633,CD_I1011633,,
716,Fwd,,,Nate Caddy,ESS,No,,,,0,,193,,,,18,,1027899,CD_I1027899,,
717,Mid,,,Jaxon Binns,CAR,No,,,,0,,319,,,,19,,1023533,CD_I1023533,,
718,Mid,,,Kane McAuliffe,RIC,No,,,,0,,239,,,,18,,1019916,CD_I1019916,,
719,Ruck,,,Nicholas Madden,GWS,No,,,,0,,,,,,19,,1023743,CD_I1023743,,
720,Fwd,,,Nicholas Watson,HAW,No,,,,0,,192,,,,23,,1023473,CD_I1023473,,
721,Def,,,Luamon Lual,ESS,No,,,,0,,,,,,18,,1027706,CD_I1027706,,
722,Ruck,,,Odin Jones,FRE,No,,,,0,,,,,,18,,1028371,CD_I1028371,,
723,Mid,,,Mitch Hardie,GEE,No,,,,0,,334,,,,26,,1008825,CD_I1008825,,
724,Ruck,,,Oliver Hayes-Brown,RIC,No,,,,0,,,,,,23,,1035199,CD_I1035199,,
725,Fwd,,,Oliver Sestan,MEL,No,,,,0,,,,,,19,,1029973,CD_I1029973,,
726,Fwd,Mid,,Oliver Wiltshire,GEE,Yes,,,,0,,,,,,21,,1020881,CD_I1020881,,
727,Fwd,Mid,,Olli Hotton,STK,Yes,,,,0,,,,,,19,,1027959,CD_I1027959,,
728,Def,Mid,,Daniel Curtin,ADE,Yes,,,,0,,161,,,,18,,1024023,CD_I1024023,,
729,Def,,,Matthew Carroll,CAR,No,,,,0,,,,,,18,,1027964,CD_I1027964,,
730,Def,,,Ollie Murphy,FRE,No,,,,0,,,,,,18,,1027990,CD_I1027990,,
731,Def,,,Oscar McDonald,FRE,No,,,,0,,,,,,27,12394,992472,CD_I992472,,
732,Fwd,Ruck,,Oscar Steene,COL,Yes,,,,0,,,,,,20,,1022844,CD_I1022844,,
733,Fwd,Mid,,Oskar Faulkhead,GCS,Yes,,,,0,,,,,,20,,1017089,CD_I1017089,,
734,Def,,,Oscar Murdoch,GEE,No,,,,0,,,,,,19,,1027852,CD_I1027852,,
735,Fwd,,,Phoenix Foster,GEE,No,,,,0,,,,,,19,,1019945,CD_I1019945,,
736,Fwd,,,Phoenix Gothard,GWS,No,,,,0,,,,,,18,,1032042,CD_I1032042,,
737,Mid,,,Nathan Wardius,GWS,No,,,,0,,,,,,19,,1034066,CD_I1034066,,
738,Def,,,Oscar Ryan,ADE,No,,,,0,,,,,,18,,1027893,CD_I1027893,,
739,Fwd,,,Rob Monahan,CAR,No,,,,0,,,,,,19,,1035129,CD_I1035129,,
740,Fwd,,,Robert Hansen Jr,NTH,No,,,,0,,,,,,19,,1023144,CD_I1023144,,
741,Mid,,,Reece Torrent,BRL,No,,,,0,,323,,,,18,,1024187,CD_I1024187,,
742,Def,Mid,,Lawson Humphries,GEE,Yes,,,,0,,340,,,,20,,1013464,CD_I1013464,,
743,Def,,,Riley Hardeman,NTH,No,,,,0,,,,,,18,,1023625,CD_I1023625,,
744,Ruck,,,Sam Naismith,RIC,No,,,,0,,237,,,,31,12313,298144,CD_I298144,,
745,Fwd,,,Sam Reid,SYD,No,,,,0,,197,,,,32,11705,290188,CD_I290188,,
746,Def,,,Sam Clohesy,GCS,No,,,,0,,,,,,20,,1013257,CD_I1013257,,
747,Fwd,,,Sebit Kuek,FRE,No,,,,0,,,Injury: knee and shoulder.,,,23,,1012048,CD_I1012048,,
748,Fwd,,,Seth Campbell,RIC,No,,,,0,,,,,,18,,1023275,CD_I1023275,,
749,Fwd,,,Shadeau Brain,BRL,No,,,,0,,,,,,19,,1028105,CD_I1028105,,
750,Fwd,Mid,,Shaun Mannagh,GEE,Yes,,,,0,,211,,,,26,,993878,CD_I993878,,
751,Fwd,,,Steely Green,RIC,No,,,,0,,,,,,19,,1023056,CD_I1023056,,
752,Ruck,,,Taylor Goad,NTH,No,,,,0,,,,,,18,,1031506,CD_I1031506,,
753,Def,,,Sam Durdin,CAR,No,,,,0,,,,,,27,12515,297767,CD_I297767,,
754,Fwd,,,Tex Wanganeen,ESS,No,,,,0,,,Injury: navicular,,,20,12958,1012521,CD_I1012521,,
755,Fwd,,,Thomas Scully,PTA,No,,,,0,,,,,,19,,1020066,CD_I1020066,,
756,Def,,,Sandy Brock,GCS,No,,,,0,,,,,,20,,1013315,CD_I1013315,,
757,Fwd,,,Tom Anastasopolous,PTA,No,,,,0,,,,,,18,,1027870,CD_I1027870,,
758,Ruck,,,Tom Campbell,STK,No,,,,0,,363,,,,32,12097,290246,CD_I290246,,
759,Fwd,,,Tom Fullarton,MEL,No,,,,0,,,"Injury: Hamstring, set to miss at least a month of the afl season.",,,24,12833,1013532,CD_I1013532,,
760,Def,,,Tew Jiath,COL,No,,,,0,,,,,,18,,1032017,CD_I1032017,,
761,Fwd,,,Tyrell Dewar,WCE,No,,,,0,,,,,,19,,1023142,CD_I1023142,,
762,Ruck,,,Vigo Visentini,ESS,No,,,,0,,,,,,18,,1027966,CD_I1027966,,
763,Fwd,,,Wade Derksen,GWS,No,,,,0,,,,,,22,,1016140,CD_I1016140,,
764,Def,,,Toby Pink,NTH,No,,,,0,,,,,,25,,1002138,CD_I1002138,,
765,Def,,,Tom McCallum,PTA,No,,,,0,,,,,,19,,1021296,CD_I1021296,,
766,Def,Mid,,Will Graham,GCS,Yes,,,,0,,304,,,,18,,1026960,CD_I1026960,,
767,Fwd,Mid,,Will Lorenz,PTA,Yes,,,,0,,,,,,18,,1029262,CD_I1029262,,
768,Ruck,,,Will Verrall,MEL,No,,,,0,,,,,,19,,1015473,CD_I1015473,,
769,Def,,,Will Hamill,ADE,No,,,,0,,,,,,23,12781,1008159,CD_I1008159,,
770,Ruck,,,William Green,SYD,No,,,,0,,,,,,18,,1027901,CD_I1027901,,
771,Def,,,William Edwards,SYD,No,,,,0,,,,,,20,,1017757,CD_I1017757,,
772,Fwd,Mid,,William Rowlands,GCS,Yes,,,,0,,,,,,18,,1019939,CD_I1019939,,
773,Fwd,,,Xavier Walsh,PTA,No,,,,0,,,,,,18,,1029158,CD_I1029158,,
774,Mid,,,Ryley Sanders,WBD,No,,,,0,,130,,,,18,,1017939,CD_I1017939,,
775,Def,,,William McCabe,HAW,No,,,,0,,,Injury: 12 weeks with bone stress.,,,18,,1022410,CD_I1022410,,
776,Def,,,Zach Reid,ESS,No,,,,0,,,,,,21,12889,1012817,CD_I1012817,,
777,Fwd,Mid,,Zane Duursma,NTH,Yes,,,,0,,155,,,,18,,1023494,CD_I1023494,,
778,Ruck,Def,,Zane Zakostelsky,BRL,Yes,,,,0,,,,,,17,,1032650,CD_I1032650,,
779,Mid,,,Zac Taylor,ADE,No,,,,0,,302,,,,20,,1017065,CD_I1017065,,
780,Mid,,,Lachlan Sullivan,COL,No,,,,0,,,,,,,,998480,CD_I998480,,
781,Def,,,Josh Eyre,COL,No,,,,0,,,,,,,,1015712,CD_I1015712,,
782,Fwd,,,Patrick Voss,FRE,No,,,,0,,,,,,,,1017754,CD_I1017754,,
783,Def,,,Karl Gallagher,ADE,No,,,,0,,,,,,,,1035372,CD_I1035372,,