"","feed_id","player_id","first_name","last_name","team_abbrev","pos_1","pos_2","round","projected_points","points","avg","avg3","avg5","price","user_team_id","team","coach","picked","type","position"
"1",290528,448,"Max","Gawn","MEL","RUC",NA,11,NA,120,125.727,120.333,107.2,614700,6510,"The Big Short","Luke",TRUE,"scoring","RUC"
"2",293535,74,"Lachie","Neale","BRL","MID",NA,11,NA,NA,96.5,112.667,100.4,578700,23413,"The West Wingard","Simon",FALSE,"non-scoring","MID"
"3",296205,642,"Jack","Steele","STK","MID",NA,11,NA,154,115.909,123,114,576900,22859,"Ariana Grundy","Lester",TRUE,"scoring","MID"
"4",996701,466,"Clayton","Oliver","MEL","MID",NA,11,NA,139,127.727,161,144.8,693200,2018,"Surviving J.Kelly","Mark",TRUE,"scoring","MID"
"5",295342,666,"Jake","Lloyd","SYD","DEF",NA,11,NA,142,108.818,112.667,111.6,548000,23345,"Pink Lloyd","Jordan",TRUE,"scoring","DEF"
"6",295467,711,"Jack","Macrae","WBD","MID",NA,11,NA,145,128,136.333,124.4,637500,20323,"La MacRaena","Anthony",TRUE,"scoring","MID"
"7",293957,144,"Brodie","Grundy","COL","RUC",NA,11,NA,76,121.909,107.667,119,627700,22859,"Ariana Grundy","Lester",TRUE,"scoring","RUC"
"8",298210,467,"Christian","Petracca","MEL","MID",NA,11,NA,105,104.273,107.333,97.4,528300,23413,"The West Wingard","Simon",TRUE,"scoring","MID"
"9",297373,689,"Marcus","Bontempelli","WBD","MID",NA,11,NA,125,124.455,137.333,134.8,665600,20240,"MakingTheirMarcus","James",TRUE,"scoring","MID"
"10",992016,200,"Zach","Merrett","ESS","MID",NA,11,NA,119,109,100,107.6,541800,2016,"At Witts End","Paul",TRUE,"scoring","MID"
"11",294557,704,"Lachie","Hunter","WBD","MID",NA,11,NA,126,90.8,112.667,100.8,492200,6510,"The Big Short","Luke",TRUE,"scoring","MID"
"12",296347,377,"Josh","Kelly","GWS","MID",NA,11,NA,122,103.727,118.667,119.2,562300,2018,"Surviving J.Kelly","Mark",TRUE,"scoring","MID"
"13",270917,317,"Patrick","Dangerfield","GEE","FWD","MID",11,NA,NA,83.5,83.5,83.5,611900,2016,"At Witts End","Paul",FALSE,"non-scoring","FWD"
"14",291856,421,"Tom","Mitchell","HAW","MID",NA,11,NA,88,105.818,102,111.6,542000,20240,"MakingTheirMarcus","James",TRUE,"scoring","MID"
"15",291570,231,"Nat","Fyfe","FRE","MID",NA,11,NA,99,111.3,102.333,105.8,555400,20240,"MakingTheirMarcus","James",TRUE,"scoring","MID"
"16",293716,65,"Jarryd","Lyons","BRL","MID",NA,11,NA,82,118.818,116.333,123.2,629400,22859,"Ariana Grundy","Lester",TRUE,"scoring","MID"
"17",271129,492,"Todd","Goldstein","NTH","RUC",NA,11,NA,93,93.9091,103.333,97.8,504600,20323,"La MacRaena","Anthony",TRUE,"scoring","RUC"
"18",297401,6,"Matt","Crouch","ADE","MID",NA,11,NA,NA,0,0,0,594700,NA,NA,NA,NA,NA,NA
"19",271045,753,"Nic","Naitanui","WCE","RUC",NA,11,NA,163,111.909,136,123.4,585200,23413,"The West Wingard","Simon",TRUE,"scoring","RUC"
"20",260257,162,"Scott","Pendlebury","COL","MID",NA,11,NA,50,86.0909,55.3333,68,399100,20240,"MakingTheirMarcus","James",FALSE,"scoring","MID"
"21",250365,525,"Travis","Boak","PTA","MID",NA,11,NA,97,109.4,105.333,104,533800,2018,"Surviving J.Kelly","Mark",TRUE,"scoring","MID"
"22",291776,131,"Taylor","Adams","COL","MID",NA,11,NA,NA,76.2,73.3333,76.2,470700,2016,"At Witts End","Paul",FALSE,"non-scoring","MID"
"23",280965,168,"Steele","Sidebottom","COL","FWD","MID",11,NA,94,89,94.6667,92.2,479600,6510,"The Big Short","Luke",TRUE,"scoring","FWD"
"24",291790,721,"Adam","Treloar","WBD","MID",NA,11,NA,NA,92.6,71.6667,85,478700,NA,NA,NA,NA,NA,NA
"25",294199,333,"Sam","Menegola","GEE","MID",NA,11,NA,76,88.8889,78.3333,85.6,463500,23345,"Pink Lloyd","Jordan",TRUE,"scoring","MID"
"26",998659,243,"Luke","Ryan","FRE","DEF",NA,11,NA,100,100.375,97.6667,103.8,528300,20323,"La MacRaena","Anthony",TRUE,"scoring","DEF"
"27",270919,558,"Tom","Rockliff","PTA","MID",NA,11,NA,NA,25,25,25,573000,2016,"At Witts End","Paul",FALSE,"non-scoring","MID"
"28",290778,677,"Luke","Parker","SYD","MID",NA,11,NA,112,103.091,104,102.6,519400,2016,"At Witts End","Paul",TRUE,"scoring","MID"
"29",297523,30,"Reilly","O'Brien","ADE","RUC",NA,11,NA,147,91.4545,101.333,83.6,454300,23345,"Pink Lloyd","Jordan",TRUE,"scoring","RUC"
"30",290801,743,"Andrew","Gaff","WCE","MID",NA,11,NA,78,93.5455,81.3333,100,501400,6510,"The Big Short","Luke",TRUE,"scoring","MID"
"31",290799,709,"Tom","Liberatore","WBD","MID",NA,11,NA,78,101.636,106.333,105.6,542200,6510,"The Big Short","Luke",TRUE,"scoring","MID"
"32",298272,290,"Touk","Miller","GCS","MID",NA,11,NA,153,117.9,133.667,132.4,616000,2016,"At Witts End","Paul",TRUE,"scoring","MID"
"33",261510,324,"Tom","Hawkins","GEE","FWD",NA,11,NA,126,95.1818,106,106.4,513400,20323,"La MacRaena","Anthony",TRUE,"scoring","FWD"
"34",281091,278,"Hugh","Greenwood","GCS","MID",NA,11,NA,69,98,91.6667,101.8,513900,20323,"La MacRaena","Anthony",TRUE,"scoring","MID"
"35",293222,20,"Rory","Laird","ADE","DEF","MID",11,NA,92,105.727,111.667,107,551900,23345,"Pink Lloyd","Jordan",TRUE,"scoring","DEF"
"36",291861,480,"Jed","Anderson","NTH","MID",NA,11,NA,NA,93.5,93.5,93.5,562300,NA,NA,NA,NA,NA,NA
"37",294305,395,"Lachie","Whitfield","GWS","DEF",NA,11,NA,120,93.4,103.333,93.4,503600,6510,"The Big Short","Luke",TRUE,"scoring","DEF"
"38",294318,562,"Ollie","Wines","PTA","MID",NA,11,NA,134,104.545,124.333,106.8,549800,2016,"At Witts End","Paul",TRUE,"scoring","MID"
"39",993834,697,"Josh","Dunkley","WBD","FWD","MID",11,NA,NA,129,132.333,132.2,634100,23345,"Pink Lloyd","Jordan",TRUE,"non-scoring","MID"
"40",992468,632,"Rowan","Marshall","STK","RUC","FWD",11,NA,NA,83.6,78.6667,83.6,497300,23413,"The West Wingard","Simon",FALSE,"non-scoring","FWD"
"41",281065,319,"Mitch","Duncan","GEE","MID",NA,11,NA,NA,113.5,106.333,113.2,581000,20323,"La MacRaena","Anthony",FALSE,"non-scoring","MID"
"42",290550,322,"Cameron","Guthrie","GEE","MID",NA,11,NA,NA,119.8,117,125.4,609900,22859,"Ariana Grundy","Lester",FALSE,"non-scoring","MID"
"43",297566,436,"James","Sicily","HAW","DEF",NA,11,NA,NA,0,0,0,552900,NA,NA,NA,NA,NA,NA
"44",280317,345,"Rhys","Stanley","GEE","RUC",NA,11,NA,101,87.125,93,89,470000,NA,NA,NA,NA,NA,NA
"45",1004592,699,"Tim","English","WBD","RUC",NA,11,NA,100,87.5714,79,92,465900,NA,NA,NA,NA,NA,NA
"46",992010,153,"Brayden","Maynard","COL","DEF",NA,11,NA,79,84.6364,93.6667,93.2,469000,20240,"MakingTheirMarcus","James",TRUE,"scoring","DEF"
"47",291783,208,"Dylan","Shiel","ESS","MID",NA,11,NA,NA,89.5,89.5,89.5,548000,NA,NA,NA,NA,NA,NA
"48",1001026,207,"Jordan","Ridley","ESS","DEF",NA,11,NA,64,100.8,91.3333,89,477300,23413,"The West Wingard","Simon",TRUE,"scoring","DEF"
"49",1000978,69,"Hugh","McCluggage","BRL","MID",NA,11,NA,74,106.818,106,112.4,584200,6510,"The Big Short","Luke",TRUE,"scoring","MID"
"50",295136,696,"Caleb","Daniel","WBD","DEF",NA,11,NA,61,86.9,95.3333,100.6,485700,22859,"Ariana Grundy","Lester",TRUE,"scoring","DEF"
"51",993905,672,"Callum","Mills","SYD","DEF",NA,11,NA,117,113.455,113,117,574700,2018,"Surviving J.Kelly","Mark",TRUE,"scoring","DEF"
"52",1002232,221,"Andrew","Brayshaw","FRE","MID",NA,11,NA,81,99.8,92.3333,102,500500,23345,"Pink Lloyd","Jordan",TRUE,"scoring","MID"
"53",296035,489,"Trent","Dumont","NTH","MID",NA,11,NA,59,52.6667,52.6667,52.6667,470100,23413,"The West Wingard","Simon",TRUE,"scoring","MID"
"54",1006094,127,"Sam","Walsh","CAR","MID",NA,11,NA,90,113.636,105.667,107.2,561600,6510,"The Big Short","Luke",TRUE,"scoring","MID"
"55",290847,586,"Dustin","Martin","RIC","FWD","MID",11,NA,95,94.9,100.667,81.2,452200,6510,"The Big Short","Luke",TRUE,"scoring","FWD"
"56",291800,348,"Tom","Stewart","GEE","DEF",NA,11,NA,119,105.909,101.333,102,522400,2016,"At Witts End","Paul",TRUE,"scoring","DEF"
"57",291902,478,"Jack","Viney","MEL","MID",NA,11,NA,NA,91,90.3333,91,5e+05,23345,"Pink Lloyd","Jordan",FALSE,"non-scoring","MID"
"58",293871,138,"Jack","Crisp","COL","DEF",NA,11,NA,106,100.091,110,104,524900,20323,"La MacRaena","Anthony",TRUE,"scoring","DEF"
"59",296733,310,"Mark","Blicavs","GEE","DEF","MID",11,NA,NA,81.6,100.667,83.6,429600,NA,NA,NA,NA,NA,NA
"60",281007,254,"Michael","Walters","FRE","FWD","MID",11,NA,55,67.6667,72,72.2,371400,20323,"La MacRaena","Anthony",TRUE,"scoring","FWD"
"61",291969,359,"Stephen","Coniglio","GWS","MID",NA,11,NA,NA,64.6667,64.6667,64.6667,477400,22859,"Ariana Grundy","Lester",FALSE,"non-scoring","MID"
"62",295265,369,"Nick","Haynes","GWS","DEF",NA,11,NA,51,58.75,46,53.6,304300,NA,NA,NA,NA,NA,NA
"63",295461,123,"Adam","Saad","CAR","DEF",NA,11,NA,76,83.4545,90.6667,79.8,411700,20323,"La MacRaena","Anthony",TRUE,"scoring","DEF"
"64",261224,88,"Dayne","Zorko","BRL","FWD","MID",11,NA,162,107.455,139.667,123.2,579300,23345,"Pink Lloyd","Jordan",TRUE,"scoring","FWD"
"65",990704,93,"Patrick","Cripps","CAR","MID",NA,11,NA,133,89.4545,107.333,91.8,449600,2018,"Surviving J.Kelly","Mark",TRUE,"scoring","MID"
"66",998133,51,"Jarrod","Berry","BRL","MID",NA,11,NA,NA,52,52,52,455500,NA,NA,NA,NA,NA,NA
"67",290746,550,"Scott","Lycett","PTA","RUC",NA,11,NA,NA,95.375,87,94,480300,20323,"La MacRaena","Anthony",FALSE,"non-scoring","RUC"
"68",992049,601,"Jayden","Short","RIC","DEF",NA,11,NA,106,96.9091,94.6667,99.6,480200,6510,"The Big Short","Luke",TRUE,"scoring","DEF"
"69",291313,147,"Jeremy","Howe","COL","DEF",NA,11,NA,NA,78.8,72,78.8,475800,NA,NA,NA,NA,NA,NA
"70",295898,749,"Tim","Kelly","WCE","MID",NA,11,NA,26,90.6364,85.3333,97,491800,22859,"Ariana Grundy","Lester",TRUE,"scoring","MID"
"71",296351,607,"Jack","Billings","STK","MID",NA,11,NA,110,95.6364,97,103.4,488200,23345,"Pink Lloyd","Jordan",TRUE,"scoring","MID"
"72",260382,664,"Josh P.","Kennedy","SYD","MID",NA,11,NA,131,94.1818,104.667,96,487800,2016,"At Witts End","Paul",TRUE,"scoring","MID"
"73",296355,498,"Luke","McDonald","NTH","DEF",NA,11,NA,NA,3,3,3,512900,NA,NA,NA,NA,NA,NA
"74",270146,96,"Ed","Curnow","CAR","MID",NA,11,NA,59,97.0909,84.3333,93,496800,20240,"MakingTheirMarcus","James",TRUE,"scoring","MID"
"75",260227,327,"Shaun","Higgins","GEE","MID",NA,11,NA,73,77.4286,91,77.8,430700,23413,"The West Wingard","Simon",TRUE,"scoring","MID"
"76",998102,198,"Andrew","McGrath","ESS","MID",NA,11,NA,84,95.8182,103.667,97.6,493600,2018,"Surviving J.Kelly","Mark",TRUE,"scoring","MID"
"77",280078,763,"Luke","Shuey","WCE","MID",NA,11,NA,NA,122,122,122,508600,NA,NA,NA,NA,NA,NA
"78",281085,461,"Steven","May","MEL","DEF",NA,11,NA,90,85.7,85.6667,95.8,444500,22859,"Ariana Grundy","Lester",FALSE,"scoring","DEF"
"79",250267,640,"Paddy","Ryder","STK","RUC",NA,11,NA,95,88.2,88,88.2,464400,NA,NA,NA,NA,NA,NA
"80",998205,382,"Harry","Perryman","GWS","MID",NA,11,NA,NA,89.3333,86,86.4,468200,NA,NA,NA,NA,NA,NA
"81",240052,240,"David","Mundy","FRE","MID",NA,11,NA,81,108.727,91,98.6,534100,20240,"MakingTheirMarcus","James",TRUE,"scoring","MID"
"82",291975,307,"Jarrod","Witts","GCS","RUC",NA,11,NA,NA,87.3333,87.3333,87.3333,487300,NA,NA,NA,NA,NA,NA
"83",993998,507,"Jy","Simpkin","NTH","MID",NA,11,NA,108,89.8182,108.667,97.8,485000,2018,"Surviving J.Kelly","Mark",FALSE,"scoring","MID"
"84",280711,532,"Charlie","Dixon","PTA","FWD",NA,11,NA,138,86.7273,109.333,98.4,462400,20323,"La MacRaena","Anthony",TRUE,"scoring","FWD"
"85",295518,98,"Sam","Docherty","CAR","DEF",NA,11,NA,67,101.636,94.3333,100.4,532300,22859,"Ariana Grundy","Lester",TRUE,"scoring","DEF"
"86",1009208,298,"Matt","Rowell","GCS","MID",NA,11,NA,NA,6,6,6,495100,20240,"MakingTheirMarcus","James",FALSE,"non-scoring","MID"
"87",991988,626,"Zak","Jones","STK","MID",NA,11,NA,NA,83.8333,98,88,455000,NA,NA,NA,NA,NA,NA
"88",1006130,718,"Bailey","Smith","WBD","MID",NA,11,NA,84,85.5455,92,82.2,416500,20323,"La MacRaena","Anthony",TRUE,"scoring","MID"
"89",281080,762,"Brad","Sheppard","WCE","DEF",NA,11,NA,73,70.4545,65.3333,68.2,362400,NA,NA,NA,NA,NA,NA
"90",290307,678,"Dane","Rampe","SYD","DEF",NA,11,NA,58,74.875,71,77.8,408200,NA,NA,NA,NA,NA,NA
"91",261396,541,"Robbie","Gray","PTA","FWD",NA,11,NA,104,83.3636,96,84.2,424300,20240,"MakingTheirMarcus","James",TRUE,"scoring","FWD"
"92",994295,544,"Dan","Houston","PTA","DEF",NA,11,NA,97,89.8,80,80.2,415500,2018,"Surviving J.Kelly","Mark",TRUE,"scoring","DEF"
"93",993903,373,"Jacob","Hopper","GWS","MID",NA,11,NA,100,101.727,115,105.8,534700,23413,"The West Wingard","Simon",TRUE,"scoring","MID"
"94",294613,427,"Jaeger","O'Meara","HAW","MID",NA,11,NA,NA,101.5,96.6667,100.2,526900,2018,"Surviving J.Kelly","Mark",FALSE,"non-scoring","MID"
"95",298264,457,"Ed","Langdon","MEL","MID",NA,11,NA,37,93.9091,83.3333,92.4,481200,20240,"MakingTheirMarcus","James",TRUE,"scoring","MID"
"96",1002239,222,"Adam","Cerra","FRE","MID",NA,11,NA,83,88.25,91,81.6,420600,23345,"Pink Lloyd","Jordan",TRUE,"scoring","MID"
"97",294674,604,"Nick","Vlastuin","RIC","DEF",NA,11,NA,88,64,74,64,396400,NA,NA,NA,NA,NA,NA
"98",271072,78,"Daniel","Rich","BRL","DEF",NA,11,NA,89,105.182,98.6667,105,536500,20240,"MakingTheirMarcus","James",TRUE,"scoring","DEF"
"99",292128,771,"Elliot","Yeo","WCE","MID",NA,11,NA,49,49,49,49,483000,22859,"Ariana Grundy","Lester",TRUE,"scoring","MID"
"100",998215,124,"Will","Setterfield","CAR","MID",NA,11,NA,72,64.6667,72.3333,61.2,371000,NA,NA,NA,NA,NA,NA
"101",296296,761,"Dom","Sheed","WCE","MID",NA,11,NA,107,88.7273,81.3333,93.8,439500,6510,"The Big Short","Luke",FALSE,"non-scoring","MID"
"102",290738,504,"Jared","Polec","NTH","MID",NA,11,NA,NA,59,59,59,432100,NA,NA,NA,NA,NA,NA
"103",240283,744,"Shannon","Hurn","WCE","DEF",NA,11,NA,105,89.6667,65,84,409100,22859,"Ariana Grundy","Lester",TRUE,"scoring","DEF"
"104",1002222,438,"James","Worpel","HAW","MID",NA,11,NA,75,68.9091,80,86,400500,NA,NA,NA,NA,NA,NA
"105",270963,37,"Rory","Sloane","ADE","MID",NA,11,NA,103,104.143,90.6667,102.6,493700,20323,"La MacRaena","Anthony",TRUE,"scoring","MID"
"106",1006121,529,"Zak","Butters","PTA","FWD",NA,11,NA,NA,103,104.667,103,501200,22859,"Ariana Grundy","Lester",TRUE,"non-scoring","FWD"
"107",996059,47,"Harris","Andrews","BRL","DEF",NA,11,NA,79,91.7273,93,97.4,475300,6510,"The Big Short","Luke",TRUE,"scoring","DEF"
"108",296359,472,"Christian","Salem","MEL","DEF",NA,11,NA,56,101.7,91.3333,109,531600,20240,"MakingTheirMarcus","James",TRUE,"scoring","DEF"
"109",993817,202,"Darcy","Parish","ESS","MID",NA,11,NA,136,113.364,140.667,128.8,622100,20240,"MakingTheirMarcus","James",TRUE,"scoring","MID"
"110",250312,583,"Bachar","Houli","RIC","DEF",NA,11,NA,80,93.125,89.3333,97.8,464500,23413,"The West Wingard","Simon",TRUE,"scoring","DEF"
"111",270325,510,"Robbie","Tarrant","NTH","DEF",NA,11,NA,NA,0,0,0,463100,NA,NA,NA,NA,NA,NA
"112",993993,568,"Shai","Bolton","RIC","FWD","MID",11,NA,102,94.6667,110.333,108,512600,23345,"Pink Lloyd","Jordan",TRUE,"scoring","FWD"
"113",294859,752,"Jeremy","McGovern","WCE","DEF",NA,11,NA,NA,90.2857,101.667,97.6,484300,23413,"The West Wingard","Simon",FALSE,"non-scoring","DEF"
"114",997142,547,"Peter","Ladhams","PTA","RUC","FWD",11,NA,130,71,97.3333,71.4,377500,20323,"La MacRaena","Anthony",FALSE,"non-scoring","FWD"
"115",992242,653,"Jordan","Dawson","SYD","DEF",NA,11,NA,96,94.1818,107.333,102.2,490100,2016,"At Witts End","Paul",TRUE,"scoring","DEF"
"116",294685,129,"Zac","Williams","CAR","DEF",NA,11,NA,80,82.125,96.3333,81,420800,2016,"At Witts End","Paul",TRUE,"scoring","DEF"
"117",291771,209,"Devon","Smith","ESS","MID",NA,11,NA,NA,65.4444,56.6667,60,351600,NA,NA,NA,NA,NA,NA
"118",1000932,8,"Tom","Doedee","ADE","DEF",NA,11,NA,88,91.0909,94.6667,93.2,465700,6510,"The Big Short","Luke",TRUE,"scoring","DEF"
"119",998128,770,"Alex","Witherden","WCE","DEF",NA,11,NA,NA,91.2,88,91.2,428300,23345,"Pink Lloyd","Jordan",FALSE,"non-scoring","DEF"
"120",261323,419,"Ben","McEvoy","HAW","DEF","RUC",11,NA,102,84,82.6667,91.2,433600,2018,"Surviving J.Kelly","Mark",TRUE,"scoring","DEF"
"121",298419,339,"Brandan","Parfitt","GEE","MID",NA,11,NA,126,87.9,99.3333,87.6,425300,NA,NA,NA,NA,NA,NA
"122",298539,661,"Isaac","Heeney","SYD","FWD",NA,11,NA,128,82.2222,108,79.4,398000,2016,"At Witts End","Paul",TRUE,"scoring","FWD"
"123",998172,391,"Tim","Taranto","GWS","MID",NA,11,NA,87,101.364,95,110,526600,2016,"At Witts End","Paul",TRUE,"scoring","MID"
"124",296294,216,"Blake","Acres","FRE","MID",NA,11,NA,46,64.6364,65,64.4,349900,NA,NA,NA,NA,NA,NA
"125",992351,727,"Bailey","Williams","WBD","DEF",NA,11,NA,57,76.25,72,65.2,371900,20323,"La MacRaena","Anthony",TRUE,"scoring","DEF"
"126",291962,437,"Chad","Wingard","HAW","FWD",NA,11,NA,93,87.625,92.3333,85,433300,23413,"The West Wingard","Simon",TRUE,"scoring","FWD"
"127",998260,263,"Jack","Bowes","GCS","DEF",NA,11,NA,NA,97.2222,82.6667,82.6,466300,20240,"MakingTheirMarcus","James",FALSE,"non-scoring","DEF"
"128",293713,272,"Brandon","Ellis","GCS","MID",NA,11,NA,137,99.4545,98.3333,103.6,488600,6510,"The Big Short","Luke",TRUE,"scoring","MID"
"129",294307,616,"Brad","Crouch","STK","MID",NA,11,NA,126,91.4444,99,100.8,467100,20323,"La MacRaena","Anthony",TRUE,"scoring","MID"
"130",298268,739,"Liam","Duggan","WCE","DEF",NA,11,NA,NA,80.7143,91,87.6,450000,NA,NA,NA,NA,NA,NA
"131",295344,368,"Toby","Greene","GWS","FWD",NA,11,NA,NA,93.4444,80.3333,85,463100,2018,"Surviving J.Kelly","Mark",FALSE,"non-scoring","FWD"
"132",294101,705,"Jason","Johannisen","WBD","DEF",NA,11,NA,50,59.7778,77.3333,58,334100,NA,NA,NA,NA,NA,NA
"133",990290,733,"Tom","Barrass","WCE","DEF",NA,11,NA,75,78,68.3333,66,356000,NA,NA,NA,NA,NA,NA
"134",290627,594,"Dion","Prestia","RIC","MID",NA,11,NA,89,70.5,66.6667,70.5,394500,6510,"The Big Short","Luke",FALSE,"non-scoring","MID"
"135",990827,581,"Jack","Graham","RIC","MID",NA,11,NA,103,79.6364,87.6667,85.4,419400,NA,NA,NA,NA,NA,NA
"136",296190,109,"Jack","Martin","CAR","FWD",NA,11,NA,60,71.5,71.5,71.5,446300,2018,"Surviving J.Kelly","Mark",TRUE,"scoring","FWD"
"137",290032,584,"Kane","Lambert","RIC","FWD",NA,11,NA,NA,82.5,84.3333,85.6,447400,20323,"La MacRaena","Anthony",FALSE,"non-scoring","FWD"
"138",250321,342,"Joel","Selwood","GEE","MID",NA,11,NA,103,107.091,100,104.2,514300,2018,"Surviving J.Kelly","Mark",TRUE,"scoring","MID"
"139",250105,112,"Marc","Murphy","CAR","MID",NA,11,NA,11,61,59.6667,57.6,346300,NA,NA,NA,NA,NA,NA
"140",270896,576,"Trent","Cotchin","RIC","MID",NA,11,NA,113,83.7143,88,84,409100,NA,NA,NA,NA,NA,NA
"141",1005521,71,"Oscar","McInerney","BRL","RUC",NA,11,NA,99,80.4,78.3333,74.6,386600,NA,NA,NA,NA,NA,NA
"142",298174,591,"Toby","Nankervis","RIC","RUC",NA,11,NA,77,92.5455,92,84.6,468400,2018,"Surviving J.Kelly","Mark",TRUE,"scoring","RUC"
"143",1005054,139,"Josh","Daicos","COL","MID",NA,11,NA,45,67.9091,68.3333,74.2,371500,NA,NA,NA,NA,NA,NA
"144",991930,530,"Darcy","Byrne-Jones","PTA","DEF",NA,11,NA,90,78,79.3333,75.4,406900,NA,NA,NA,NA,NA,NA
"145",280921,487,"Ben","Cunnington","NTH","MID",NA,11,NA,113,103.333,129.667,120,549800,20323,"La MacRaena","Anthony",TRUE,"scoring","MID"
"146",1002264,612,"Hunter","Clark","STK","DEF",NA,11,NA,NA,85.7,74.3333,78,432500,2016,"At Witts End","Paul",FALSE,"non-scoring","DEF"
"147",290832,302,"David","Swallow","GCS","MID",NA,11,NA,100,93.7273,105.667,104.4,499700,6510,"The Big Short","Luke",TRUE,"scoring","MID"
"148",291748,38,"Brodie","Smith","ADE","DEF","MID",11,NA,56,81.5455,71.3333,70.4,395900,6510,"The Big Short","Luke",TRUE,"scoring","DEF"
"149",291351,407,"Jack","Gunston","HAW","FWD",NA,11,NA,NA,22,22,22,438200,NA,NA,NA,NA,NA,NA
"150",280744,396,"Luke","Breust","HAW","FWD",NA,11,NA,41,68.2727,66.3333,68.2,362700,NA,NA,NA,NA,NA,NA
"151",298421,620,"Jade","Gresham","STK","MID",NA,11,NA,NA,68.6667,68.6667,68.6667,415500,NA,NA,NA,NA,NA,NA
"152",1001398,107,"Matthew","Kennedy","CAR","FWD","MID",11,NA,NA,21,21,21,437500,NA,NA,NA,NA,NA,NA
"153",298630,194,"Kyle","Langford","ESS","FWD","MID",11,NA,125,83.5455,97.6667,91.2,432600,NA,NA,NA,NA,NA,NA
"154",298524,306,"Lachie","Weller","GCS","MID",NA,11,NA,72,77.1818,68.6667,74,382100,NA,NA,NA,NA,NA,NA
"155",993946,18,"Ben","Keays","ADE","MID",NA,11,NA,83,99.2727,94.3333,94.2,498200,20323,"La MacRaena","Anthony",TRUE,"scoring","MID"
"156",1009420,245,"Caleb","Serong","FRE","MID",NA,11,NA,59,75,65.6667,66.8,369700,NA,NA,NA,NA,NA,NA
"157",994185,140,"Jordan","De Goey","COL","FWD",NA,11,NA,88,64.2,67,74.2,337100,22859,"Ariana Grundy","Lester",TRUE,"scoring","FWD"
"158",298279,443,"Angus","Brayshaw","MEL","MID",NA,11,NA,73,71.5455,79.6667,73,367500,NA,NA,NA,NA,NA,NA
"159",290838,738,"Jack","Darling","WCE","FWD",NA,11,NA,24,83.6364,67.3333,81,434300,2016,"At Witts End","Paul",TRUE,"scoring","FWD"
"160",997033,226,"Brennan","Cox","FRE","DEF",NA,11,NA,79,70.6364,82.3333,77.6,388300,NA,NA,NA,NA,NA,NA
"161",1002267,488,"Luke","Davies-Uniacke","NTH","MID",NA,11,NA,80,75.2222,76.3333,70.2,371200,NA,NA,NA,NA,NA,NA
"162",270935,191,"Michael","Hurley","ESS","DEF",NA,11,NA,NA,0,0,0,431400,NA,NA,NA,NA,NA,NA
"163",297354,523,"Karl","Amon","PTA","MID",NA,11,NA,93,91.9091,76.3333,84.4,449500,22859,"Ariana Grundy","Lester",TRUE,"scoring","MID"
"164",1004095,286,"Jack","Lukosius","GCS","DEF",NA,11,NA,128,80.5455,93.3333,79.8,384000,NA,NA,NA,NA,NA,NA
"165",298288,159,"Darcy","Moore","COL","DEF",NA,11,NA,103,89.7273,106.667,94.8,454600,20323,"La MacRaena","Anthony",TRUE,"scoring","DEF"
"166",294733,35,"Paul","Seedsman","ADE","MID",NA,11,NA,57,93.2727,87.3333,87.6,469700,23413,"The West Wingard","Simon",TRUE,"scoring","MID"
"167",1003130,710,"Patrick","Lipinski","WBD","MID",NA,11,NA,89,70.25,62.3333,67.2,345000,NA,NA,NA,NA,NA,NA
"168",996765,676,"Tom","Papley","SYD","FWD",NA,11,NA,102,72.8182,83.6667,75.8,363200,NA,NA,NA,NA,NA,NA
"169",994389,641,"Jack","Sinclair","STK","MID",NA,11,NA,75,77.4545,87.3333,88,415500,NA,NA,NA,NA,NA,NA
"170",1005717,614,"Nick","Coffield","STK","DEF",NA,11,NA,57,62.6667,64,72.2,344500,NA,NA,NA,NA,NA,NA
"171",295446,267,"Sam","Collins","GCS","DEF",NA,11,NA,67,74.0909,69.3333,76.2,363800,NA,NA,NA,NA,NA,NA
"172",1004385,732,"Oscar","Allen","WCE","FWD",NA,11,NA,34,74.9091,65.6667,62.8,363400,2018,"Surviving J.Kelly","Mark",TRUE,"scoring","FWD"
"173",261892,542,"Hamish","Hartlett","PTA","DEF",NA,11,NA,NA,61.3333,58,59,326200,NA,NA,NA,NA,NA,NA
"174",298290,120,"Marc","Pittonet","CAR","RUC",NA,11,NA,52,84.0909,83.6667,82.8,429500,20240,"MakingTheirMarcus","James",FALSE,"non-scoring","RUC"
"175",280762,380,"Shane","Mumford","GWS","RUC",NA,11,NA,66,98,74.6667,92.6,449200,23345,"Pink Lloyd","Jordan",FALSE,"scoring","RUC"
"176",1002312,49,"Zac","Bailey","BRL","FWD","MID",11,NA,69,80.2727,81.3333,86,418600,6510,"The Big Short","Luke",TRUE,"scoring","FWD"
"177",998145,228,"Sean","Darcy","FRE","RUC",NA,11,NA,83,106.4,113.667,105.8,554600,2016,"At Witts End","Paul",TRUE,"scoring","RUC"
"178",280737,435,"Liam","Shiels","HAW","MID",NA,11,NA,90,78.7,78.6667,76,382600,NA,NA,NA,NA,NA,NA
"179",1002227,622,"Jack","Higgins","STK","FWD",NA,11,NA,68,65.8182,58.3333,69.4,334400,NA,NA,NA,NA,NA,NA
"180",298281,459,"Jake","Lever","MEL","DEF",NA,11,NA,103,92,99,80.4,432400,2018,"Surviving J.Kelly","Mark",TRUE,"scoring","DEF"
"181",1000223,566,"Liam","Baker","RIC","DEF",NA,11,NA,74,80.5455,97,89.6,450700,23413,"The West Wingard","Simon",TRUE,"scoring","DEF"
"182",290311,80,"Mitch","Robinson","BRL","MID",NA,11,NA,140,79.5455,114.333,95.6,442100,NA,NA,NA,NA,NA,NA
"183",293846,639,"Sebastian","Ross","STK","MID",NA,11,NA,72,84.2,83.3333,95,438500,2016,"At Witts End","Paul",TRUE,"scoring","MID"
"184",992374,608,"Dan","Butler","STK","FWD",NA,11,NA,79,54.0909,60,64.2,303400,NA,NA,NA,NA,NA,NA
"185",260930,579,"Shane","Edwards","RIC","MID",NA,11,NA,NA,89.25,81,87.4,448700,NA,NA,NA,NA,NA,NA
"186",297907,113,"Nic","Newman","CAR","DEF",NA,11,NA,80,84.3333,84.3333,84.3333,417100,23345,"Pink Lloyd","Jordan",TRUE,"scoring","DEF"
"187",990740,237,"Rory","Lobb","FRE","RUC","FWD",11,NA,51,72.1429,78.6667,78.6,398200,NA,NA,NA,NA,NA,NA
"188",294737,683,"Callum","Sinclair","SYD","RUC",NA,11,NA,86,82,73,82,4e+05,NA,NA,NA,NA,NA,NA
"189",1000959,401,"James","Cousins","HAW","MID",NA,11,NA,71,78.1667,83,80.4,414400,NA,NA,NA,NA,NA,NA
"190",1009199,260,"Noah","Anderson","GCS","MID",NA,11,NA,79,84.1818,77.3333,73.4,402300,NA,NA,NA,NA,NA,NA
"191",280109,393,"Callan","Ward","GWS","MID",NA,11,NA,125,94.2727,118.333,106.6,494400,23345,"Pink Lloyd","Jordan",TRUE,"scoring","MID"
"192",1004364,760,"Liam","Ryan","WCE","FWD",NA,11,NA,32,51,36.3333,47.2,301300,22859,"Ariana Grundy","Lester",TRUE,"scoring","FWD"
"193",293651,694,"Hayden","Crozier","WBD","DEF",NA,11,NA,118,75.7143,88.6667,78.2,384000,NA,NA,NA,NA,NA,NA
"194",296422,644,"Callum","Wilkie","STK","DEF",NA,11,NA,87,70.1818,54.3333,71.4,338100,NA,NA,NA,NA,NA,NA
"195",998103,654,"Oliver","Florent","SYD","MID",NA,11,NA,79,81.8182,77.6667,83.2,397200,NA,NA,NA,NA,NA,NA
"196",270938,21,"Tom","Lynch","ADE","FWD",NA,11,NA,NA,62.8333,48.6667,53,338500,NA,NA,NA,NA,NA,NA
"197",996442,651,"Ryan","Clarke","SYD","MID",NA,11,NA,NA,12,12,12,407800,NA,NA,NA,NA,NA,NA
"198",998130,259,"Ben","Ainsworth","GCS","FWD",NA,11,NA,NA,52.125,41.6667,51.6,291000,NA,NA,NA,NA,NA,NA
"199",1006126,681,"James","Rowbottom","SYD","MID",NA,11,NA,80,85.2857,82,83,422400,23413,"The West Wingard","Simon",TRUE,"scoring","MID"
"200",1008089,164,"Isaac","Quaynor","COL","DEF",NA,11,NA,91,76.0909,73.6667,73.2,374300,NA,NA,NA,NA,NA,NA
"201",292511,351,"Zach","Tuohy","GEE","MID",NA,11,NA,126,85.8,108.667,98.8,454900,2016,"At Witts End","Paul",FALSE,"scoring","MID"
"202",295067,217,"James","Aish","FRE","MID",NA,11,NA,100,64.7273,77.3333,73.8,351000,NA,NA,NA,NA,NA,NA
"203",993979,557,"Sam","Powell-Pepper","PTA","FWD","MID",11,NA,130,88.2,103.667,88.2,424100,2018,"Surviving J.Kelly","Mark",TRUE,"scoring","FWD"
"204",290787,481,"Shaun","Atley","NTH","DEF",NA,11,NA,68,78.0909,68.6667,69.2,370500,NA,NA,NA,NA,NA,NA
"205",293854,248,"Matt","Taberner","FRE","FWD",NA,11,NA,NA,71.6,55.6667,63.6,357100,NA,NA,NA,NA,NA,NA
"206",998529,602,"Ivan","Soldo","RIC","RUC",NA,11,NA,NA,0,0,0,403000,NA,NA,NA,NA,NA,NA
"207",996487,430,"Tom","Phillips","HAW","FWD","MID",11,NA,72,70.6364,70.3333,65.6,347800,NA,NA,NA,NA,NA,NA
"208",291773,114,"Jack","Newnes","CAR","MID","FWD",11,NA,NA,70.375,60,61.4,336600,NA,NA,NA,NA,NA,NA
"209",296200,103,"Michael","Gibbons","CAR","FWD",NA,11,NA,44,64.5455,57,62.4,313400,NA,NA,NA,NA,NA,NA
"210",993832,128,"Jacob","Weitering","CAR","DEF",NA,11,NA,78,87.9091,61.6667,88,437400,23345,"Pink Lloyd","Jordan",TRUE,"scoring","DEF"
"211",291978,652,"Harry","Cunningham","SYD","DEF",NA,11,NA,124,65.5455,83.6667,80.2,359600,NA,NA,NA,NA,NA,NA
"212",994539,118,"Sam","Petrevski-Seton","CAR","DEF",NA,11,NA,NA,59,46.3333,53.6,313300,NA,NA,NA,NA,NA,NA
"213",290198,565,"David","Astbury","RIC","DEF",NA,11,NA,NA,59.9,52,59.2,309400,NA,NA,NA,NA,NA,NA
"214",998114,433,"Jack","Scrimshaw","HAW","DEF",NA,11,NA,91,82,101.667,99.4,466200,2016,"At Witts End","Paul",TRUE,"scoring","DEF"
"215",1006096,534,"Xavier","Duursma","PTA","MID",NA,11,NA,NA,73,80.3333,73,390500,NA,NA,NA,NA,NA,NA
"216",294877,344,"Isaac","Smith","GEE","FWD","MID",11,NA,88,79.9091,77,78.4,396000,6510,"The Big Short","Luke",FALSE,"non-scoring","FWD"
"217",298298,754,"Jackson","Nelson","WCE","DEF",NA,11,NA,80,55.6364,56.3333,58.4,276900,NA,NA,NA,NA,NA,NA
"218",990609,54,"Charlie","Cameron","BRL","FWD",NA,11,NA,97,68.0909,74,87.2,386400,NA,NA,NA,NA,NA,NA
"219",294429,617,"Luke","Dunstan","STK","MID",NA,11,NA,131,87.5,87.5,87.5,395400,NA,NA,NA,NA,NA,NA
"220",294125,257,"Nathan","Wilson","FRE","DEF",NA,11,NA,43,68.7,61.6667,72,362100,NA,NA,NA,NA,NA,NA
"221",999827,101,"Zac","Fisher","CAR","FWD",NA,11,NA,NA,70,70,70,394200,2018,"Surviving J.Kelly","Mark",FALSE,"non-scoring","FWD"
"222",250362,22,"David","Mackay","ADE","DEF",NA,11,NA,56,63.8333,63.3333,66.8,341200,NA,NA,NA,NA,NA,NA
"223",1000072,161,"John","Noble","COL","DEF",NA,11,NA,73,74.2727,71.3333,75.8,372100,NA,NA,NA,NA,NA,NA
"224",1002235,77,"Cam","Rayner","BRL","FWD",NA,11,NA,NA,0,0,0,392900,NA,NA,NA,NA,NA,NA
"225",291357,341,"Gary","Rohan","GEE","FWD",NA,11,NA,53,74.1111,62,77.2,404700,NA,NA,NA,NA,NA,NA
"226",296735,493,"Aaron","Hall","NTH","FWD",NA,11,NA,121,90.3333,112.333,111.2,502100,2016,"At Witts End","Paul",TRUE,"scoring","FWD"
"227",993953,62,"Eric","Hipwood","BRL","FWD",NA,11,NA,71,65.9091,85.6667,69.6,359800,NA,NA,NA,NA,NA,NA
"228",298211,321,"Darcy","Fort","GEE","RUC",NA,11,NA,NA,0,0,0,390700,NA,NA,NA,NA,NA,NA
"229",1006159,406,"Damon","Greaves","HAW","DEF",NA,11,NA,34,37,37,37,389700,NA,NA,NA,NA,NA,NA
"230",290527,553,"Trent","McKenzie","PTA","DEF",NA,11,NA,103,96.5,96.5,96.5,388300,NA,NA,NA,NA,NA,NA
"231",296371,219,"Brett","Bewley","FRE","FWD","MID",11,NA,NA,0,0,0,388200,NA,NA,NA,NA,NA,NA
"232",293845,312,"Jeremy","Cameron","GEE","FWD",NA,11,NA,74,79.1667,68.6667,78.4,398600,2018,"Surviving J.Kelly","Mark",TRUE,"scoring","FWD"
"233",291327,400,"Jonathon","Ceglar","HAW","RUC",NA,11,NA,NA,70.25,65,70.25,369800,NA,NA,NA,NA,NA,NA
"234",281078,105,"Liam","Jones","CAR","DEF",NA,11,NA,51,64.5455,48.3333,54.4,301400,NA,NA,NA,NA,NA,NA
"235",1004938,334,"Gryan","Miers","GEE","FWD",NA,11,NA,NA,63.4286,69.3333,70.8,369400,NA,NA,NA,NA,NA,NA
"236",993771,593,"Marlion","Pickett","RIC","MID",NA,11,NA,NA,69.3,62,72.6,358800,NA,NA,NA,NA,NA,NA
"237",291848,655,"Robbie","Fox","SYD","DEF",NA,11,NA,NA,48.3333,48.3333,48.3333,348400,NA,NA,NA,NA,NA,NA
"238",1008550,402,"Will","Day","HAW","DEF",NA,11,NA,NA,88.5,88.5,88.5,384400,NA,NA,NA,NA,NA,NA
"239",1011936,669,"Justin","McInerney","SYD","MID",NA,11,NA,74,72,79.6667,72,362700,NA,NA,NA,NA,NA,NA
"240",993917,630,"Ben","Long","STK","DEF",NA,11,NA,NA,32.3333,16.3333,23,206100,NA,NA,NA,NA,NA,NA
"241",280819,582,"Dylan","Grimes","RIC","DEF",NA,11,NA,83,64.9,73,67.8,344900,NA,NA,NA,NA,NA,NA
"242",996580,236,"Ethan","Hughes","FRE","DEF",NA,11,NA,NA,65.2857,65.3333,64,361000,NA,NA,NA,NA,NA,NA
"243",294592,588,"Kamdyn","McIntosh","RIC","MID",NA,11,NA,67,64.6,82.3333,73.8,353600,NA,NA,NA,NA,NA,NA
"244",294508,486,"Aidan","Corr","NTH","DEF",NA,11,NA,NA,80.5,80.5,80.5,381100,NA,NA,NA,NA,NA,NA
"245",1007102,337,"Mark","O'Connor","GEE","DEF",NA,11,NA,NA,84.8,88,84.8,421300,NA,NA,NA,NA,NA,NA
"246",1010841,152,"Jack","Madgen","COL","DEF",NA,11,NA,22,49,35,42,265900,NA,NA,NA,NA,NA,NA
"247",291548,64,"Ryan","Lester","BRL","DEF",NA,11,NA,NA,58.3333,39.3333,49.6,293100,NA,NA,NA,NA,NA,NA
"248",291545,724,"Mitch","Wallis","WBD","FWD",NA,11,NA,NA,45.5,45.5,45.5,379900,NA,NA,NA,NA,NA,NA
"249",210012,399,"Shaun","Burgoyne","HAW","FWD",NA,11,NA,52,57.3333,53,58,324300,NA,NA,NA,NA,NA,NA
"250",1005577,181,"Sam","Draper","ESS","RUC",NA,11,NA,NA,49.5,49.5,49.5,378100,22859,"Ariana Grundy","Lester",FALSE,"non-scoring","RUC"
"251",290160,450,"Michael","Hibberd","MEL","DEF",NA,11,NA,45,60.4286,51.6667,60,312300,NA,NA,NA,NA,NA,NA
"252",281373,757,"Jack","Redden","WCE","MID",NA,11,NA,88,91.5455,93.3333,90.8,465900,2018,"Surviving J.Kelly","Mark",TRUE,"scoring","MID"
"253",270326,325,"Lachie","Henderson","GEE","DEF",NA,11,NA,69,82.1818,92.3333,84.4,435100,2018,"Surviving J.Kelly","Mark",TRUE,"scoring","DEF"
"254",1004998,551,"Todd","Marshall","PTA","FWD",NA,11,NA,62,67.3333,56.3333,61.8,336600,NA,NA,NA,NA,NA,NA
"255",1001299,559,"Connor","Rozee","PTA","FWD",NA,11,NA,39,59.6667,49.3333,65.8,329500,NA,NA,NA,NA,NA,NA
"256",298144,673,"Sam","Naismith","SYD","RUC",NA,11,NA,NA,0,0,0,376100,NA,NA,NA,NA,NA,NA
"257",240302,53,"Grant","Birchall","BRL","DEF",NA,11,NA,46,69.0909,68.6667,77.8,385200,NA,NA,NA,NA,NA,NA
"258",291526,316,"Luke","Dahlhaus","GEE","FWD",NA,11,NA,42,57.4,41,59,300900,NA,NA,NA,NA,NA,NA
"259",294036,662,"George","Hewett","SYD","MID",NA,11,NA,61,54.8889,64,57.4,285500,NA,NA,NA,NA,NA,NA
"260",292145,545,"Tom","Jonas","PTA","DEF",NA,11,NA,89,79.5455,69.6667,78.2,395900,NA,NA,NA,NA,NA,NA
"261",1002245,567,"Noah","Balta","RIC","DEF",NA,11,NA,90,66.7273,77.6667,72,322400,NA,NA,NA,NA,NA,NA
"262",290826,737,"Jamie","Cripps","WCE","FWD",NA,11,NA,57,75.3636,78.6667,76,378800,NA,NA,NA,NA,NA,NA
"263",280416,154,"Chris","Mayne","COL","MID",NA,11,NA,142,96.25,122,109.4,492700,22859,"Ariana Grundy","Lester",TRUE,"scoring","MID"
"264",993794,409,"Blake","Hardwick","HAW","DEF",NA,11,NA,74,97.4545,101.667,97.6,504200,22859,"Ariana Grundy","Lester",TRUE,"scoring","DEF"
"265",290314,376,"Lachlan","Keeffe","GWS","DEF",NA,11,NA,NA,63.125,58.3333,67,335500,NA,NA,NA,NA,NA,NA
"266",270588,190,"Cale","Hooker","ESS","DEF",NA,11,NA,96,68.7273,79,74,342000,NA,NA,NA,NA,NA,NA
"267",290641,611,"Jake","Carlisle","STK","DEF",NA,11,NA,NA,60.5,50,60.5,340600,NA,NA,NA,NA,NA,NA
"268",1001195,296,"Izak","Rankine","GCS","FWD",NA,11,NA,102,61.0909,56.3333,54.8,284100,NA,NA,NA,NA,NA,NA
"269",294092,197,"Anthony","McDonald-Tipungwuti","ESS","FWD",NA,11,NA,93,77.9091,82.3333,78.2,393300,NA,NA,NA,NA,NA,NA
"270",290823,225,"Reece","Conca","FRE","DEF",NA,11,NA,NA,59.125,61,56.6,310600,NA,NA,NA,NA,NA,NA
"271",1002220,340,"Esava","Ratugolea","GEE","RUC","FWD",11,NA,41,63.25,67.6667,63.25,358700,NA,NA,NA,NA,NA,NA
"272",990606,210,"Will","Snelling","ESS","FWD",NA,11,NA,53,76.4545,72.3333,75.4,385000,NA,NA,NA,NA,NA,NA
"273",997206,26,"Andrew","McPherson","ADE","DEF",NA,11,NA,NA,43.875,41.6667,46.2,248500,NA,NA,NA,NA,NA,NA
"274",293813,585,"Tom J.","Lynch","RIC","FWD",NA,11,NA,NA,62.5,55,61.2,318800,NA,NA,NA,NA,NA,NA
"275",996483,713,"Toby","McLean","WBD","FWD",NA,11,NA,NA,0,0,0,366700,NA,NA,NA,NA,NA,NA
"276",291849,158,"Brody","Mihocek","COL","FWD",NA,11,NA,48,58.4545,39.6667,56,275900,NA,NA,NA,NA,NA,NA
"277",993828,67,"Rhys","Mathieson","BRL","FWD","MID",11,NA,77,78.4,74.3333,78.4,375700,23345,"Pink Lloyd","Jordan",TRUE,"scoring","FWD"
"278",297406,180,"Tom","Cutler","ESS","MID",NA,11,NA,NA,29.5,29.5,29.5,364700,NA,NA,NA,NA,NA,NA
"279",993820,736,"Tom","Cole","WCE","DEF",NA,11,NA,62,53.5455,51.6667,48.4,254200,NA,NA,NA,NA,NA,NA
"280",294596,636,"Tim","Membrey","STK","FWD",NA,11,NA,132,78.1818,90,76.8,363400,22859,"Ariana Grundy","Lester",TRUE,"scoring","FWD"
"281",293193,3,"Luke","Brown","ADE","DEF",NA,11,NA,37,60,64,62,340100,NA,NA,NA,NA,NA,NA
"282",998134,606,"Josh","Battle","STK","FWD","MID",11,NA,68,67,68,62.4,338600,NA,NA,NA,NA,NA,NA
"283",296269,61,"Darcy","Gardiner","BRL","DEF",NA,11,NA,NA,60.8,58,60.8,296200,NA,NA,NA,NA,NA,NA
"284",293801,141,"Jamie","Elliott","COL","FWD","MID",11,NA,NA,52,52,52,362700,NA,NA,NA,NA,NA,NA
"285",1001438,447,"Bayley","Fritsch","MEL","FWD",NA,11,NA,89,66.3,62,63,317900,NA,NA,NA,NA,NA,NA
"286",1007881,295,"Wil","Powell","GCS","DEF",NA,11,NA,74,81.7273,74.6667,86.6,415800,2016,"At Witts End","Paul",TRUE,"scoring","DEF"
"287",1000963,424,"Harry","Morrison","HAW","DEF","MID",11,NA,NA,67.4,64.3333,54.2,308700,NA,NA,NA,NA,NA,NA
"288",1005199,15,"Elliott","Himmelberg","ADE","FWD",NA,11,NA,NA,46,46,46,325100,NA,NA,NA,NA,NA,NA
"289",1002251,361,"Brent","Daniels","GWS","FWD",NA,11,NA,NA,52,54.3333,54.2,319000,NA,NA,NA,NA,NA,NA
"290",993107,371,"Harry","Himmelberg","GWS","FWD",NA,11,NA,67,69.5455,58,68,329000,NA,NA,NA,NA,NA,NA
"291",993480,625,"Dougal","Howard","STK","DEF",NA,11,NA,57,83.4545,66.6667,75.4,387100,23413,"The West Wingard","Simon",TRUE,"scoring","DEF"
"292",294624,121,"Lachie","Plowman","CAR","DEF",NA,11,NA,NA,57.3,46,42,257100,NA,NA,NA,NA,NA,NA
"293",298470,23,"Shane","McAdam","ADE","FWD",NA,11,NA,16,48.6,54.3333,49.4,267100,NA,NA,NA,NA,NA,NA
"294",280934,41,"Daniel","Talia","ADE","DEF",NA,11,NA,NA,0,0,0,354600,NA,NA,NA,NA,NA,NA
"295",293581,68,"Lincoln","McCarthy","BRL","FWD",NA,11,NA,79,79.5455,72.3333,77.8,398600,23413,"The West Wingard","Simon",TRUE,"scoring","FWD"
"296",998115,229,"Taylin","Duman","FRE","DEF",NA,11,NA,48,53,56.3333,53,320000,NA,NA,NA,NA,NA,NA
"297",1002240,509,"Jaidyn","Stephenson","NTH","FWD",NA,11,NA,NA,80.25,82.6667,80.2,392400,20240,"MakingTheirMarcus","James",TRUE,"non-scoring","FWD"
"298",295584,624,"Bradley","Hill","STK","MID",NA,11,NA,41,66.9091,58.6667,75,359000,NA,NA,NA,NA,NA,NA
"299",298437,46,"Callum","Ah Chee","BRL","DEF",NA,11,NA,55,53.3,47,56.4,278000,NA,NA,NA,NA,NA,NA
"300",294068,204,"Andrew","Phillips","ESS","RUC",NA,11,NA,78,81.4,73.6667,81.4,374100,NA,NA,NA,NA,NA,NA
"301",270951,214,"David","Zaharakis","ESS","FWD",NA,11,NA,50,61.5,71,61.5,348100,NA,NA,NA,NA,NA,NA
"302",1009528,367,"Tom","Green","GWS","MID",NA,11,NA,60,80,84.6667,93.8,436200,22859,"Ariana Grundy","Lester",TRUE,"scoring","MID"
"303",992000,631,"Jack","Lonie","STK","FWD",NA,11,NA,NA,47.875,43.6667,47.2,265600,NA,NA,NA,NA,NA,NA
"304",1004940,343,"Sam","Simpson","GEE","FWD",NA,11,NA,NA,52,52,52,350600,NA,NA,NA,NA,NA,NA
"305",1009378,470,"Trent","Rivers","MEL","DEF",NA,11,NA,72,62.4545,64.3333,62.4,314700,NA,NA,NA,NA,NA,NA
"306",281124,91,"Levi","Casboult","CAR","FWD",NA,11,NA,38,44.5,52,47.6,256800,NA,NA,NA,NA,NA,NA
"307",1002770,133,"Callum L.","Brown","COL","FWD",NA,11,NA,39,47.7,43.3333,38.8,223600,NA,NA,NA,NA,NA,NA
"308",295203,569,"Nathan","Broad","RIC","DEF",NA,11,NA,101,76.4545,91,91.6,408400,NA,NA,NA,NA,NA,NA
"309",1006103,177,"Jye","Caldwell","ESS","FWD","MID",11,NA,NA,70,70,70,348600,NA,NA,NA,NA,NA,NA
"310",998109,178,"Dylan","Clarke","ESS","MID","FWD",11,NA,NA,0,0,0,348600,NA,NA,NA,NA,NA,NA
"311",993816,251,"Darcy","Tucker","FRE","MID",NA,11,NA,64,63.4,61,63.4,327300,NA,NA,NA,NA,NA,NA
"312",298111,364,"Jeremy","Finlayson","GWS","FWD",NA,11,NA,51,77.1429,77,68.2,367400,NA,NA,NA,NA,NA,NA
"313",240406,750,"Josh J.","Kennedy","WCE","FWD",NA,11,NA,68,67.4,65.6667,72.6,343400,NA,NA,NA,NA,NA,NA
"314",998129,264,"Will","Brodie","GCS","MID","FWD",11,NA,NA,47,47,47,317800,NA,NA,NA,NA,NA,NA
"315",297899,449,"James","Harmes","MEL","DEF",NA,11,NA,116,95.2,93.3333,95.2,424200,6510,"The Big Short","Luke",FALSE,"non-scoring","DEF"
"316",250395,596,"Jack","Riewoldt","RIC","FWD",NA,11,NA,140,71.9091,90,68.8,331800,NA,NA,NA,NA,NA,NA
"317",1004985,637,"Ben","Paton","STK","DEF",NA,11,NA,NA,0,0,0,344200,NA,NA,NA,NA,NA,NA
"318",1006136,36,"Lachlan","Sholl","ADE","DEF","MID",11,NA,54,79.0909,62.6667,60.6,356900,23345,"Pink Lloyd","Jordan",TRUE,"scoring","DEF"
"319",293603,552,"Sam","Mayes","PTA","DEF",NA,11,NA,NA,25,25,25,285700,NA,NA,NA,NA,NA,NA
"320",290085,698,"Taylor","Duryea","WBD","DEF","FWD",11,NA,47,73,64.6667,62.4,354300,20240,"MakingTheirMarcus","James",TRUE,"scoring","FWD"
"321",293883,309,"Jed","Bews","GEE","DEF",NA,11,NA,46,49.8182,52.3333,51.8,267300,NA,NA,NA,NA,NA,NA
"322",1000981,597,"Daniel","Rioli","RIC","FWD",NA,11,NA,NA,54.4444,56.6667,54.8,295200,NA,NA,NA,NA,NA,NA
"323",991933,571,"Jason","Castagna","RIC","FWD",NA,11,NA,55,58.8182,66.3333,52.6,285100,NA,NA,NA,NA,NA,NA
"324",993795,94,"David","Cuningham","CAR","FWD",NA,11,NA,NA,59.5,57,59.5,338100,NA,NA,NA,NA,NA,NA
"325",997933,238,"Griffin","Logue","FRE","DEF",NA,11,NA,NA,58.6667,80.3333,60,310700,NA,NA,NA,NA,NA,NA
"326",290117,621,"Dan","Hannebery","STK","MID",NA,11,NA,NA,0,0,0,338500,NA,NA,NA,NA,NA,NA
"327",280336,235,"Stephen","Hill","FRE","DEF",NA,11,NA,NA,0,0,0,338000,NA,NA,NA,NA,NA,NA
"328",293479,59,"Cameron","Ellis-Yolmen","BRL","FWD","MID",11,NA,NA,0,0,0,337800,NA,NA,NA,NA,NA,NA
"329",998484,521,"Cameron","Zurhaar","NTH","FWD",NA,11,NA,70,48.1,72.3333,62.8,290100,NA,NA,NA,NA,NA,NA
"330",1004848,684,"Dylan","Stephens","SYD","MID",NA,11,NA,29,36,44.6667,36,279700,NA,NA,NA,NA,NA,NA
"331",291720,146,"Will","Hoskin-Elliott","COL","FWD",NA,11,NA,45,66.9,77.3333,71.2,367300,NA,NA,NA,NA,NA,NA
"332",271015,363,"Matt","de Boer","GWS","MID",NA,11,NA,NA,54.6667,54.6667,54.6667,322200,NA,NA,NA,NA,NA,NA
"333",1008123,385,"Jake","Riccardi","GWS","FWD",NA,11,NA,38,42.1667,40.6667,41.6,239400,NA,NA,NA,NA,NA,NA
"334",294504,531,"Tom","Clurey","PTA","DEF",NA,11,NA,NA,70,57.3333,67.6,367900,NA,NA,NA,NA,NA,NA
"335",294570,628,"Dean","Kent","STK","FWD",NA,11,NA,NA,0,0,0,335200,NA,NA,NA,NA,NA,NA
"336",290623,570,"Josh","Caddy","RIC","MID",NA,11,NA,103,81.25,83,81.25,364500,NA,NA,NA,NA,NA,NA
"337",297504,72,"Daniel","McStay","BRL","FWD",NA,11,NA,66,72.5714,86,77,385900,NA,NA,NA,NA,NA,NA
"338",1002143,500,"Ben","McKay","NTH","DEF",NA,11,NA,44,60.8182,56.6667,60.6,322500,NA,NA,NA,NA,NA,NA
"339",1006133,599,"Jack","Ross","RIC","MID",NA,11,NA,NA,42.6667,49.3333,41.6,250800,NA,NA,NA,NA,NA,NA
"340",1006058,506,"Bailey","Scott","NTH","FWD","MID",11,NA,52,51.5,38.3333,43.2,255600,NA,NA,NA,NA,NA,NA
"341",997823,759,"Josh","Rotham","WCE","DEF",NA,11,NA,107,71.2727,86.3333,81.4,367000,NA,NA,NA,NA,NA,NA
"342",297452,188,"Nick","Hind","ESS","FWD",NA,11,NA,90,93.2727,103.667,99,486900,6510,"The Big Short","Luke",TRUE,"scoring","FWD"
"343",290675,379,"Daniel","Lloyd","GWS","FWD",NA,11,NA,47,75.25,77,75.25,363700,NA,NA,NA,NA,NA,NA
"344",997078,205,"Mason","Redman","ESS","DEF",NA,11,NA,84,73.5,94,81.2,406800,NA,NA,NA,NA,NA,NA
"345",296291,331,"Jake","Kolodjashnij","GEE","DEF",NA,11,NA,72,66.75,48.3333,60.4,304900,NA,NA,NA,NA,NA,NA
"346",294643,299,"Alex","Sexton","GCS","FWD",NA,11,NA,96,53.1429,58,50.4,260700,NA,NA,NA,NA,NA,NA
"347",1002404,715,"Aaron","Naughton","WBD","FWD",NA,11,NA,76,85.1818,88,81.4,419100,23413,"The West Wingard","Simon",TRUE,"scoring","FWD"
"348",291550,515,"Josh","Walker","NTH","DEF",NA,11,NA,55,56.6,68.3333,64.6,315500,NA,NA,NA,NA,NA,NA
"349",992786,564,"Jake","Aarts","RIC","FWD",NA,11,NA,79,63.2727,79,77,354600,NA,NA,NA,NA,NA,NA
"350",1004863,16,"Mitchell","Hinge","ADE","MID",NA,11,NA,NA,31,31,31,328800,NA,NA,NA,NA,NA,NA
"351",1000998,28,"Lachlan","Murphy","ADE","FWD",NA,11,NA,NA,55.125,40.6667,52.6,289300,NA,NA,NA,NA,NA,NA
"352",297456,281,"Nick","Holman","GCS","FWD",NA,11,NA,61,62.7,72,75.2,351100,NA,NA,NA,NA,NA,NA
"353",290188,679,"Sam","Reid","SYD","FWD",NA,11,NA,NA,90.3333,107.667,93.2,455300,2018,"Surviving J.Kelly","Mark",TRUE,"non-scoring","FWD"
"354",1006143,629,"Max","King","STK","FWD",NA,11,NA,34,55.6,42,51.6,272400,NA,NA,NA,NA,NA,NA
"355",994077,572,"Mabior","Chol","RIC","RUC","FWD",11,NA,65,65,65,65,327200,NA,NA,NA,NA,NA,NA
"356",997100,660,"Will","Hayward","SYD","FWD",NA,11,NA,80,67.5714,63.6667,64.8,326500,NA,NA,NA,NA,NA,NA
"357",1000937,326,"Jack","Henry","GEE","DEF",NA,11,NA,70,80.8,77.3333,82.8,403900,NA,NA,NA,NA,NA,NA
"358",996743,671,"Lewis","Melican","SYD","DEF",NA,11,NA,NA,61,61,61,320100,NA,NA,NA,NA,NA,NA
"359",996232,185,"Matt","Guelfi","ESS","DEF",NA,11,NA,54,53.2222,56,59,290000,NA,NA,NA,NA,NA,NA
"360",291819,476,"Adam","Tomlinson","MEL","DEF","MID",11,NA,NA,56.2857,49.3333,48.8,290300,NA,NA,NA,NA,NA,NA
"361",290797,707,"Alex","Keath","WBD","DEF",NA,11,NA,39,82.8182,59.6667,81,4e+05,23413,"The West Wingard","Simon",TRUE,"scoring","DEF"
"362",996554,767,"Jake","Waterman","WCE","FWD",NA,11,NA,75,53,65,61.4,291300,NA,NA,NA,NA,NA,NA
"363",294828,330,"Josh","Jenkins","GEE","RUC","FWD",11,NA,NA,43,43,43,323400,NA,NA,NA,NA,NA,NA
"364",1005247,392,"Sam","Taylor","GWS","DEF",NA,11,NA,NA,80.9,74.3333,84,418300,NA,NA,NA,NA,NA,NA
"365",291533,462,"Tom","McDonald","MEL","FWD",NA,11,NA,90,91.7273,95.6667,88.8,471700,20323,"La MacRaena","Anthony",TRUE,"scoring","FWD"
"366",294469,522,"Aliir","Aliir","PTA","DEF",NA,11,NA,67,90.2727,80.3333,84.6,442700,22859,"Ariana Grundy","Lester",TRUE,"scoring","DEF"
"367",1009253,353,"Lachie","Ash","GWS","DEF",NA,11,NA,99,87.4545,81.6667,79.6,418700,20240,"MakingTheirMarcus","James",TRUE,"scoring","DEF"
"368",260113,619,"Jarryn","Geary","STK","DEF",NA,11,NA,63,58,58,58,320400,NA,NA,NA,NA,NA,NA
"369",990816,183,"Aaron","Francis","ESS","DEF",NA,11,NA,NA,62,59.3333,55.4,303000,NA,NA,NA,NA,NA,NA
"370",1000953,111,"Harry","McKay","CAR","FWD",NA,11,NA,79,83.9091,64.3333,73.8,388800,23345,"Pink Lloyd","Jordan",TRUE,"scoring","FWD"
"371",1002228,102,"Lachie","Fogarty","CAR","FWD",NA,11,NA,54,72.0909,65.3333,59.6,322800,NA,NA,NA,NA,NA,NA
"372",290629,187,"Dyson","Heppell","ESS","MID",NA,11,NA,134,97.3333,108.667,99.6,468200,23413,"The West Wingard","Simon",TRUE,"scoring","MID"
"373",992128,528,"Ryan","Burton","PTA","DEF",NA,11,NA,54,71.7273,48.3333,52.8,320700,NA,NA,NA,NA,NA,NA
"374",1006028,647,"Nick","Blakey","SYD","FWD","MID",11,NA,NA,45.875,35.3333,40.2,238600,NA,NA,NA,NA,NA,NA
"375",994599,526,"Riley","Bonner","PTA","DEF",NA,11,NA,61,58.25,53.6667,58.25,299500,NA,NA,NA,NA,NA,NA
"376",295313,706,"Lin","Jong","WBD","MID","FWD",11,NA,NA,15,15,15,318100,NA,NA,NA,NA,NA,NA
"377",294077,411,"Michael","Hartley","HAW","DEF",NA,11,NA,NA,75.3333,75.3333,75.3333,333700,NA,NA,NA,NA,NA,NA
"378",1010174,539,"Mitch","Georgiades","PTA","FWD",NA,11,NA,48,64.3,58.3333,56,313100,NA,NA,NA,NA,NA,NA
"379",1003203,670,"Hayden","McLean","SYD","FWD",NA,11,NA,36,53,56.6667,56.4,296500,NA,NA,NA,NA,NA,NA
"380",1006232,687,"Sam","Wicks","SYD","FWD",NA,11,NA,63,62.6364,60,52,288700,NA,NA,NA,NA,NA,NA
"381",1006137,511,"Curtis","Taylor","NTH","FWD",NA,11,NA,49,43.5,43.3333,35.6,222900,NA,NA,NA,NA,NA,NA
"382",1008543,34,"Harry","Schoenberg","ADE","FWD",NA,11,NA,56,68.3636,52.6667,64.2,329900,NA,NA,NA,NA,NA,NA
"383",298358,288,"Oleg","Markov","GCS","DEF",NA,11,NA,103,84.5455,84.3333,88,425200,NA,NA,NA,NA,NA,NA
"384",290228,410,"Kyle","Hartigan","HAW","DEF",NA,11,NA,NA,46.7,36,41.2,222100,NA,NA,NA,NA,NA,NA
"385",1003029,169,"Brayden","Sier","COL","MID",NA,11,NA,70,48.5,42,50.8,258500,NA,NA,NA,NA,NA,NA
"386",991939,693,"Zaine","Cordy","WBD","DEF",NA,11,NA,81,69,83.3333,73.2,362200,NA,NA,NA,NA,NA,NA
"387",998167,130,"Tom","Williamson","CAR","DEF",NA,11,NA,NA,36.6667,36.6667,36.6667,280900,NA,NA,NA,NA,NA,NA
"388",1008198,667,"Tom","McCartin","SYD","FWD",NA,11,NA,52,70.1,70.3333,65.8,343200,NA,NA,NA,NA,NA,NA
"389",1009399,453,"Luke","Jackson","MEL","FWD",NA,11,NA,36,68.9,56.3333,78.2,371500,NA,NA,NA,NA,NA,NA
"390",990882,27,"Wayne","Milera","ADE","DEF",NA,11,NA,NA,0,0,0,312200,NA,NA,NA,NA,NA,NA
"391",998647,137,"Mason","Cox","COL","FWD",NA,11,NA,NA,59.5,56.6667,59.5,307200,NA,NA,NA,NA,NA,NA
"392",240399,656,"Lance","Franklin","SYD","FWD",NA,11,NA,90,84.7143,94,91,404100,20323,"La MacRaena","Anthony",TRUE,"scoring","FWD"
"393",280012,166,"Jordan","Roughead","COL","DEF",NA,11,NA,83,71.3,80.6667,73.6,350900,NA,NA,NA,NA,NA,NA
"394",1008171,134,"Tyler","Brown","COL","MID",NA,11,NA,NA,51.5,55,51.2,281400,NA,NA,NA,NA,NA,NA
"395",296324,372,"Jesse","Hogan","GWS","FWD",NA,11,NA,NA,90.5,90.5,90.5,310800,NA,NA,NA,NA,NA,NA
"396",1000972,533,"Willem","Drew","PTA","MID",NA,11,NA,55,83.8182,79,94.6,446000,23345,"Pink Lloyd","Jordan",TRUE,"scoring","MID"
"397",999824,335,"Quinton","Narkle","GEE","MID",NA,11,NA,82,68.3333,88,71.6,341800,NA,NA,NA,NA,NA,NA
"398",999309,14,"Jackson","Hately","ADE","MID",NA,11,NA,NA,57.5,57.5,57.5,310300,NA,NA,NA,NA,NA,NA
"399",291947,730,"Brendon","Ah Chee","WCE","FWD",NA,11,NA,42,62.5,45.3333,62.5,295800,NA,NA,NA,NA,NA,NA
"400",296420,464,"Alex","Neal-Bullen","MEL","FWD",NA,11,NA,74,71.2727,73,64,347500,NA,NA,NA,NA,NA,NA
"401",297473,19,"Jake","Kelly","ADE","DEF",NA,11,NA,32,68.5,54,58.4,334600,NA,NA,NA,NA,NA,NA
"402",1008280,716,"Ed","Richards","WBD","FWD","MID",11,NA,NA,0,0,0,309300,NA,NA,NA,NA,NA,NA
"403",1002253,536,"Kane","Farrell","PTA","FWD","MID",11,NA,68,55.6667,65.3333,61.2,305200,NA,NA,NA,NA,NA,NA
"404",240254,279,"Jarrod","Harbrow","GCS","DEF",NA,11,NA,NA,58.3333,58.3333,58.3333,306500,NA,NA,NA,NA,NA,NA
"405",240060,89,"Eddie","Betts","CAR","FWD",NA,11,NA,62,66.2222,56.6667,73.2,343300,NA,NA,NA,NA,NA,NA
"406",280990,555,"Steven","Motlop","PTA","FWD",NA,11,NA,63,66.6364,60.3333,63,320500,NA,NA,NA,NA,NA,NA
"407",298280,195,"Jayden","Laverde","ESS","FWD",NA,11,NA,104,71.1818,79.3333,72.4,363000,NA,NA,NA,NA,NA,NA
"408",1008882,262,"Charlie","Ballard","GCS","DEF",NA,11,NA,53,67.3,60.6667,63.4,316500,NA,NA,NA,NA,NA,NA
"409",1002401,86,"Brandon","Starcevich","BRL","DEF",NA,11,NA,75,61.0909,69,64.8,315200,NA,NA,NA,NA,NA,NA
"410",996464,287,"Darcy","MacPherson","GCS","FWD",NA,11,NA,NA,61.3333,37.3333,60.6,312000,NA,NA,NA,NA,NA,NA
"411",290289,170,"Josh","Thomas","COL","FWD",NA,11,NA,NA,55.9,58.3333,53.6,287800,NA,NA,NA,NA,NA,NA
"412",1004912,97,"Tom","De Koning","CAR","RUC",NA,11,NA,58,56.5,56.5,56.5,305500,NA,NA,NA,NA,NA,NA
"413",997230,39,"Tyson","Stengle","ADE","FWD",NA,11,NA,NA,0,0,0,305300,NA,NA,NA,NA,NA,NA
"414",293738,404,"Sam","Frost","HAW","DEF",NA,11,NA,70,69.2727,73,69.2,350500,NA,NA,NA,NA,NA,NA
"415",1005053,48,"Noah","Answerth","BRL","DEF",NA,11,NA,NA,0,0,0,304500,NA,NA,NA,NA,NA,NA
"416",993806,479,"Sam","Weideman","MEL","FWD",NA,11,NA,34,49.3333,49.3333,49.3333,288800,NA,NA,NA,NA,NA,NA
"417",1004437,255,"Tobe","Watson","FRE","DEF",NA,11,NA,49,48.5714,44,47.2,254000,NA,NA,NA,NA,NA,NA
"418",999391,475,"Tom","Sparrow","MEL","MID",NA,11,NA,0,40.2,28,40.2,244800,NA,NA,NA,NA,NA,NA
"419",996692,451,"Marty","Hore","MEL","DEF",NA,11,NA,NA,0,0,0,303600,NA,NA,NA,NA,NA,NA
"420",992644,383,"Braydon","Preuss","GWS","RUC",NA,11,NA,NA,0,0,0,303000,NA,NA,NA,NA,NA,NA
"421",990291,135,"Darcy","Cameron","COL","FWD",NA,11,NA,107,86.1429,83.3333,83.6,396300,23345,"Pink Lloyd","Jordan",TRUE,"scoring","FWD"
"422",1006314,422,"Dylan","Moore","HAW","FWD",NA,11,NA,107,68.0909,84,73.4,329900,NA,NA,NA,NA,NA,NA
"423",993799,274,"Brayden","Fiorini","GCS","MID",NA,11,NA,NA,0,0,0,301700,NA,NA,NA,NA,NA,NA
"424",297990,477,"Aaron","vandenBerg","MEL","MID",NA,11,NA,NA,0,0,0,301300,NA,NA,NA,NA,NA,NA
"425",291509,378,"Adam","Kennedy","GWS","MID",NA,11,NA,NA,0,0,0,300900,NA,NA,NA,NA,NA,NA
"426",1006059,57,"Keidean","Coleman","BRL","FWD",NA,11,NA,73,54.8,64.3333,54.8,281800,NA,NA,NA,NA,NA,NA
"427",1006144,284,"Ben","King","GCS","FWD",NA,11,NA,117,66.8182,80.3333,74.6,343000,NA,NA,NA,NA,NA,NA
"428",996708,695,"Bailey","Dale","WBD","FWD",NA,11,NA,102,97.4545,113,108.4,502500,6510,"The Big Short","Luke",TRUE,"scoring","FWD"
"429",291753,271,"Sam","Day","GCS","FWD",NA,11,NA,NA,44,44,44,298300,NA,NA,NA,NA,NA,NA
"430",280506,43,"Taylor","Walker","ADE","FWD",NA,11,NA,97,98.2,75.6667,74.4,383400,20240,"MakingTheirMarcus","James",TRUE,"scoring","FWD"
"431",1002282,474,"Charlie","Spargo","MEL","FWD",NA,11,NA,55,60.3636,54,57,279200,NA,NA,NA,NA,NA,NA
"432",1000860,244,"Lachie","Schultz","FRE","FWD",NA,11,NA,51,63.2,59.6667,50.6,292500,NA,NA,NA,NA,NA,NA
"433",281139,728,"Easton","Wood","WBD","DEF",NA,11,NA,NA,53.8571,43.6667,46.2,275300,NA,NA,NA,NA,NA,NA
"434",296041,426,"Tim","O'Brien","HAW","FWD",NA,11,NA,53,56.25,47,61,290000,NA,NA,NA,NA,NA,NA
"435",261374,384,"Sam J.","Reid","GWS","DEF",NA,11,NA,37,30.6667,39.6667,32.6,206500,NA,NA,NA,NA,NA,NA
"436",280824,463,"Jake","Melksham","MEL","FWD",NA,11,NA,60,54.2857,51.6667,49,268000,NA,NA,NA,NA,NA,NA
"437",296225,758,"Willie","Rioli","WCE","FWD",NA,11,NA,NA,0,0,0,296600,NA,NA,NA,NA,NA,NA
"438",260288,618,"James","Frawley","STK","DEF",NA,11,NA,NA,43,43,43,295900,NA,NA,NA,NA,NA,NA
"439",1002353,227,"Mitch","Crowden","FRE","FWD",NA,11,NA,55,42.8571,49,47.2,237700,NA,NA,NA,NA,NA,NA
"440",1002300,734,"Jarrod","Brander","WCE","FWD","MID",11,NA,38,64.3333,49.6667,56.8,310000,NA,NA,NA,NA,NA,NA
"441",294654,211,"James","Stewart","ESS","FWD",NA,11,NA,51,57.8,57.6667,57.8,293600,NA,NA,NA,NA,NA,NA
"442",298450,220,"Connor","Blakely","FRE","MID",NA,11,NA,26,38.3333,46.3333,33.6,225000,NA,NA,NA,NA,NA,NA
"443",996731,95,"Charlie","Curnow","CAR","FWD",NA,11,NA,NA,0,0,0,294600,NA,NA,NA,NA,NA,NA
"444",994386,308,"Tom","Atkins","GEE","FWD",NA,11,NA,66,79.6364,64,69.4,366200,20240,"MakingTheirMarcus","James",TRUE,"scoring","FWD"
"445",297438,184,"Martin","Gleeson","ESS","DEF",NA,11,NA,NA,64,64,64,293400,NA,NA,NA,NA,NA,NA
"446",1006276,783,"Derek","Eggmolesse-Smith","RIC","DEF",NA,11,NA,NA,30,30,30,292500,NA,NA,NA,NA,NA,NA
"447",298289,213,"Peter","Wright","ESS","FWD",NA,11,NA,NA,75.8,65,81.6,372000,NA,NA,NA,NA,NA,NA
"448",250222,455,"Nathan","Jones","MEL","FWD","MID",11,NA,NA,46.1429,41.3333,40,227900,NA,NA,NA,NA,NA,NA
"449",280804,362,"Phil","Davis","GWS","DEF",NA,11,NA,NA,50.3333,50.3333,50.3333,282000,NA,NA,NA,NA,NA,NA
"450",1008855,439,"Oskar","Baker","MEL","MID",NA,11,NA,NA,67,67,67,290100,NA,NA,NA,NA,NA,NA
"451",1005729,512,"Tarryn","Thomas","NTH","FWD",NA,11,NA,94,74.4545,100.667,88.6,413800,23413,"The West Wingard","Simon",TRUE,"scoring","FWD"
"452",298390,460,"Jay","Lockhart","MEL","DEF",NA,11,NA,NA,0,0,0,289600,NA,NA,NA,NA,NA,NA
"453",293987,548,"Jarrod","Lienert","PTA","DEF",NA,11,NA,NA,0,0,0,289200,NA,NA,NA,NA,NA,NA
"454",998180,218,"Bailey","Banfield","FRE","FWD",NA,11,NA,NA,0,0,0,288200,NA,NA,NA,NA,NA,NA
"455",1001396,360,"Isaac","Cumming","GWS","DEF",NA,11,NA,117,92.0909,99,93.2,453000,20240,"MakingTheirMarcus","James",TRUE,"scoring","DEF"
"456",1006148,370,"Bobby","Hill","GWS","FWD",NA,11,NA,59,52.2727,65.6667,56.8,273900,NA,NA,NA,NA,NA,NA
"457",999331,9,"Darcy","Fogarty","ADE","FWD",NA,11,NA,53,51.1429,54.6667,52.4,268700,NA,NA,NA,NA,NA,NA
"458",999326,314,"Brad","Close","GEE","FWD",NA,11,NA,57,67.5,63,71.2,339800,NA,NA,NA,NA,NA,NA
"459",1006087,277,"Caleb","Graham","GCS","DEF",NA,11,NA,NA,41.8571,40,44.6,242300,NA,NA,NA,NA,NA,NA
"460",297255,110,"Mitch","McGovern","CAR","FWD",NA,11,NA,NA,57,57,57,284700,NA,NA,NA,NA,NA,NA
"461",1001449,702,"Mitch","Hannan","WBD","FWD",NA,11,NA,NA,44,44,44,249300,NA,NA,NA,NA,NA,NA
"462",293884,212,"Jake","Stringer","ESS","FWD",NA,11,NA,94,75.5714,69.3333,63.8,332500,NA,NA,NA,NA,NA,NA
"463",998327,494,"Kyron","Hayden","NTH","DEF",NA,11,NA,NA,28.6667,28.6667,28.6667,246600,NA,NA,NA,NA,NA,NA
"464",992054,719,"Roarke","Smith","WBD","MID","FWD",11,NA,91,73.3333,73.3333,73.3333,303900,NA,NA,NA,NA,NA,NA
"465",992462,412,"Daniel","Howe","HAW","DEF","MID",11,NA,98,69.875,80.6667,72,337700,NA,NA,NA,NA,NA,NA
"466",290622,445,"Mitch","Brown","MEL","FWD",NA,11,NA,NA,77,77,77,280500,NA,NA,NA,NA,NA,NA
"467",1002922,610,"Jack","Bytel","STK","MID",NA,11,NA,NA,53.5556,50.6667,50.2,271800,NA,NA,NA,NA,NA,NA
"468",992059,247,"Sam","Switkowski","FRE","FWD",NA,11,NA,35,74.1667,60.3333,70,328500,NA,NA,NA,NA,NA,NA
"469",1009256,258,"Hayden","Young","FRE","DEF",NA,11,NA,NA,55.6667,55.6667,55.6667,280700,NA,NA,NA,NA,NA,NA
"470",1005000,723,"Laitham","Vandermeer","WBD","FWD","MID",11,NA,NA,51.2,32.3333,51.2,241200,NA,NA,NA,NA,NA,NA
"471",1006127,726,"Rhylee","West","WBD","FWD",NA,11,NA,NA,1,1,1,278000,NA,NA,NA,NA,NA,NA
"472",1008190,186,"Brayden","Ham","ESS","MID",NA,11,NA,NA,54.7778,45,47.2,263400,NA,NA,NA,NA,NA,NA
"473",1002583,603,"Sydney","Stack","RIC","MID","FWD",11,NA,NA,0,0,0,277600,NA,NA,NA,NA,NA,NA
"474",270861,143,"Levi","Greenwood","COL","MID",NA,11,NA,NA,42,42,42,276800,NA,NA,NA,NA,NA,NA
"475",290722,658,"Sam","Gray","SYD","FWD",NA,11,NA,NA,0,0,0,276300,NA,NA,NA,NA,NA,NA
"476",280988,224,"Travis","Colyer","FRE","FWD",NA,11,NA,46,59.3636,47.3333,56,286500,NA,NA,NA,NA,NA,NA
"477",1004880,680,"Ben","Ronke","SYD","FWD",NA,11,NA,NA,0,0,0,275600,NA,NA,NA,NA,NA,NA
"478",298302,108,"Caleb","Marchbank","CAR","DEF",NA,11,NA,NA,0,0,0,275400,NA,NA,NA,NA,NA,NA
"479",291492,690,"Josh","Bruce","WBD","FWD",NA,11,NA,37,73.2727,48.6667,64,342000,NA,NA,NA,NA,NA,NA
"480",290757,643,"Jimmy","Webster","STK","DEF",NA,11,NA,58,57.7778,66.3333,66,309400,NA,NA,NA,NA,NA,NA
"481",1005547,269,"Josh","Corbett","GCS","FWD",NA,11,NA,0,49.1429,18,40,228000,NA,NA,NA,NA,NA,NA
"482",280763,712,"Stefan","Martin","WBD","RUC",NA,11,NA,NA,59.8333,60.6667,53,284100,NA,NA,NA,NA,NA,NA
"483",1009189,497,"Jack","Mahony","NTH","FWD",NA,11,NA,58,49.9091,47,54.8,267500,NA,NA,NA,NA,NA,NA
"484",296334,535,"Orazio","Fantasia","PTA","DEF","FWD",11,NA,66,60.7,58.3333,58.8,286100,NA,NA,NA,NA,NA,NA
"485",295222,233,"Joel","Hamling","FRE","DEF",NA,11,NA,NA,72,72,72,271000,NA,NA,NA,NA,NA,NA
"486",997842,675,"Colin","O'Riordan","SYD","DEF",NA,11,NA,NA,47,47,47,268000,NA,NA,NA,NA,NA,NA
"487",296078,491,"Taylor","Garner","NTH","FWD",NA,11,NA,56,69,69,69,287900,NA,NA,NA,NA,NA,NA
"488",1002291,646,"James","Bell","SYD","FWD",NA,11,NA,NA,24,24,24,267300,NA,NA,NA,NA,NA,NA
"489",1002242,315,"Charlie","Constable","GEE","MID",NA,11,NA,NA,49,49,49,262400,NA,NA,NA,NA,NA,NA
"490",998390,415,"Changkuoth","Jiath","HAW","DEF",NA,11,NA,66,83.4545,60.6667,66.4,369400,NA,NA,NA,NA,NA,NA
"491",1004965,518,"Tristan","Xerri","NTH","FWD",NA,11,NA,NA,0,0,0,265900,NA,NA,NA,NA,NA,NA
"492",296211,685,"Lewis","Taylor","SYD","FWD",NA,11,NA,NA,0,0,0,265600,NA,NA,NA,NA,NA,NA
"493",1013611,246,"Sam","Sturt","FRE","FWD",NA,11,NA,NA,24,24,24,265100,NA,NA,NA,NA,NA,NA
"494",1006097,201,"Irving","Mosquito","ESS","FWD",NA,11,NA,NA,0,0,0,264700,NA,NA,NA,NA,NA,NA
"495",1001017,495,"Nick","Larkey","NTH","FWD",NA,11,NA,81,51.5455,55.3333,51.2,255300,NA,NA,NA,NA,NA,NA
"496",994385,452,"Jayden","Hunt","MEL","FWD",NA,11,NA,36,57.2727,44.6667,42,255800,NA,NA,NA,NA,NA,NA
"497",1008154,92,"Matthew","Cottrell","CAR","MID",NA,11,NA,31,51.2222,41.6667,47.6,250600,NA,NA,NA,NA,NA,NA
"498",999346,563,"Boyd","Woodcock","PTA","FWD",NA,11,NA,NA,50.3333,50.3333,50.3333,259000,NA,NA,NA,NA,NA,NA
"499",294266,663,"Tom","Hickey","SYD","RUC",NA,11,NA,NA,103.333,101.333,100.2,492700,23345,"Pink Lloyd","Jordan",FALSE,"non-scoring","RUC"
"500",992499,513,"Kayne","Turner","NTH","FWD",NA,11,NA,42,53,37,54,259900,NA,NA,NA,NA,NA,NA
"501",291867,444,"Ben","Brown","MEL","FWD",NA,11,NA,NA,57.6667,57.6667,57.6667,268100,NA,NA,NA,NA,NA,NA
"502",280944,520,"Jack","Ziebell","NTH","FWD",NA,11,NA,104,115,96,100.2,534600,22859,"Ariana Grundy","Lester",TRUE,"scoring","FWD"
"503",1001028,125,"Jack","Silvagni","CAR","FWD",NA,11,NA,64,51.6667,47.3333,55.4,243200,NA,NA,NA,NA,NA,NA
"504",991773,10,"Billy","Frampton","ADE","FWD",NA,11,NA,NA,40.5,32.6667,30.8,195900,NA,NA,NA,NA,NA,NA
"505",1008454,265,"Connor","Budarick","GCS","DEF",NA,11,NA,NA,61.5,61.5,61.5,256500,NA,NA,NA,NA,NA,NA
"506",1008541,469,"Kysaiah","Pickett","MEL","FWD",NA,11,NA,53,75.8182,54,62,331900,NA,NA,NA,NA,NA,NA
"507",1004034,215,"Brandon","Zerk-Thatcher","ESS","DEF",NA,11,NA,32,45,39,45,238700,NA,NA,NA,NA,NA,NA
"508",1002347,75,"Jack","Payne","BRL","DEF",NA,11,NA,NA,50.6667,50.6667,50.6667,256200,NA,NA,NA,NA,NA,NA
"509",1004356,731,"Brayden","Ainsworth","WCE","FWD","MID",11,NA,NA,13,13,13,253900,NA,NA,NA,NA,NA,NA
"510",294013,285,"Sean","Lemmens","GCS","FWD",NA,11,NA,49,52.1,32.6667,44.6,233200,NA,NA,NA,NA,NA,NA
"511",295942,291,"Jordan","Murdoch","GCS","DEF",NA,11,NA,NA,0,0,0,253000,NA,NA,NA,NA,NA,NA
"512",294168,45,"Marcus","Adams","BRL","DEF",NA,11,NA,77,72.5556,74.3333,74.2,356600,NA,NA,NA,NA,NA,NA
"513",991976,703,"Will","Hayes","WBD","MID",NA,11,NA,NA,0,0,0,249300,NA,NA,NA,NA,NA,NA
"514",280038,634,"Shaun","McKernan","STK","FWD",NA,11,NA,NA,40.5,38.6667,40.5,226500,NA,NA,NA,NA,NA,NA
"515",1004894,482,"Aiden","Bonar","NTH","DEF",NA,11,NA,NA,61.2857,51.3333,59.8,316800,NA,NA,NA,NA,NA,NA
"516",295156,648,"Kaiden","Brand","SYD","DEF",NA,11,NA,65,65,65,65,245000,NA,NA,NA,NA,NA,NA
"517",1005084,517,"Will","Walker","NTH","MID","FWD",11,NA,NA,0,0,0,244500,NA,NA,NA,NA,NA,NA
"518",294472,261,"Rory","Atkins","GCS","MID",NA,11,NA,61,56.3333,56.3333,56.3333,254100,NA,NA,NA,NA,NA,NA
"519",291784,514,"Dom","Tyson","NTH","MID",NA,11,NA,NA,35,35,35,243900,NA,NA,NA,NA,NA,NA
"520",1006152,313,"Jordan","Clark","GEE","DEF","MID",11,NA,NA,60.1429,46,54.8,263500,NA,NA,NA,NA,NA,NA
"521",291891,305,"Jacob","Townsend","GCS","FWD",NA,11,NA,NA,0,0,0,238200,NA,NA,NA,NA,NA,NA
"522",1001043,408,"Oliver","Hanrahan","HAW","FWD",NA,11,NA,NA,45.875,47.3333,44.4,235700,NA,NA,NA,NA,NA,NA
"523",1006203,17,"Chayce","Jones","ADE","MID",NA,11,NA,34,44,44,44,232400,NA,NA,NA,NA,NA,NA
"524",298409,242,"Alex","Pearce","FRE","DEF",NA,11,NA,NA,11,11,11,235600,NA,NA,NA,NA,NA,NA
"525",1006100,52,"Thomas","Berry","BRL","FWD",NA,11,NA,NA,37.2,20.6667,37.2,191900,NA,NA,NA,NA,NA,NA
"526",294518,58,"Joe","Daniher","BRL","FWD",NA,11,NA,48,79.1818,74.3333,84.6,416200,23413,"The West Wingard","Simon",TRUE,"scoring","FWD"
"527",1008282,755,"Xavier","O'Neill","WCE","FWD","MID",11,NA,NA,44.75,39.6667,44.75,223000,NA,NA,NA,NA,NA,NA
"528",997501,701,"Ryan","Gardner","WBD","DEF",NA,11,NA,NA,41.6667,41.6667,41.6667,227700,NA,NA,NA,NA,NA,NA
"529",290199,782,"Majak","Daw","MEL","FWD",NA,11,NA,NA,0,0,0,232100,NA,NA,NA,NA,NA,NA
"530",291964,282,"Jack","Hombsch","GCS","DEF",NA,11,NA,NA,0,0,0,230200,NA,NA,NA,NA,NA,NA
"531",280959,765,"Nathan","Vardy","WCE","RUC",NA,11,NA,NA,41.8,49.3333,41.8,218600,NA,NA,NA,NA,NA,NA
"532",1008893,468,"Harrison","Petty","MEL","DEF","FWD",11,NA,68,56.6,57.6667,56.6,256000,NA,NA,NA,NA,NA,NA
"533",1006135,381,"Xavier","O'Halloran","GWS","MID",NA,11,NA,40,51.125,48.6667,51.4,261000,NA,NA,NA,NA,NA,NA
"534",291797,358,"Matt","Buntine","GWS","DEF","FWD",11,NA,20,41.2857,41.6667,35,201800,NA,NA,NA,NA,NA,NA
"535",1004286,751,"Zac","Langdon","WCE","FWD",NA,11,NA,NA,38.8571,50.6667,38,201100,NA,NA,NA,NA,NA,NA
"536",1009708,357,"Jack","Buckley","GWS","DEF","MID",11,NA,73,69.0909,74,71.6,344200,NA,NA,NA,NA,NA,NA
"537",295340,772,"Mason","Wood","STK","FWD",NA,11,NA,113,60,60,60,243300,NA,NA,NA,NA,NA,NA
"538",298265,633,"Daniel","McKenzie","STK","DEF",NA,11,NA,NA,61.2,71.3333,61.2,298100,NA,NA,NA,NA,NA,NA
"539",295599,173,"Patrick","Ambrose","ESS","DEF",NA,11,NA,NA,0,0,0,217800,NA,NA,NA,NA,NA,NA
"540",992752,82,"Archie","Smith","BRL","RUC",NA,11,NA,NA,0,0,0,217100,NA,NA,NA,NA,NA,NA
"541",1006550,756,"Jack","Petruccelle","WCE","FWD",NA,11,NA,58,57.625,65.3333,60.2,295700,NA,NA,NA,NA,NA,NA
"542",280722,301,"Zac","Smith","GCS","RUC",NA,11,NA,68,72,72,72,216000,NA,NA,NA,NA,NA,NA
"543",1008083,375,"Connor","Idun","GWS","DEF",NA,11,NA,68,66.2,65.3333,68,325400,NA,NA,NA,NA,NA,NA
"544",993841,717,"Josh","Schache","WBD","FWD",NA,11,NA,NA,45,45,45,214400,NA,NA,NA,NA,NA,NA
"545",1008185,25,"Ned","McHenry","ADE","FWD",NA,11,NA,64,47.7,51.6667,47.6,224600,NA,NA,NA,NA,NA,NA
"546",296254,413,"Jarman","Impey","HAW","FWD",NA,11,NA,62,92.8182,78.3333,85,442800,2016,"At Witts End","Paul",TRUE,"scoring","FWD"
"547",1003546,473,"Joel","Smith","MEL","DEF",NA,11,NA,NA,0,0,0,211100,NA,NA,NA,NA,NA,NA
"548",1008159,13,"Will","Hamill","ADE","DEF",NA,11,NA,7,39.4444,24.6667,34.6,193600,NA,NA,NA,NA,NA,NA
"549",1000068,266,"Chris","Burgess","GCS","DEF",NA,11,NA,40,49.8889,41,41.4,219700,NA,NA,NA,NA,NA,NA
"550",1009301,722,"Jamarra","Ugle-Hagan","WBD","FWD",NA,11,NA,NA,0,0,0,207300,NA,NA,NA,NA,NA,NA
"551",290889,398,"Keegan","Brooksby","HAW","RUC","FWD",11,NA,NA,0,0,0,206900,NA,NA,NA,NA,NA,NA
"552",1009383,167,"Trey","Ruscoe","COL","FWD",NA,11,NA,NA,20,20,20,179600,NA,NA,NA,NA,NA,NA
"553",1008384,42,"Riley","Thilthorpe","ADE","RUC","FWD",11,NA,62,61.6667,57.6667,55.8,263600,NA,NA,NA,NA,NA,NA
"554",1002256,99,"Paddy","Dow","CAR","FWD","MID",11,NA,NA,39.4,28,39.4,192200,NA,NA,NA,NA,NA,NA
"555",1004909,519,"Lachie","Young","NTH","DEF","MID",11,NA,41,57.5455,37,41.6,238500,NA,NA,NA,NA,NA,NA
"556",992015,501,"Connor","Menadue","NTH","DEF",NA,11,NA,52,63.4286,51,58,283800,NA,NA,NA,NA,NA,NA
"557",1007238,389,"Jake","Stein","GWS","DEF",NA,11,NA,NA,0,0,0,200100,NA,NA,NA,NA,NA,NA
"558",1000887,417,"Mitch","Lewis","HAW","FWD",NA,11,NA,49,61,48.6667,49.4,265100,NA,NA,NA,NA,NA,NA
"559",1009201,24,"Fischer","Mcasey","ADE","DEF","FWD",11,NA,NA,0,0,0,199300,NA,NA,NA,NA,NA,NA
"560",1012829,503,"Will","Phillips","NTH","MID",NA,11,NA,NA,36.5,31,36,195100,NA,NA,NA,NA,NA,NA
"561",997316,729,"Lewis","Young","WBD","DEF",NA,11,NA,NA,50.6667,50.6667,50.6667,213200,NA,NA,NA,NA,NA,NA
"562",1009421,418,"Finn","Maginness","HAW","MID",NA,11,NA,NA,33,33,33,195600,NA,NA,NA,NA,NA,NA
"563",1008091,645,"Joel","Amartey","SYD","RUC","FWD",11,NA,NA,0,0,0,195600,NA,NA,NA,NA,NA,NA
"564",296070,692,"Ben","Cavarra","WBD","FWD",NA,11,NA,NA,7,7,7,194900,NA,NA,NA,NA,NA,NA
"565",1013230,668,"Logan","McDonald","SYD","FWD",NA,11,NA,NA,57,42.6667,57,251300,NA,NA,NA,NA,NA,NA
"566",1007124,425,"Conor","Nash","HAW","FWD",NA,11,NA,NA,18,18,18,193400,NA,NA,NA,NA,NA,NA
"567",1011771,502,"Flynn","Perez","NTH","DEF",NA,11,NA,NA,0,0,0,193400,NA,NA,NA,NA,NA,NA
"568",1006114,768,"Bailey J.","Williams","WCE","RUC","FWD",11,NA,45,49.5,47.3333,49.5,217200,NA,NA,NA,NA,NA,NA
"569",1009260,275,"Sam","Flanders","GCS","FWD",NA,11,NA,76,52.5714,64.6667,57,260300,NA,NA,NA,NA,NA,NA
"570",298417,7,"Ben","Davis","ADE","FWD",NA,11,NA,NA,0,0,0,191800,NA,NA,NA,NA,NA,NA
"571",1011992,691,"Louis","Butler","WBD","DEF",NA,11,NA,30,30,30,30,191800,NA,NA,NA,NA,NA,NA
"572",998321,538,"Joel","Garner","PTA","DEF",NA,11,NA,NA,0,0,0,189900,NA,NA,NA,NA,NA,NA
"573",1013133,649,"Braeden","Campbell","SYD","MID","FWD",11,NA,NA,54.6667,41.6667,54.4,235800,NA,NA,NA,NA,NA,NA
"574",998218,580,"Ryan","Garthwaite","RIC","DEF",NA,11,NA,NA,0,0,0,188000,NA,NA,NA,NA,NA,NA
"575",1008312,126,"Liam","Stocker","CAR","DEF",NA,11,NA,50,45.8333,53,49.2,224400,NA,NA,NA,NA,NA,NA
"576",281280,454,"Neville","Jetta","MEL","DEF",NA,11,NA,NA,43,36.6667,43,194900,NA,NA,NA,NA,NA,NA
"577",1013093,405,"Denver","Grainger-Barras","HAW","DEF",NA,11,NA,NA,0,0,0,184800,NA,NA,NA,NA,NA,NA
"578",1005988,234,"Liam","Henry","FRE","FWD",NA,11,NA,42,38.3333,39.3333,38.8,194700,NA,NA,NA,NA,NA,NA
"579",999715,273,"Jy","Farrar","GCS","FWD",NA,11,NA,14,52.6667,43.6667,46.6,236900,NA,NA,NA,NA,NA,NA
"580",998791,748,"Jamaine","Jones","WCE","FWD",NA,11,NA,35,57.25,59,68.4,308500,NA,NA,NA,NA,NA,NA
"581",260246,540,"Tyson","Goldsack","PTA","DEF",NA,11,NA,NA,0,0,0,182000,NA,NA,NA,NA,NA,NA
"582",1002259,115,"Lochie","O'Brien","CAR","MID",NA,11,NA,NA,50,50,50,180500,NA,NA,NA,NA,NA,NA
"583",1004870,323,"Zach","Guthrie","GEE","DEF","MID",11,NA,28,43.7143,39.6667,41.8,212700,NA,NA,NA,NA,NA,NA
"584",1002231,590,"Patrick","Naish","RIC","MID",NA,11,NA,NA,24.25,30.6667,24.25,155600,NA,NA,NA,NA,NA,NA
"585",1012862,280,"Elijah","Hollands","GCS","MID","FWD",11,NA,NA,0,0,0,180300,NA,NA,NA,NA,NA,NA
"586",998414,766,"Daniel","Venables","WCE","FWD",NA,11,NA,NA,0,0,0,179900,NA,NA,NA,NA,NA,NA
"587",1003520,627,"Darragh","Joyce","STK","DEF",NA,11,NA,NA,42,42,42,186400,NA,NA,NA,NA,NA,NA
"588",1004995,4,"Jordon","Butts","ADE","DEF",NA,11,NA,39,61.1818,48.3333,63,307900,NA,NA,NA,NA,NA,NA
"589",1009385,79,"Deven","Robertson","BRL","MID","FWD",11,NA,85,68.375,73,66.4,309800,NA,NA,NA,NA,NA,NA
"590",1015827,179,"Nikolas","Cox","ESS","DEF","FWD",11,NA,40,55.9091,53,50.2,263300,NA,NA,NA,NA,NA,NA
"591",999321,230,"Michael","Frederick","FRE","FWD",NA,11,NA,NA,49.5714,35,44.6,237500,NA,NA,NA,NA,NA,NA
"592",1008288,483,"Atu","Bosenavulagi","NTH","FWD",NA,11,NA,NA,64.3333,64.3333,64.3333,214400,NA,NA,NA,NA,NA,NA
"593",1011803,725,"Cody","Weightman","WBD","FWD",NA,11,NA,53,75.3333,75.3333,75.3333,227300,NA,NA,NA,NA,NA,NA
"594",1015873,203,"Archie","Perkins","ESS","MID","FWD",11,NA,65,53.3333,48,57.6,252800,NA,NA,NA,NA,NA,NA
"595",1011929,119,"Sam","Philp","CAR","FWD",NA,11,NA,NA,0,0,0,171100,NA,NA,NA,NA,NA,NA
"596",1012817,206,"Zach","Reid","ESS","DEF",NA,11,NA,NA,53,53,53,166800,NA,NA,NA,NA,NA,NA
"597",1004949,665,"Matthew","Ling","SYD","DEF",NA,11,NA,NA,0,0,0,163000,NA,NA,NA,NA,NA,NA
"598",1012218,32,"Luke","Pedlar","ADE","MID",NA,11,NA,NA,0,0,0,162300,NA,NA,NA,NA,NA,NA
"599",1009223,176,"Ned","Cahill","ESS","FWD",NA,11,NA,NA,26,26,26,161200,NA,NA,NA,NA,NA,NA
"600",1005330,446,"Kade","Chandler","MEL","FWD",NA,11,NA,NA,7,7,7,161200,NA,NA,NA,NA,NA,NA
"601",1000061,573,"Callum","Coleman-Jones","RIC","RUC","FWD",11,NA,112,112,112,112,161200,NA,NA,NA,NA,NA,NA
"602",1013974,148,"Mark","Keane","COL","DEF",NA,11,NA,NA,54.75,57,54.75,217200,NA,NA,NA,NA,NA,NA
"603",1012805,356,"Tanner","Bruhn","GWS","MID",NA,11,NA,NA,37.2,35.3333,37.2,161600,NA,NA,NA,NA,NA,NA
"604",281052,745,"Mark","Hutchings","WCE","MID","FWD",11,NA,NA,0,0,0,157600,NA,NA,NA,NA,NA,NA
"605",290246,484,"Tom","Campbell","NTH","RUC","FWD",11,NA,41,61,67.3333,75.2,333100,23413,"The West Wingard","Simon",FALSE,"non-scoring","RUC"
"606",1005793,735,"Jarrod","Cameron","WCE","FWD",NA,11,NA,NA,0,0,0,153700,NA,NA,NA,NA,NA,NA
"607",1011659,505,"Tom","Powell","NTH","MID",NA,11,NA,51,69.3636,48.3333,63,322000,NA,NA,NA,NA,NA,NA
"608",1013224,223,"Heath","Chapman","FRE","DEF",NA,11,NA,NA,56.1667,39.3333,59,250500,NA,NA,NA,NA,NA,NA
"609",1008752,40,"Kieran","Strachan","ADE","RUC","FWD",11,NA,NA,0,0,0,146700,NA,NA,NA,NA,NA,NA
"610",1002351,50,"Connor","Ballenden","BRL","FWD",NA,11,NA,NA,16,16,16,146100,NA,NA,NA,NA,NA,NA
"611",1009226,578,"Thomson","Dow","RIC","MID",NA,11,NA,NA,0,0,0,146100,NA,NA,NA,NA,NA,NA
"612",1008537,423,"Josh","Morris","HAW","FWD",NA,11,NA,21,21,21,21,145100,NA,NA,NA,NA,NA,NA
"613",1015862,390,"Conor","Stone","GWS","FWD",NA,11,NA,NA,41.6667,41.6667,41.6667,162000,NA,NA,NA,NA,NA,NA
"614",1012014,686,"Chad","Warner","SYD","FWD",NA,11,NA,63,71.5455,60,60.4,311800,NA,NA,NA,NA,NA,NA
"615",1009380,300,"Jeremy","Sharp","GCS","MID",NA,11,NA,NA,0,0,0,141800,NA,NA,NA,NA,NA,NA
"616",1011583,546,"Lachlan","Jones","PTA","DEF",NA,11,NA,80,64.5,65.6667,64.5,220300,NA,NA,NA,NA,NA,NA
"617",1008940,329,"Ben","Jarvis","GEE","DEF","FWD",11,NA,NA,0,0,0,139200,NA,NA,NA,NA,NA,NA
"618",1008139,440,"Toby","Bedford","MEL","FWD",NA,11,NA,NA,0,0,0,137000,NA,NA,NA,NA,NA,NA
"619",1008285,149,"Will","Kelly","COL","FWD",NA,11,NA,NA,26,26,26,135400,NA,NA,NA,NA,NA,NA
"620",296984,374,"Tom","Hutchesson","GWS","MID","FWD",11,NA,NA,0,0,0,135400,NA,NA,NA,NA,NA,NA
"621",1012860,145,"Oliver","Henry","COL","FWD",NA,11,NA,NA,16,16,16,120900,NA,NA,NA,NA,NA,NA
"622",1015777,352,"Ryan","Angwin","GWS","MID",NA,11,NA,NA,0,0,0,130800,NA,NA,NA,NA,NA,NA
"623",1013532,60,"Tom","Fullarton","BRL","RUC","FWD",11,NA,NA,40.25,41,40.25,164800,NA,NA,NA,NA,NA,NA
"624",1005599,742,"Luke","Foley","WCE","DEF",NA,11,NA,NA,3,3,3,127900,NA,NA,NA,NA,NA,NA
"625",1012828,151,"Finlay","Macrae","COL","MID","FWD",11,NA,6,26.75,22,26.75,130400,NA,NA,NA,NA,NA,NA
"626",1018075,12,"Lachlan","Gollant","ADE","DEF","MID",11,NA,NA,0,0,0,123900,NA,NA,NA,NA,NA,NA
"627",1011254,31,"Ronin","O'Connor","ADE","MID",NA,11,NA,NA,47,47,47,123900,NA,NA,NA,NA,NA,NA
"628",1011981,44,"Josh","Worrell","ADE","DEF","FWD",11,NA,NA,0,0,0,123900,NA,NA,NA,NA,NA,NA
"629",298336,55,"Nakia","Cockatoo","BRL","MID","FWD",11,NA,NA,0,0,0,123900,NA,NA,NA,NA,NA,NA
"630",1006150,63,"Tom","Joyce","BRL","FWD","MID",11,NA,NA,0,0,0,123900,NA,NA,NA,NA,NA,NA
"631",1013978,66,"James","Madden","BRL","DEF","FWD",11,NA,68,64.3333,64.3333,64.3333,176100,NA,NA,NA,NA,NA,NA
"632",1006085,70,"Connor","McFadyen","BRL","FWD",NA,11,NA,NA,0,0,0,123900,NA,NA,NA,NA,NA,NA
"633",1009386,76,"Jaxon","Prior","BRL","DEF",NA,11,NA,59,51.25,50,54.4,246600,NA,NA,NA,NA,NA,NA
"634",1009242,83,"Brock","Smith","BRL","DEF",NA,11,NA,NA,0,0,0,123900,NA,NA,NA,NA,NA,NA
"635",1006033,84,"Ely","Smith","BRL","FWD","MID",11,NA,NA,0,0,0,123900,NA,NA,NA,NA,NA,NA
"636",1002938,104,"Josh","Honey","CAR","MID","FWD",11,NA,NA,0,0,0,123900,NA,NA,NA,NA,NA,NA
"637",1009241,106,"Brodie","Kemp","CAR","MID",NA,11,NA,NA,0,0,0,123900,NA,NA,NA,NA,NA,NA
"638",1013973,116,"Matthew","Owies","CAR","FWD",NA,11,NA,45,55.6,54,55.6,216200,NA,NA,NA,NA,NA,NA
"639",1002942,122,"Sam","Ramsay","CAR","MID",NA,11,NA,NA,0,0,0,123900,NA,NA,NA,NA,NA,NA
"640",1009186,132,"Trent","Bianco","COL","DEF","MID",11,NA,83,83,83,83,123900,NA,NA,NA,NA,NA,NA
"641",1000960,150,"Max","Lynch","COL","RUC","FWD",11,NA,NA,0,0,0,123900,NA,NA,NA,NA,NA,NA
"642",1005107,160,"Nathan","Murphy","COL","DEF",NA,11,NA,48,50.5,51.6667,50.5,185500,NA,NA,NA,NA,NA,NA
"643",1015793,165,"Jay","Rantall","COL","MID",NA,11,NA,NA,25,25,25,123900,NA,NA,NA,NA,NA,NA
"644",1013975,171,"Anton","Tohill","COL","FWD",NA,11,NA,NA,0,0,0,123900,NA,NA,NA,NA,NA,NA
"645",993797,172,"Tom","Wilson","COL","FWD",NA,11,NA,38,34,34,34,136100,NA,NA,NA,NA,NA,NA
"646",1011954,175,"Nick","Bryan","ESS","RUC",NA,11,NA,NA,51,51,51,123900,NA,NA,NA,NA,NA,NA
"647",1020224,189,"Tom","Hird","ESS","MID",NA,11,NA,NA,0,0,0,123900,NA,NA,NA,NA,NA,NA
"648",1006506,192,"Lachlan","Johnson","ESS","MID","FWD",11,NA,NA,0,0,0,123900,NA,NA,NA,NA,NA,NA
"649",1011755,193,"Harrison","Jones","ESS","FWD",NA,11,NA,78,49,59.6667,63.6,263100,NA,NA,NA,NA,NA,NA
"650",1018969,196,"Cian","McBride","ESS","DEF",NA,11,NA,NA,0,0,0,123900,NA,NA,NA,NA,NA,NA
"651",1019156,199,"Ross","McQuillan","ESS","DEF","FWD",11,NA,NA,0,0,0,123900,NA,NA,NA,NA,NA,NA
"652",1002354,232,"Stefan","Giro","FRE","MID",NA,11,NA,NA,59,59,59,170000,NA,NA,NA,NA,NA,NA
"653",1000980,239,"Lloyd","Meek","FRE","RUC",NA,11,NA,NA,56.75,61.3333,56.75,213000,NA,NA,NA,NA,NA,NA
"654",1009381,249,"Leno","Thomas","FRE","DEF",NA,11,NA,NA,0,0,0,123900,NA,NA,NA,NA,NA,NA
"655",1004850,252,"Luke","Valente","FRE","MID",NA,11,NA,NA,0,0,0,123900,NA,NA,NA,NA,NA,NA
"656",1009334,268,"Matt","Conroy","GCS","RUC",NA,11,NA,NA,0,0,0,123900,NA,NA,NA,NA,NA,NA
"657",1000044,289,"Jez","McLennan","GCS","DEF",NA,11,NA,NA,0,0,0,123900,NA,NA,NA,NA,NA,NA
"658",1016116,292,"Patrick","Murtagh","GCS","FWD",NA,11,NA,NA,0,0,0,123900,NA,NA,NA,NA,NA,NA
"659",1005986,297,"Malcolm","Rosas","GCS","FWD",NA,11,NA,48,34.5,34.5,34.5,123900,NA,NA,NA,NA,NA,NA
"660",281075,303,"Rory","Thompson","GCS","DEF",NA,11,NA,NA,0,0,0,123900,NA,NA,NA,NA,NA,NA
"661",1019157,304,"Luke","Towey","GCS","DEF",NA,11,NA,NA,0,0,0,123900,NA,NA,NA,NA,NA,NA
"662",1006101,311,"Oscar","Brownless","GEE","FWD",NA,11,NA,NA,0,0,0,123900,NA,NA,NA,NA,NA,NA
"663",1009229,318,"Sam","De Koning","GEE","DEF",NA,11,NA,NA,27,27,27,123900,NA,NA,NA,NA,NA,NA
"664",1017255,320,"Francis","Evans","GEE","FWD",NA,11,NA,NA,27.5,27.5,27.5,123900,NA,NA,NA,NA,NA,NA
"665",997254,332,"Nathan","Kreuger","GEE","FWD",NA,11,NA,NA,0,0,0,123900,NA,NA,NA,NA,NA,NA
"666",1013977,338,"Stefan","Okunbor","GEE","DEF",NA,11,NA,NA,0,0,0,123900,NA,NA,NA,NA,NA,NA
"667",1004948,346,"Cooper","Stephens","GEE","MID",NA,11,NA,NA,0,0,0,123900,NA,NA,NA,NA,NA,NA
"668",1008603,349,"Cameron","Taheny","GEE","FWD",NA,11,NA,NA,0,0,0,123900,NA,NA,NA,NA,NA,NA
"669",1008436,354,"Kieren","Briggs","GWS","DEF","FWD",11,NA,NA,42,42,42,123900,NA,NA,NA,NA,NA,NA
"670",1014038,355,"Callum M.","Brown","GWS","DEF",NA,11,NA,NA,0,0,0,123900,NA,NA,NA,NA,NA,NA
"671",993902,366,"Matt","Flynn","GWS","RUC",NA,11,NA,51,89.2857,82.6667,81.4,367700,20240,"MakingTheirMarcus","James",TRUE,"scoring","RUC"
"672",1002296,387,"Nick","Shipley","GWS","MID",NA,11,NA,NA,34,34,34,123900,NA,NA,NA,NA,NA,NA
"673",998225,388,"Zach","Sproule","GWS","FWD",NA,11,NA,32,46.75,51.3333,46.75,185300,NA,NA,NA,NA,NA,NA
"674",1005150,414,"Emerson","Jeka","HAW","FWD",NA,11,NA,NA,28.5,28.5,28.5,123900,NA,NA,NA,NA,NA,NA
"675",1006030,416,"Jacob","Koschitzke","HAW","DEF",NA,11,NA,29,53.4,50.3333,51,270600,NA,NA,NA,NA,NA,NA
"676",1011873,429,"Harry","Pepper","HAW","DEF",NA,11,NA,NA,0,0,0,123900,NA,NA,NA,NA,NA,NA
"677",1001024,431,"Ned","Reeves","HAW","RUC",NA,11,NA,90,86,86,86,123900,NA,NA,NA,NA,NA,NA
"678",1014081,442,"Austin","Bradtke","MEL","RUC",NA,11,NA,NA,0,0,0,123900,NA,NA,NA,NA,NA,NA
"679",1013409,456,"James","Jordon","MEL","MID",NA,11,NA,85,72.2727,76,80.8,369900,NA,NA,NA,NA,NA,NA
"680",1004695,465,"Aaron","Nietschke","MEL","MID",NA,11,NA,NA,0,0,0,123900,NA,NA,NA,NA,NA,NA
"681",1015781,485,"Charlie","Comben","NTH","RUC","FWD",11,NA,NA,0,0,0,123900,NA,NA,NA,NA,NA,NA
"682",1006653,499,"Matt","McGuinness","NTH","DEF",NA,11,NA,NA,0,0,0,123900,NA,NA,NA,NA,NA,NA
"683",1009191,524,"Miles","Bergman","PTA","FWD",NA,11,NA,14,51.5,44.6667,52.2,259300,NA,NA,NA,NA,NA,NA
"684",1008531,527,"Trent","Burgoyne","PTA","MID","FWD",11,NA,NA,0,0,0,123900,NA,NA,NA,NA,NA,NA
"685",999320,537,"Martin","Frederick","PTA","DEF",NA,11,NA,NA,48.5,35.3333,48.5,172600,NA,NA,NA,NA,NA,NA
"686",1002248,543,"Sam","Hayes","PTA","RUC",NA,11,NA,NA,0,0,0,123900,NA,NA,NA,NA,NA,NA
"687",1005326,554,"Jackson","Mead","PTA","MID",NA,11,NA,NA,0,0,0,123900,NA,NA,NA,NA,NA,NA
"688",1009389,556,"Jake","Pasini","PTA","DEF",NA,11,NA,NA,0,0,0,123900,NA,NA,NA,NA,NA,NA
"689",1009195,561,"Dylan","Williams","PTA","MID","FWD",11,NA,NA,0,0,0,123900,NA,NA,NA,NA,NA,NA
"690",1008297,575,"Riley","Collier-Dawkins","RIC","MID",NA,11,NA,56,62.6,64.6667,62.6,243100,NA,NA,NA,NA,NA,NA
"691",1009308,577,"Noah","Cumberland","RIC","MID","FWD",11,NA,NA,0,0,0,123900,NA,NA,NA,NA,NA,NA
"692",1009313,587,"Will","Martyn","RIC","MID",NA,11,NA,NA,27,27,27,123900,NA,NA,NA,NA,NA,NA
"693",1002403,589,"Ben","Miller","RIC","DEF",NA,11,NA,NA,0,0,0,123900,NA,NA,NA,NA,NA,NA
"694",1006193,592,"Bigoa","Nyuon","RIC","DEF","RUC",11,NA,NA,0,0,0,123900,NA,NA,NA,NA,NA,NA
"695",1011985,595,"Hugo","Ralphsmith","RIC","MID","FWD",11,NA,42,32.6667,32.6667,32.6667,134300,NA,NA,NA,NA,NA,NA
"696",1013976,605,"Sam","Alabakis","STK","RUC",NA,11,NA,NA,0,0,0,123900,NA,NA,NA,NA,NA,NA
"697",1011994,609,"Ryan","Byrnes","STK","MID",NA,11,NA,73,60,62,60,225200,NA,NA,NA,NA,NA,NA
"698",1002266,613,"Oscar","Clavarino","STK","DEF",NA,11,NA,37,37,37,37,123900,NA,NA,NA,NA,NA,NA
"699",1009228,615,"Leo","Connolly","STK","DEF","MID",11,NA,NA,0,0,0,123900,NA,NA,NA,NA,NA,NA
"700",1004113,657,"Will","Gould","SYD","DEF",NA,11,NA,NA,0,0,0,123900,NA,NA,NA,NA,NA,NA
"701",1019158,674,"Barry","O'Connor","SYD","DEF","FWD",11,NA,NA,0,0,0,123900,NA,NA,NA,NA,NA,NA
"702",1006533,700,"Riley","Garcia","WBD","MID",NA,11,NA,7,7,7,7,123900,NA,NA,NA,NA,NA,NA
"703",998782,708,"Buku","Khamis","WBD","DEF",NA,11,NA,NA,39,39,39,123900,NA,NA,NA,NA,NA,NA
"704",992330,720,"Jordon","Sweet","WBD","RUC",NA,11,NA,39,58.6,56.6667,58.6,226000,NA,NA,NA,NA,NA,NA
"705",1011437,740,"Harry","Edwards","WCE","DEF",NA,11,NA,NA,55,55,55,164100,NA,NA,NA,NA,NA,NA
"706",1011243,746,"Callum","Jamieson","WCE","RUC",NA,11,NA,NA,0,0,0,123900,NA,NA,NA,NA,NA,NA
"707",1011464,747,"Ben","Johnson","WCE","DEF",NA,11,NA,NA,0,0,0,123900,NA,NA,NA,NA,NA,NA
"708",1015889,328,"Max","Holmes","GEE","MID","FWD",11,NA,60,56.5,56.5,56.5,121800,NA,NA,NA,NA,NA,NA
"709",1012807,1,"Sam","Berry","ADE","MID",NA,11,NA,42,51.2,52,48.8,240000,NA,NA,NA,NA,NA,NA
"710",1018335,5,"Brayden","Cook","ADE","MID","FWD",11,NA,NA,0,0,0,117300,NA,NA,NA,NA,NA,NA
"711",999316,33,"James","Rowe","ADE","FWD",NA,11,NA,54,59.8182,68.3333,64.4,307100,NA,NA,NA,NA,NA,NA
"712",1013256,56,"Blake","Coleman","BRL","FWD",NA,11,NA,NA,0,0,0,117300,NA,NA,NA,NA,NA,NA
"713",1007099,81,"Harry","Sharp","BRL","DEF","MID",11,NA,NA,35.5,35.5,35.5,117300,NA,NA,NA,NA,NA,NA
"714",1016189,85,"Henry","Smith","BRL","RUC",NA,11,NA,NA,0,0,0,117300,NA,NA,NA,NA,NA,NA
"715",1013233,90,"Jack","Carroll","CAR","MID",NA,11,NA,NA,0,0,0,117300,NA,NA,NA,NA,NA,NA
"716",1008510,100,"Corey","Durdin","CAR","MID","FWD",11,NA,NA,0,0,0,117300,NA,NA,NA,NA,NA,NA
"717",1004757,155,"Beau","McCreery","COL","FWD",NA,11,NA,NA,50.1429,44.3333,47.4,210300,NA,NA,NA,NA,NA,NA
"718",1013278,156,"Reef","McInnes","COL","MID",NA,11,NA,NA,0,0,0,117300,NA,NA,NA,NA,NA,NA
"719",1012842,157,"Liam","McMahon","COL","FWD",NA,11,NA,NA,0,0,0,117300,NA,NA,NA,NA,NA,NA
"720",1011589,163,"Caleb","Poulter","COL","MID","FWD",11,NA,66,69,70.6667,69,261400,NA,NA,NA,NA,NA,NA
"721",1012837,174,"Cody","Brand","ESS","DEF",NA,11,NA,NA,0,0,0,117300,NA,NA,NA,NA,NA,NA
"722",1015712,182,"Joshua","Eyre","ESS","DEF","FWD",11,NA,NA,0,0,0,117300,NA,NA,NA,NA,NA,NA
"723",1013220,241,"Nathan","O'Driscoll","FRE","MID",NA,11,NA,NA,0,0,0,117300,NA,NA,NA,NA,NA,NA
"724",1009410,253,"Brandon","Walker","FRE","DEF",NA,11,NA,NA,0,0,0,117300,NA,NA,NA,NA,NA,NA
"725",1009401,256,"Joel","Western","FRE","MID",NA,11,NA,NA,0,0,0,117300,NA,NA,NA,NA,NA,NA
"726",1016433,336,"Shannon","Neale","GEE","RUC","FWD",11,NA,NA,0,0,0,117300,NA,NA,NA,NA,NA,NA
"727",1007101,347,"Nick","Stevens","GEE","DEF",NA,11,NA,NA,0,0,0,117300,NA,NA,NA,NA,NA,NA
"728",1012863,365,"Cameron","Fleeton","GWS","DEF",NA,11,NA,NA,0,0,0,117300,NA,NA,NA,NA,NA,NA
"729",1004530,394,"Jacob","Wehr","GWS","DEF",NA,11,NA,NA,0,0,0,117300,NA,NA,NA,NA,NA,NA
"730",1013511,397,"Tyler","Brockman","HAW","MID","FWD",11,NA,NA,43,50,43,172700,NA,NA,NA,NA,NA,NA
"731",1012830,403,"Connor","Downie","HAW","MID",NA,11,NA,NA,0,0,0,117300,NA,NA,NA,NA,NA,NA
"732",1018016,420,"Seamus","Mitchell","HAW","FWD",NA,11,NA,NA,0,0,0,117300,NA,NA,NA,NA,NA,NA
"733",1012825,441,"Jake","Bowey","MEL","MID","FWD",11,NA,NA,0,0,0,117300,NA,NA,NA,NA,NA,NA
"734",1012826,458,"Bailey","Laurie","MEL","DEF","FWD",11,NA,NA,0,0,0,117300,NA,NA,NA,NA,NA,NA
"735",1013086,471,"Fraser","Rosman","MEL","MID","FWD",11,NA,NA,0,0,0,117300,NA,NA,NA,NA,NA,NA
"736",1012833,490,"Eddie","Ford","NTH","FWD",NA,11,NA,NA,0,0,0,117300,NA,NA,NA,NA,NA,NA
"737",1012852,496,"Charlie","Lazzaro","NTH","MID",NA,11,NA,NA,35.7778,42,39.6,188500,NA,NA,NA,NA,NA,NA
"738",1011647,508,"Phoenix","Spicer","NTH","MID","FWD",11,NA,NA,0,0,0,117300,NA,NA,NA,NA,NA,NA
"739",1012881,549,"Ollie","Lord","PTA","FWD",NA,11,NA,NA,0,0,0,117300,NA,NA,NA,NA,NA,NA
"740",1009551,598,"Maurice","Rioli","RIC","MID","FWD",11,NA,NA,0,0,0,117300,NA,NA,NA,NA,NA,NA
"741",1012386,600,"Samson","Ryan","RIC","RUC",NA,11,NA,NA,0,0,0,117300,NA,NA,NA,NA,NA,NA
"742",998195,623,"Thomas","Highmore","STK","DEF",NA,11,NA,36,55,53.3333,55,193700,NA,NA,NA,NA,NA,NA
"743",1015714,635,"Matthew","McLeod-Allison","STK","FWD",NA,11,NA,NA,0,0,0,117300,NA,NA,NA,NA,NA,NA
"744",1013128,659,"Errol","Gulden","SYD","MID",NA,11,NA,NA,78.25,47.6667,55.4,282900,NA,NA,NA,NA,NA,NA
"745",1015822,688,"Dominic","Bedendo","WBD","FWD",NA,11,NA,NA,0,0,0,117300,NA,NA,NA,NA,NA,NA
"746",1006576,741,"Luke","Edwards","WCE","MID",NA,11,NA,NA,0,0,0,117300,NA,NA,NA,NA,NA,NA
"747",1009291,769,"Isiah","Winder","WCE","DEF","MID",11,NA,NA,31,31,31,117300,NA,NA,NA,NA,NA,NA
"748",1009029,2,"James","Borlase","ADE","DEF",NA,11,NA,NA,0,0,0,102400,NA,NA,NA,NA,NA,NA
"749",1016082,29,"Tariek","Newchurch","ADE","MID","FWD",11,NA,NA,0,0,0,102400,NA,NA,NA,NA,NA,NA
"750",1013260,73,"Carter","Michael","BRL","MID",NA,11,NA,NA,0,0,0,102400,NA,NA,NA,NA,NA,NA
"751",1021659,87,"Deividas","Uosis","BRL","DEF",NA,11,NA,NA,0,0,0,102400,NA,NA,NA,NA,NA,NA
"752",1012409,117,"Luke","Parks","CAR","DEF",NA,11,NA,NA,43.6,48,43.6,181600,NA,NA,NA,NA,NA,NA
"753",1015901,136,"Isaac","Chugg","COL","DEF","FWD",11,NA,NA,0,0,0,102400,NA,NA,NA,NA,NA,NA
"754",1012857,142,"Jack","Ginnivan","COL","MID","FWD",11,NA,NA,0,0,0,102400,NA,NA,NA,NA,NA,NA
"755",1012819,250,"Josh","Treacy","FRE","RUC","FWD",11,NA,40,29.2,31.6667,29.2,123400,NA,NA,NA,NA,NA,NA
"756",1013268,270,"Alex","Davies","GCS","MID",NA,11,NA,NA,0,0,0,102400,NA,NA,NA,NA,NA,NA
"757",1013263,276,"Aiden","Fyfe","GCS","DEF","MID",11,NA,NA,0,0,0,102400,NA,NA,NA,NA,NA,NA
"758",1005992,283,"Joel","Jeffrey","GCS","DEF",NA,11,NA,NA,0,0,0,102400,NA,NA,NA,NA,NA,NA
"759",1013247,293,"Rhys","Nicholls","GCS","DEF",NA,11,NA,NA,0,0,0,102400,NA,NA,NA,NA,NA,NA
"760",1009320,294,"Hawego Paul","Oea","GCS","MID","FWD",11,NA,NA,0,0,0,102400,NA,NA,NA,NA,NA,NA
"761",1007049,350,"Paul","Tsapatolis","GEE","RUC",NA,11,NA,NA,0,0,0,102400,NA,NA,NA,NA,NA,NA
"762",1015688,386,"Will","Shaw","GWS","DEF",NA,11,NA,NA,0,0,0,102400,NA,NA,NA,NA,NA,NA
"763",1008600,432,"Jack","Saunders","HAW","MID","FWD",11,NA,NA,0,0,0,102400,NA,NA,NA,NA,NA,NA
"764",1013191,516,"Patrick","Walker","NTH","DEF",NA,11,NA,NA,0,0,0,102400,NA,NA,NA,NA,NA,NA
"765",1012310,560,"Taj","Schofield","PTA","MID",NA,11,NA,NA,0,0,0,102400,NA,NA,NA,NA,NA,NA
"766",1021660,574,"Mate","Colina","RIC","RUC",NA,11,NA,NA,0,0,0,102400,NA,NA,NA,NA,NA,NA
"767",1011650,650,"Malachy","Carruthers","SYD","DEF",NA,11,NA,NA,0,0,0,102400,NA,NA,NA,NA,NA,NA
"768",1013138,682,"Marc","Sheather","SYD","FWD",NA,11,NA,NA,0,0,0,102400,NA,NA,NA,NA,NA,NA
"769",1009015,714,"Lachlan","McNeil","WBD","MID",NA,11,NA,31,47.1,40.3333,50.4,239900,NA,NA,NA,NA,NA,NA
"770",1011449,764,"Zane","Trew","WCE","MID",NA,11,NA,NA,0,0,0,102400,NA,NA,NA,NA,NA,NA
"771",1008478,773,"Rhyan","Mansell","RIC","DEF",NA,11,NA,NA,40.6667,37.3333,40.2,176900,NA,NA,NA,NA,NA,NA
"772",992597,774,"Paul","Hunter","STK","RUC",NA,11,NA,NA,44,44,44,134300,NA,NA,NA,NA,NA,NA
"773",992048,775,"Anthony","Scott","WBD","MID","FWD",11,NA,NA,52,53.3333,57.8,281700,NA,NA,NA,NA,NA,NA
"774",298445,776,"Alec","Waterman","ESS","FWD",NA,11,NA,54,53.2,43,53.2,179900,NA,NA,NA,NA,NA,NA
"775",1000864,777,"Lachlan","Bramble","HAW","MID",NA,11,NA,NA,0,0,0,102400,NA,NA,NA,NA,NA,NA
"776",1008975,778,"Kaine","Baldwin","ESS","FWD",NA,11,NA,NA,0,0,0,102400,NA,NA,NA,NA,NA,NA
"777",1008230,779,"Nicholas","Murray","ADE","DEF",NA,11,NA,48,52,55.6667,52,181000,NA,NA,NA,NA,NA,NA
"778",1009288,781,"Deakyn","Smith","MEL","DEF",NA,11,NA,NA,0,0,0,102400,NA,NA,NA,NA,NA,NA
"779",992472,780,"Oscar","McDonald","CAR","DEF",NA,11,NA,NA,53,53,53,295500,NA,NA,NA,NA,NA,NA
"780",280969,434,"Tom","*** Scully","HAW","FWD","MID",11,NA,NA,0,0,0,290500,NA,NA,NA,NA,NA,NA
"781",250417,11,"Bryce","*** Gibbs","ADE","DEF",NA,11,NA,NA,0,0,0,290100,NA,NA,NA,NA,NA,NA
"782",291821,428,"Jonathon","*** Patton","HAW","FWD",NA,11,NA,NA,0,0,0,189800,NA,NA,NA,NA,NA,NA
"783",280933,638,"Dylan","*** Roberton","STK","DEF",NA,11,NA,NA,0,0,0,139700,NA,NA,NA,NA,NA,NA
