"feed_id","first_name","last_name","team","pos","price","own","status","DEF_n","MID_n","RUC_n","FWD_n","min","POS","n"
1023261,"Nick","Daicos","COL","MID ",193800,82.2239,"PlayingNextRound",999,1,999,999,1,"MID",1
291969,"Stephen","Coniglio","GWS","MID FWD",261300,75.7504,"PlayingNextRound",999,2,999,1,1,"FWD",1
1011640,"Jason","Horne-Francis","NTH","MID ",207300,75.2871,"PlayingNextRound",999,3,999,999,3,"MID",2
1009229,"Sam","De Koning","GEE","DEF FWD",123900,71.0481,"PlayingNextRound",1,999,999,2,1,"DEF",1
1017051,"Joshua","Rachele","ADE","MID FWD",184800,70.5245,"PlayingNextRound",999,4,999,3,3,"FWD",2
298312,"Patrick","McCartin","SYD","DEF FWD",157800,66.8573,"PlayingNextRound",2,999,999,4,2,"DEF",2
1017110,"Josh","Ward","HAW","MID ",180300,61.8392,"PlayingNextRound",999,5,999,999,5,"MID",3
993834,"Josh","Dunkley","WBD","MID FWD",558200,60.5594,"PlayingNextRound",999,6,999,5,5,"FWD",3
990840,"Jack","Hayes","STK","FWD RUC",102400,58.1801,"PlayingNextRound",999,999,1,6,1,"RUC",1
290528,"Max","Gawn","MEL","RUC ",657400,55.609,"PlayingNextRound",999,999,2,999,2,"RUC",2
293535,"Lachie","Neale","BRL","MID ",543200,54.0114,"PlayingNextRound",999,7,999,999,7,"MID",4
294305,"Lachie","Whitfield","GWS","DEF MID",502600,53.1855,"PlayingNextRound",3,8,999,999,3,"DEF",3
1009208,"Matt","Rowell","GCS","MID ",342900,51.3392,"PlayingNextRound",999,9,999,999,9,"MID",5
295467,"Jack","Macrae","WBD","MID ",699900,49.8482,"PlayingNextRound",999,10,999,999,10,"MID",6
293957,"Brodie","Grundy","COL","RUC ",627100,48.9035,"PlayingNextRound",999,999,3,999,3,"RUC",3
1006121,"Zak","Butters","PTA","FWD ",443600,47.5996,"PlayingNextRound",999,999,999,7,7,"FWD",4
1017059,"Joshua","Gibcus","RIC","DEF ",171300,47.2349,"PlayingNextRound",4,999,999,999,4,"DEF",4
1017094,"Connor","MacDonald","HAW","MID ",117300,45.0788,"PlayingNextRound",999,11,999,999,11,"MID",7
1002372,"Hugh","Dixon","WCE","FWD RUC",102400,43.8265,"PlayingNextRound",999,999,4,8,4,"RUC",4
293871,"Jack","Crisp","COL","DEF MID",571000,39.3199,"PlayingNextRound",5,12,999,999,5,"DEF",5
998129,"Will","Brodie","FRE","MID FWD",224300,38.8956,"PlayingNextRound",999,13,999,9,9,"FWD",5
290847,"Dustin","Martin","RIC","MID FWD",503500,38.2037,"PlayingNextRound",999,14,999,10,10,"FWD",6
990704,"Patrick","Cripps","CAR","MID ",454800,35.7185,"PlayingNextRound",999,15,999,999,15,"MID",8
296205,"Jack","Steele","STK","MID ",685800,35.4738,"PlayingNextRound",999,16,999,999,16,"MID",9
1004863,"Mitchell","Hinge","ADE","DEF ",180900,34.8127,"PlayingNextRound",6,999,999,999,6,"DEF",6
1012013,"Nic","Martin","ESS","FWD ",102400,33.3425,"PlayingNextRound",999,999,999,11,11,"FWD",7
996701,"Clayton","Oliver","MEL","MID ",672000,32.8504,"PlayingNextRound",999,17,999,999,17,"MID",10
294036,"George","Hewett","CAR","DEF MID",399000,31.9997,"PlayingNextRound",7,18,999,999,7,"DEF",7
297566,"James","Sicily","HAW","DEF ",448100,31.8562,"PlayingNextRound",8,999,999,999,8,"DEF",8
992049,"Jayden","Short","RIC","DEF ",535200,31.1509,"PlayingNextRound",9,999,999,999,9,"DEF",9
1004848,"Dylan","Stephens","SYD","MID ",167800,30.5086,"PlayingNextRound",999,19,999,999,19,"MID",11
998133,"Jarrod","Berry","BRL","MID ",268500,27.7995,"PlayingNextRound",999,20,999,999,20,"MID",12
1013220,"Nathan","O'Driscoll","FRE","DEF MID",123900,25.6247,"NotPlayingNextRound",10,21,999,999,10,"DEF",10
298272,"Touk","Miller","GCS","MID ",677800,25.4436,"PlayingNextRound",999,22,999,999,22,"MID",13
1008975,"Kaine","Baldwin","ESS","FWD ",123900,23.6121,"PlayingNextRound",999,999,999,12,12,"FWD",8
1023167,"Brady","Hough","WCE","MID ",117300,23.5491,"EmergencyNextRound",999,23,999,999,23,"MID",14
1001026,"Jordan","Ridley","ESS","DEF ",537100,22.0017,"PlayingNextRound",11,999,999,999,11,"DEF",11
295342,"Jake","Lloyd","SYD","DEF ",586600,19.8504,"NotPlayingNextRound",12,999,999,999,12,"DEF",12
298539,"Isaac","Heeney","SYD","FWD ",454500,19.6177,"PlayingNextRound",999,999,999,13,13,"FWD",9
291790,"Adam","Treloar","WBD","MID FWD",483200,19.2751,"PlayingNextRound",999,24,999,14,14,"FWD",10
1008285,"Will","Kelly","COL","DEF FWD",123900,18.7683,"NotPlayingNextRound",13,999,999,15,13,"DEF",13
998172,"Tim","Taranto","GWS","MID FWD",529700,18.6034,"PlayingNextRound",999,25,999,16,16,"FWD",11
1012862,"Elijah","Hollands","GCS","MID FWD",123900,18.4988,"NotPlayingNextRound",999,26,999,17,17,"FWD",12
291800,"Tom","Stewart","GEE","DEF ",585700,18.175,"PlayingNextRound",14,999,999,999,14,"DEF",14
1017078,"Josh","Sinn","PTA","DEF MID",157800,18.1737,"NotPlayingNextRound",15,27,999,999,15,"DEF",15
1002235,"Cam","Rayner","BRL","FWD ",278600,17.4349,"PlayingNextRound",999,999,999,18,18,"FWD",13
1004965,"Tristan","Xerri","NTH","FWD ",208200,16.8422,"PlayingNextRound",999,999,999,19,19,"FWD",14
1017109,"Jake","Soligo","ADE","MID ",117300,16.0793,"EmergencyNextRound",999,28,999,999,28,"MID",15
298421,"Jade","Gresham","STK","MID FWD",299000,15.1172,"PlayingNextRound",999,29,999,20,20,"FWD",15
1006103,"Jye","Caldwell","ESS","MID ",266700,14.9657,"PlayingNextRound",999,30,999,999,30,"MID",16
297255,"Mitch","McGovern","CAR","FWD ",256000,14.3697,"PlayingNextRound",999,999,999,21,21,"FWD",16
297373,"Marcus","Bontempelli","WBD","MID ",651700,12.8271,"PlayingNextRound",999,31,999,999,31,"MID",17
291975,"Jarrod","Witts","GCS","RUC ",380300,12.4791,"PlayingNextRound",999,999,5,999,5,"RUC",5
1008510,"Corey","Durdin","CAR","FWD ",143700,12.3712,"PlayingNextRound",999,999,999,22,22,"FWD",17
296280,"James","Tsitas","GCS","MID ",102400,12.3256,"NotPlayingNextRound",999,32,999,999,32,"MID",18
992644,"Braydon","Preuss","GWS","RUC ",204700,12.0427,"Suspended",999,999,6,999,6,"RUC",6
298210,"Christian","Petracca","MEL","MID ",606200,11.9146,"PlayingNextRound",999,33,999,999,33,"MID",19
993836,"Sam","Skinner","PTA","DEF FWD",123900,11.7826,"EmergencyNextRound",16,999,999,23,16,"DEF",16
996731,"Charlie","Curnow","CAR","FWD ",224300,10.3304,"PlayingNextRound",999,999,999,24,24,"FWD",18
1023224,"Charlie","Parker","WBD","MID FWD",102400,10.2983,"NotPlayingNextRound",999,34,999,25,25,"FWD",19
1023272,"Mitch","Owens","STK","MID ",117300,10.2782,"PlayingNextRound",999,35,999,999,35,"MID",20
1004592,"Tim","English","WBD","RUC FWD",482600,9.99055,"PlayingNextRound",999,999,7,26,7,"RUC",7
271072,"Daniel","Rich","BRL","DEF ",582700,9.80618,"PlayingNextRound",17,999,999,999,17,"DEF",17
1009421,"Finn","Maginness","HAW","MID FWD",143700,9.80015,"EmergencyNextRound",999,36,999,27,27,"FWD",20
1002312,"Zac","Bailey","BRL","FWD MID",459900,9.4998,"PlayingNextRound",999,37,999,28,28,"FWD",21
993817,"Darcy","Parish","ESS","MID ",621300,9.15521,"PlayingNextRound",999,38,999,999,38,"MID",21
1013224,"Heath","Chapman","FRE","DEF ",275200,8.83743,"PlayingNextRound",18,999,999,999,18,"DEF",18
1015781,"Charlie","Comben","NTH","RUC FWD",123900,8.8267,"NotPlayingNextRound",999,999,8,29,8,"RUC",8
992468,"Rowan","Marshall","STK","RUC ",536800,8.5096,"PlayingNextRound",999,999,9,999,9,"RUC",9
296347,"Josh","Kelly","GWS","MID ",582200,8.37015,"PlayingNextRound",999,39,999,999,39,"MID",22
295136,"Caleb","Daniel","WBD","DEF ",510900,8.19718,"PlayingNextRound",19,999,999,999,19,"DEF",19
998659,"Luke","Ryan","FRE","DEF ",540300,8.14824,"PlayingNextRound",20,999,999,999,20,"DEF",20
291856,"Tom","Mitchell","HAW","MID ",638100,8.0564,"PlayingNextRound",999,40,999,999,40,"MID",23
1017665,"Bodhi","Uwland","GCS","DEF MID",102400,8.04366,"Injury",21,41,999,999,21,"DEF",21
1005577,"Sam","Draper","ESS","RUC ",396400,7.94712,"PlayingNextRound",999,999,10,999,10,"RUC",10
994185,"Jordan","De Goey","COL","MID FWD",463500,7.81437,"PlayingNextRound",999,42,999,30,30,"FWD",22
1009399,"Luke","Jackson","MEL","RUC FWD",389800,7.73728,"PlayingNextRound",999,999,11,31,11,"RUC",11
1002248,"Sam","Hayes","PTA","RUC ",123900,7.47246,"EmergencyNextRound",999,999,12,999,12,"RUC",12
1012825,"Jake","Bowey","MEL","DEF ",265600,7.19759,"PlayingNextRound",22,999,999,999,22,"DEF",22
1005326,"Jackson","Mead","PTA","MID ",123900,7.18754,"PlayingNextRound",999,43,999,999,43,"MID",24
1017124,"Ned","Long","HAW","MID FWD",102400,7.16072,"NotPlayingNextRound",999,44,999,32,32,"FWD",23
1011936,"Justin","McInerney","SYD","DEF MID",411000,7.05345,"PlayingNextRound",23,45,999,999,23,"DEF",23
998145,"Sean","Darcy","FRE","RUC ",642600,6.75512,"NotPlayingNextRound",999,999,13,999,13,"RUC",13
1015507,"Nasiah","Wanganeen-Milera","STK","DEF MID",162300,6.674,"EmergencyNextRound",24,46,999,999,24,"DEF",24
990882,"Wayne","Milera","ADE","DEF ",271100,6.60628,"EmergencyNextRound",25,999,999,999,25,"DEF",25
1021031,"Luke","Nankervis","ADE","MID FWD",102400,6.58349,"NotPlayingNextRound",999,47,999,33,33,"FWD",24
1004113,"Will","Gould","SYD","DEF ",123900,6.50773,"NotPlayingNextRound",26,999,999,999,26,"DEF",26
1017754,"Patrick","Voss","ESS","DEF FWD",102400,6.46214,"NotPlayingNextRound",27,999,999,34,27,"DEF",27
1011985,"Hugo","Ralphsmith","RIC","FWD MID",206700,5.9419,"PlayingNextRound",999,48,999,35,35,"FWD",25
1015830,"Domanic","Akuei","CAR","DEF RUC",102400,5.72603,"Injury",28,999,14,999,14,"RUC",14
1009197,"Charlie","Dean","COL","DEF ",102400,5.63954,"Injury",29,999,999,999,29,"DEF",28
1002232,"Andrew","Brayshaw","FRE","MID ",584300,5.54099,"PlayingNextRound",999,49,999,999,49,"MID",25
997230,"Tyson","Stengle","GEE","FWD ",247500,5.4592,"PlayingNextRound",999,999,999,36,36,"FWD",26
1005729,"Tarryn","Thomas","NTH","MID FWD",459300,5.41428,"PlayingNextRound",999,50,999,37,37,"FWD",27
294469,"Aliir","Aliir","PTA","DEF ",477000,5.34121,"PlayingNextRound",30,999,999,999,30,"DEF",29
1009551,"Maurice","Rioli","RIC","MID FWD",123900,5.244,"NotPlayingNextRound",999,51,999,38,38,"FWD",28
1004948,"Cooper","Stephens","GEE","MID ",123900,5.18567,"EmergencyNextRound",999,52,999,999,52,"MID",26
297401,"Matt","Crouch","ADE","MID ",482000,5.10522,"PlayingNextRound",999,53,999,999,53,"MID",27
1017088,"Ben","Hobbs","ESS","MID ",153300,4.94566,"EmergencyNextRound",999,54,999,999,54,"MID",28
1009420,"Caleb","Serong","FRE","MID ",451000,4.63392,"PlayingNextRound",999,55,999,999,55,"MID",29
280944,"Jack","Ziebell","NTH","DEF ",585800,4.48643,"PlayingNextRound",31,999,999,999,31,"DEF",30
271045,"Nic","Naitanui","WCE","RUC ",627400,4.43145,"PlayingNextRound",999,999,15,999,15,"RUC",15
996707,"Mitchell","Cox","BRL","DEF MID",102400,4.36642,"NotPlayingNextRound",32,56,999,999,32,"DEF",31
297523,"Reilly","O'Brien","ADE","RUC ",520600,4.31815,"PlayingNextRound",999,999,16,999,16,"RUC",16
294318,"Ollie","Wines","PTA","MID ",612600,4.1539,"PlayingNextRound",999,57,999,999,57,"MID",30
1010708,"Sam","Butler","HAW","MID FWD",117300,4.07345,"NotPlayingNextRound",999,58,999,39,39,"FWD",29
1002239,"Adam","Cerra","CAR","MID ",490200,4.06138,"PlayingNextRound",999,59,999,999,59,"MID",31
992242,"Jordan","Dawson","ADE","DEF ",550300,4.04798,"PlayingNextRound",33,999,999,999,33,"DEF",32
1003546,"Joel","Smith","MEL","DEF ",177200,4.03189,"PlayingNextRound",34,999,999,999,34,"DEF",33
1013093,"Denver","Grainger-Barras","HAW","DEF ",206700,3.99434,"PlayingNextRound",35,999,999,999,35,"DEF",34
1021015,"Karl","Worner","FRE","DEF MID",102400,3.9092,"NotPlayingNextRound",36,60,999,999,36,"DEF",35
1001438,"Bayley","Fritsch","MEL","FWD ",367500,3.78651,"PlayingNextRound",999,999,999,40,40,"FWD",30
993993,"Shai","Bolton","RIC","FWD MID",458600,3.7731,"PlayingNextRound",999,61,999,41,41,"FWD",31
1017932,"Jack","Peris","STK","MID FWD",102400,3.4808,"NotPlayingNextRound",999,62,999,42,42,"FWD",32
992016,"Zach","Merrett","ESS","MID ",625700,3.39767,"PlayingNextRound",999,63,999,999,63,"MID",32
992012,"Garrett","McDonagh","ESS","DEF ",117300,3.39298,"NotPlayingNextRound",37,999,999,999,37,"DEF",36
295584,"Bradley","Hill","STK","DEF ",394900,3.32527,"PlayingNextRound",38,999,999,999,38,"DEF",37
1001299,"Connor","Rozee","PTA","FWD ",400200,3.2113,"PlayingNextRound",999,999,999,43,43,"FWD",33
1004095,"Jack","Lukosius","GCS","DEF MID",438400,3.19923,"PlayingNextRound",39,64,999,999,39,"DEF",38
1000981,"Daniel","Rioli","RIC","DEF FWD",336000,3.17375,"PlayingNextRound",40,999,999,44,40,"DEF",39
261510,"Tom","Hawkins","GEE","FWD ",510900,3.10336,"PlayingNextRound",999,999,999,45,45,"FWD",34
1000960,"Max","Lynch","HAW","RUC ",207700,3.02224,"PlayingNextRound",999,999,17,999,17,"RUC",17
294508,"Aidan","Corr","NTH","DEF ",306700,3.01151,"PlayingNextRound",41,999,999,999,41,"DEF",40
990609,"Charlie","Cameron","BRL","FWD ",375800,3.00749,"PlayingNextRound",999,999,999,46,46,"FWD",35
1004819,"Jed","McEntee","PTA","MID FWD",123900,2.99341,"NotPlayingNextRound",999,65,999,47,47,"FWD",36
281065,"Mitch","Duncan","GEE","MID FWD",540000,2.96793,"Injury",999,66,999,48,48,"FWD",37
291783,"Dylan","Shiel","ESS","MID ",361100,2.95453,"PlayingNextRound",999,67,999,999,67,"MID",33
1006028,"Nick","Blakey","SYD","DEF ",325100,2.95318,"PlayingNextRound",42,999,999,999,42,"DEF",41
1020339,"Angus","Sheldrick","SYD","MID ",130800,2.8781,"PlayingNextRound",999,68,999,999,68,"MID",34
293845,"Jeremy","Cameron","GEE","FWD ",441800,2.87609,"PlayingNextRound",999,999,999,49,49,"FWD",38
1002404,"Aaron","Naughton","WBD","FWD ",386200,2.84391,"PlayingNextRound",999,999,999,50,50,"FWD",39
996708,"Bailey","Dale","WBD","DEF ",518300,2.77619,"PlayingNextRound",43,999,999,999,43,"DEF",42
1006130,"Bailey","Smith","WBD","MID ",472800,2.71452,"PlayingNextRound",999,69,999,999,69,"MID",35
1003130,"Patrick","Lipinski","COL","MID ",359900,2.70647,"PlayingNextRound",999,70,999,999,70,"MID",36
1015873,"Archie","Perkins","ESS","FWD ",272700,2.70111,"PlayingNextRound",999,999,999,51,51,"FWD",40
1012521,"Tex","Wanganeen","ESS","FWD ",102400,2.66222,"NotPlayingNextRound",999,999,999,52,52,"FWD",41
296359,"Christian","Salem","MEL","DEF ",514500,2.65284,"PlayingNextRound",44,999,999,999,44,"DEF",43
993841,"Josh","Schache","WBD","DEF FWD",296100,2.62602,"PlayingNextRound",45,999,999,53,45,"DEF",44
298288,"Darcy","Moore","COL","DEF ",488200,2.55026,"PlayingNextRound",46,999,999,999,46,"DEF",45
1000223,"Liam","Baker","RIC","DEF ",449300,2.52144,"PlayingNextRound",47,999,999,999,47,"DEF",46
1002245,"Noah","Balta","RIC","DEF ",361600,2.48792,"PlayingNextRound",48,999,999,999,48,"DEF",47
1002231,"Patrick","Naish","WCE","FWD MID",189600,2.42825,"EmergencyNextRound",999,71,999,54,54,"FWD",42
1006143,"Max","King","STK","FWD ",336400,2.40814,"PlayingNextRound",999,999,999,55,55,"FWD",43
1008123,"Jake","Riccardi","GWS","FWD MID",230200,2.39607,"PlayingNextRound",999,72,999,56,56,"FWD",44
1000953,"Harry","McKay","CAR","FWD ",421100,2.39406,"PlayingNextRound",999,999,999,57,57,"FWD",45
270917,"Patrick","Dangerfield","GEE","MID ",567800,2.39272,"PlayingNextRound",999,73,999,999,73,"MID",37
295461,"Adam","Saad","CAR","DEF ",449800,2.30221,"PlayingNextRound",49,999,999,999,49,"DEF",48
292511,"Zach","Tuohy","GEE","DEF MID",478100,2.22176,"PlayingNextRound",50,74,999,999,50,"DEF",49
990978,"Greg","Clark","WCE","MID ",117300,2.20567,"Injury",999,75,999,999,75,"MID",38
1017093,"Cooper","Hamilton","GWS","MID FWD",102400,2.12857,"NotPlayingNextRound",999,76,999,58,58,"FWD",46
296735,"Aaron","Hall","NTH","DEF ",572900,2.10578,"PlayingNextRound",51,999,999,999,51,"DEF",50
1013462,"Jase","Burgoyne","PTA","DEF MID",117300,2.0917,"NotPlayingNextRound",52,77,999,999,52,"DEF",51
296588,"Robbie","McComb","WBD","MID ",102400,2.06689,"NotPlayingNextRound",999,78,999,999,78,"MID",39
1017703,"Judd","McVee","MEL","DEF MID",102400,2.05349,"NotPlayingNextRound",53,79,999,999,53,"DEF",52
298281,"Jake","Lever","MEL","DEF ",494800,1.967,"NotPlayingNextRound",54,999,999,999,54,"DEF",53
1005054,"Josh","Daicos","COL","MID ",369500,1.95561,"PlayingNextRound",999,80,999,999,80,"MID",40
1008280,"Ed","Richards","WBD","DEF ",261300,1.95091,"PlayingNextRound",55,999,999,999,55,"DEF",54
298279,"Angus","Brayshaw","MEL","MID ",366200,1.93884,"PlayingNextRound",999,81,999,999,81,"MID",41
240399,"Lance","Franklin","SYD","FWD ",462000,1.92074,"PlayingNextRound",999,999,999,59,59,"FWD",47
999391,"Tom","Sparrow","MEL","FWD MID",262500,1.92007,"PlayingNextRound",999,82,999,60,60,"FWD",48
293884,"Jake","Stringer","ESS","MID FWD",506800,1.90465,"Injury",999,83,999,61,61,"FWD",49
1005521,"Oscar","McInerney","BRL","RUC ",509600,1.89661,"PlayingNextRound",999,999,18,999,18,"RUC",18
1017700,"Jesse","Motlop","CAR","FWD ",117300,1.89125,"NotPlayingNextRound",999,999,999,62,62,"FWD",50
295518,"Sam","Docherty","CAR","DEF ",533000,1.8718,"PlayingNextRound",56,999,999,999,56,"DEF",55
1017067,"Darcy","Wilmot","BRL","DEF ",139800,1.86443,"Suspended",57,999,999,999,57,"DEF",56
1004912,"Tom","De Koning","CAR","RUC ",325800,1.83895,"PlayingNextRound",999,999,19,999,19,"RUC",19
1012879,"Cody","Raak","WBD","DEF ",102400,1.82957,"NotPlayingNextRound",58,999,999,999,58,"DEF",57
296225,"Willie","Rioli","WCE","FWD ",225300,1.82018,"PlayingNextRound",999,999,999,63,63,"FWD",51
1012218,"Luke","Pedlar","ADE","MID FWD",123900,1.73303,"Injury",999,84,999,64,64,"FWD",52
1000978,"Hugh","McCluggage","BRL","MID ",544100,1.73303,"PlayingNextRound",999,85,999,999,85,"MID",42
1020371,"Jack","Williams","WCE","RUC FWD",117300,1.72766,"EmergencyNextRound",999,999,20,65,20,"RUC",20
1009241,"Brodie","Kemp","CAR","DEF ",156800,1.72699,"NotPlayingNextRound",59,999,999,999,59,"DEF",58
1017091,"Jai","Serong","HAW","MID FWD",117300,1.69079,"Injury",999,86,999,66,66,"FWD",53
298289,"Peter","Wright","ESS","RUC FWD",447700,1.64855,"PlayingNextRound",999,999,21,67,21,"RUC",21
1006152,"Jordan","Clark","FRE","MID ",338200,1.64721,"PlayingNextRound",999,87,999,999,87,"MID",43
290738,"Jared","Polec","NTH","MID ",246900,1.6452,"PlayingNextRound",999,88,999,999,88,"MID",44
294266,"Tom","Hickey","SYD","RUC ",562000,1.62375,"PlayingNextRound",999,999,22,999,22,"RUC",22
1011583,"Lachie","Jones","PTA","DEF ",269400,1.58688,"PlayingNextRound",60,999,999,999,60,"DEF",59
1020250,"Neil","Erasmus","FRE","MID ",166800,1.56877,"EmergencyNextRound",999,89,999,999,89,"MID",45
1005053,"Noah","Answerth","BRL","DEF ",246800,1.56542,"PlayingNextRound",61,999,999,999,61,"DEF",60
281085,"Steven","May","MEL","DEF ",492300,1.54665,"PlayingNextRound",62,999,999,999,62,"DEF",61
290550,"Cameron","Guthrie","GEE","MID ",616700,1.52922,"PlayingNextRound",999,90,999,999,90,"MID",46
1004870,"Zach","Guthrie","GEE","DEF ",310300,1.52453,"PlayingNextRound",63,999,999,999,63,"DEF",62
294737,"Callum","Sinclair","SYD","RUC FWD",357100,1.50374,"EmergencyNextRound",999,999,23,68,23,"RUC",23
993832,"Jacob","Weitering","CAR","DEF ",512200,1.5024,"PlayingNextRound",64,999,999,999,64,"DEF",63
1006094,"Sam","Walsh","CAR","MID ",637100,1.49771,"Injury",999,91,999,999,91,"MID",47
294518,"Joe","Daniher","BRL","FWD ",430500,1.46955,"PlayingNextRound",999,999,999,69,69,"FWD",54
1015827,"Nikolas","Cox","ESS","MID ",308900,1.45816,"PlayingNextRound",999,92,999,999,92,"MID",48
1001398,"Matthew","Kennedy","CAR","MID ",440900,1.45145,"PlayingNextRound",999,93,999,999,93,"MID",49
994385,"Jayden","Hunt","MEL","DEF ",303700,1.44005,"PlayingNextRound",65,999,999,999,65,"DEF",64
290629,"Dyson","Heppell","ESS","DEF ",541000,1.43603,"PlayingNextRound",66,999,999,999,66,"DEF",65
293716,"Jarryd","Lyons","BRL","MID ",640100,1.42329,"PlayingNextRound",999,94,999,999,94,"MID",50
1002242,"Charlie","Constable","GCS","MID ",213400,1.42128,"Injury",999,95,999,999,95,"MID",51
1002220,"Esava","Ratugolea","GEE","RUC FWD",303100,1.4119,"PlayingNextRound",999,999,24,70,24,"RUC",24
280965,"Steele","Sidebottom","COL","MID FWD",475400,1.37167,"PlayingNextRound",999,96,999,71,71,"FWD",55
260257,"Scott","Pendlebury","COL","MID ",492300,1.36765,"PlayingNextRound",999,97,999,999,97,"MID",52
1006033,"Ely","Smith","BRL","FWD MID",123900,1.36564,"NotPlayingNextRound",999,98,999,72,72,"FWD",56
1017396,"Mac","Andrew","GCS","RUC ",189300,1.36095,"NotPlayingNextRound",999,999,25,999,25,"RUC",25
281075,"Rory","Thompson","GCS","DEF ",123900,1.35759,"NotPlayingNextRound",67,999,999,999,67,"DEF",66
261323,"Ben","McEvoy","HAW","RUC FWD",483700,1.33078,"Injury",999,999,26,73,26,"RUC",26
1012828,"Finlay","Macrae","COL","MID ",206800,1.3281,"NotPlayingNextRound",999,99,999,999,99,"MID",53
1002401,"Brandon","Starcevich","BRL","DEF ",325400,1.32742,"PlayingNextRound",68,999,999,999,68,"DEF",67
298437,"Callum","Ah Chee","BRL","DEF ",273800,1.32675,"PlayingNextRound",69,999,999,999,69,"DEF",68
291570,"Nat","Fyfe","FRE","MID ",546500,1.30731,"Injury",999,100,999,999,100,"MID",54
295222,"Joel","Hamling","FRE","DEF ",235100,1.30329,"NotPlayingNextRound",70,999,999,999,70,"DEF",69
992472,"Oscar","McDonald","CAR","FWD ",201900,1.29524,"PlayingNextRound",999,999,999,74,74,"FWD",57
290199,"Majak","Daw","MEL","DEF RUC",176400,1.2872,"NotPlayingNextRound",71,999,27,999,27,"RUC",27
1013268,"Alex","Davies","GCS","MID ",202500,1.28385,"EmergencyNextRound",999,101,999,999,101,"MID",55
1025034,"Oliver","Dempsey","GEE","FWD ",102400,1.28318,"NotPlayingNextRound",999,999,999,75,75,"FWD",58
293801,"Jamie","Elliott","COL","FWD ",428300,1.27647,"PlayingNextRound",999,999,999,76,76,"FWD",59
1023266,"Finn","Callaghan","GWS","MID ",198300,1.2758,"Injury",999,102,999,999,102,"MID",56
992374,"Dan","Butler","STK","FWD ",289500,1.27513,"PlayingNextRound",999,999,999,77,77,"FWD",60
993979,"Sam","Powell-Pepper","PTA","FWD MID",377900,1.26776,"PlayingNextRound",999,103,999,78,78,"FWD",61
1002795,"Jordan","Boyd","CAR","DEF ",123900,1.26508,"NotPlayingNextRound",72,999,999,999,72,"DEF",70
280763,"Stefan","Martin","WBD","RUC ",299400,1.26441,"NotPlayingNextRound",999,999,28,999,28,"RUC",28
1006059,"Keidean","Coleman","BRL","DEF FWD",263200,1.25904,"Injury",73,999,999,79,73,"DEF",71
1013128,"Errol","Gulden","SYD","FWD ",415600,1.24563,"PlayingNextRound",999,999,999,80,80,"FWD",62
1009291,"Isiah","Winder","WCE","MID FWD",123900,1.23357,"EmergencyNextRound",999,104,999,81,81,"FWD",63
298336,"Nakia","Cockatoo","BRL","FWD ",265600,1.21278,"PlayingNextRound",999,999,999,82,82,"FWD",64
271129,"Todd","Goldstein","NTH","RUC ",548800,1.19535,"PlayingNextRound",999,999,29,999,29,"RUC",29
996059,"Harris","Andrews","BRL","DEF ",517900,1.18798,"PlayingNextRound",74,999,999,999,74,"DEF",72
999309,"Jackson","Hately","ADE","MID ",188700,1.17926,"NotPlayingNextRound",999,105,999,999,105,"MID",57
1013315,"Sandy","Brock","GCS","DEF ",102400,1.17524,"NotPlayingNextRound",75,999,999,999,75,"DEF",73
250395,"Jack","Riewoldt","RIC","FWD ",380800,1.17524,"PlayingNextRound",999,999,999,83,83,"FWD",65
298174,"Toby","Nankervis","RIC","RUC ",509300,1.16988,"PlayingNextRound",999,999,30,999,30,"RUC",30
1008541,"Kysaiah","Pickett","MEL","FWD ",371900,1.16451,"PlayingNextRound",999,999,999,84,84,"FWD",66
1009301,"Jamarra","Ugle-Hagan","WBD","FWD ",230200,1.15714,"PlayingNextRound",999,999,999,85,85,"FWD",67
250365,"Travis","Boak","PTA","MID ",578500,1.15513,"PlayingNextRound",999,106,999,999,106,"MID",58
1012852,"Charlie","Lazzaro","NTH","FWD MID",201400,1.15245,"EmergencyNextRound",999,107,999,86,86,"FWD",68
1006100,"Thomas","Berry","BRL","FWD ",171500,1.13703,"NotPlayingNextRound",999,999,999,87,87,"FWD",69
998529,"Ivan","Soldo","RIC","RUC ",326600,1.13233,"PlayingNextRound",999,999,31,999,31,"RUC",31
1008550,"Will","Day","HAW","DEF ",345700,1.12898,"Injury",76,999,999,999,76,"DEF",74
1010174,"Mitch","Georgiades","PTA","FWD ",317000,1.12228,"PlayingNextRound",999,999,999,88,88,"FWD",70
1008089,"Isaac","Quaynor","COL","DEF ",406600,1.07803,"PlayingNextRound",77,999,999,999,77,"DEF",75
993905,"Callum","Mills","SYD","MID ",612100,1.07602,"PlayingNextRound",999,108,999,999,108,"MID",59
1014038,"Callum M.","Brown","GWS","DEF FWD",182900,1.05457,"NotPlayingNextRound",78,999,999,89,78,"DEF",76
993917,"Ben","Long","STK","DEF FWD",243000,1.05188,"EmergencyNextRound",79,999,999,90,79,"DEF",77
1012210,"Matty","Roberts","SYD","MID ",117300,1.05188,"NotPlayingNextRound",999,109,999,999,109,"MID",60
998102,"Andrew","McGrath","ESS","MID ",464600,1.03915,"PlayingNextRound",999,110,999,999,110,"MID",61
1009401,"Joel","Western","FRE","MID ",123900,1.03713,"NotPlayingNextRound",999,111,999,999,111,"MID",62
1001195,"Izak","Rankine","GCS","FWD ",299700,1.0311,"PlayingNextRound",999,999,999,91,91,"FWD",71
1008752,"Kieran","Strachan","ADE","RUC ",273500,1.03043,"NotPlayingNextRound",999,999,32,999,32,"RUC",32
1024982,"Oisin","Mullin","GEE","DEF ",102400,1.02641,"NotPlayingNextRound",80,999,999,999,80,"DEF",78
296291,"Jake","Kolodjashnij","GEE","DEF ",326000,1.01702,"PlayingNextRound",81,999,999,999,81,"DEF",79
1017126,"Sam","Darcy","WBD","DEF FWD",202800,1.01635,"Injury",82,999,999,92,82,"DEF",80
1017057,"Campbell","Chesser","WCE","DEF MID",148800,1.01032,"Injury",83,112,999,999,83,"DEF",81
1008691,"Leek","Aleer","GWS","DEF ",144300,0.992216,"NotPlayingNextRound",84,999,999,999,84,"DEF",82
291867,"Ben","Brown","MEL","FWD ",379400,0.983501,"PlayingNextRound",999,999,999,93,93,"FWD",72
1004995,"Jordon","Butts","ADE","DEF ",309800,0.980149,"PlayingNextRound",85,999,999,999,85,"DEF",83
994295,"Dan","Houston","PTA","DEF ",467900,0.970093,"PlayingNextRound",86,999,999,999,86,"DEF",84
1015777,"Ryan","Angwin","GWS","DEF MID",123900,0.96607,"EmergencyNextRound",87,113,999,999,87,"DEF",85
291962,"Chad","Wingard","HAW","FWD MID",501500,0.964729,"PlayingNextRound",999,114,999,94,94,"FWD",73
1020895,"Jai","Newcombe","HAW","MID ",261300,0.957355,"PlayingNextRound",999,115,999,999,115,"MID",63
998192,"Luke","Strnadica","WCE","RUC ",102400,0.952662,"NotPlayingNextRound",999,999,33,999,33,"RUC",33
1012860,"Oliver","Henry","COL","FWD ",219900,0.945287,"PlayingNextRound",999,999,999,95,95,"FWD",74
297452,"Nick","Hind","ESS","DEF ",506200,0.93389,"PlayingNextRound",88,999,999,999,88,"DEF",86
281007,"Michael","Walters","FRE","FWD ",349400,0.93389,"PlayingNextRound",999,999,999,96,96,"FWD",75
293813,"Tom J.","Lynch","RIC","FWD ",381300,0.930538,"PlayingNextRound",999,999,999,97,97,"FWD",76
1013133,"Braeden","Campbell","SYD","DEF ",293900,0.920482,"PlayingNextRound",89,999,999,999,89,"DEF",87
280819,"Dylan","Grimes","RIC","DEF ",389100,0.913778,"PlayingNextRound",90,999,999,999,90,"DEF",88
291748,"Brodie","Smith","ADE","DEF ",459600,0.911766,"PlayingNextRound",91,999,999,999,91,"DEF",89
1009528,"Tom","Green","GWS","MID ",430000,0.911096,"PlayingNextRound",999,116,999,999,116,"MID",64
1024939,"Fionn","O'Hara","HAW","MID ",102400,0.908414,"NotPlayingNextRound",999,117,999,999,117,"MID",65
271015,"Matt","de Boer","GWS","MID FWD",337500,0.907074,"PlayingNextRound",999,118,999,98,98,"FWD",77
1002222,"James","Worpel","HAW","MID ",399800,0.907074,"PlayingNextRound",999,119,999,999,119,"MID",66
270325,"Robbie","Tarrant","RIC","DEF ",355400,0.899029,"PlayingNextRound",92,999,999,999,92,"DEF",90
295898,"Tim","Kelly","WCE","MID ",464700,0.895006,"Injury",999,120,999,999,120,"MID",67
994599,"Riley","Bonner","PTA","DEF MID",364200,0.892995,"PlayingNextRound",93,121,999,999,93,"DEF",91
1020224,"Tom","Hird","ESS","FWD MID",123900,0.891654,"NotPlayingNextRound",999,122,999,99,99,"FWD",78
298524,"Lachie","Weller","GCS","MID FWD",400300,0.888302,"PlayingNextRound",999,123,999,100,100,"FWD",79
1012830,"Connor","Downie","HAW","MID ",143700,0.886961,"NotPlayingNextRound",999,124,999,999,124,"MID",68
1017118,"Joshua","Goater","NTH","MID ",117300,0.882939,"NotPlayingNextRound",999,125,999,999,125,"MID",69
1007881,"Wil","Powell","GCS","DEF ",446600,0.882268,"PlayingNextRound",94,999,999,999,94,"DEF",92
290117,"Dan","Hannebery","STK","MID ",255300,0.876234,"Injury",999,126,999,999,126,"MID",70
1006114,"Bailey J.","Williams","WCE","RUC FWD",218600,0.873553,"EmergencyNextRound",999,999,34,101,34,"RUC",34
291313,"Jeremy","Howe","COL","DEF ",427300,0.871542,"PlayingNextRound",95,999,999,999,95,"DEF",93
992499,"Kayne","Turner","NTH","DEF ",266700,0.86886,"PlayingNextRound",96,999,999,999,96,"DEF",94
1008159,"Will","Hamill","ADE","DEF ",233700,0.865508,"NotPlayingNextRound",97,999,999,999,97,"DEF",95
294685,"Zac","Williams","CAR","DEF ",461100,0.865508,"PlayingNextRound",98,999,999,999,98,"DEF",96
1012857,"Jack","Ginnivan","COL","FWD ",199900,0.864167,"PlayingNextRound",999,999,999,102,102,"FWD",80
994389,"Jack","Sinclair","STK","DEF ",469700,0.854111,"PlayingNextRound",99,999,999,999,99,"DEF",97
1002240,"Jaidyn","Stephenson","NTH","FWD ",423700,0.844054,"PlayingNextRound",999,999,999,103,103,"FWD",81
1011981,"Josh","Worrell","ADE","DEF ",123900,0.830646,"NotPlayingNextRound",100,999,999,999,100,"DEF",98
1001017,"Nick","Larkey","NTH","FWD ",327300,0.830646,"PlayingNextRound",999,999,999,104,104,"FWD",82
291776,"Taylor","Adams","COL","MID ",516700,0.829976,"PlayingNextRound",999,127,999,999,127,"MID",71
1011954,"Nick","Bryan","ESS","RUC ",166600,0.817908,"NotPlayingNextRound",999,999,35,999,35,"RUC",35
280804,"Phil","Davis","GWS","DEF ",285800,0.815897,"PlayingNextRound",101,999,999,999,101,"DEF",99
997254,"Nathan","Kreuger","COL","DEF ",198100,0.811874,"Suspended",102,999,999,999,102,"DEF",100
1006087,"Caleb","Graham","GCS","DEF RUC",238600,0.809863,"EmergencyNextRound",103,999,36,999,36,"RUC",36
994077,"Mabior","Chol","GCS","RUC ",367400,0.807852,"PlayingNextRound",999,999,37,999,37,"RUC",37
998484,"Cameron","Zurhaar","NTH","FWD ",348100,0.807852,"PlayingNextRound",999,999,999,105,105,"FWD",83
290311,"Mitch","Robinson","BRL","MID ",400900,0.798466,"PlayingNextRound",999,128,999,999,128,"MID",72
1002143,"Ben","McKay","NTH","DEF ",305100,0.798466,"PlayingNextRound",104,999,999,999,104,"DEF",101
1000072,"John","Noble","COL","DEF ",380800,0.789751,"PlayingNextRound",105,999,999,999,105,"DEF",102
1011803,"Cody","Weightman","WBD","FWD ",348800,0.781035,"PlayingNextRound",999,999,999,106,106,"FWD",84
999827,"Zac","Fisher","CAR","FWD ",353300,0.770979,"PlayingNextRound",999,999,999,107,107,"FWD",85
1020594,"Jye","Amiss","FRE","FWD ",175800,0.760923,"NotPlayingNextRound",999,999,999,108,108,"FWD",86
1017718,"Rhett","Bazzo","WCE","DEF FWD",117300,0.758911,"NotPlayingNextRound",106,999,999,109,106,"DEF",103
998390,"Changkuoth","Jiath","HAW","DEF ",459300,0.7569,"EmergencyNextRound",107,999,999,999,107,"DEF",104
1018075,"Lachlan","Gollant","ADE","FWD ",123900,0.755559,"EmergencyNextRound",999,999,999,110,110,"FWD",87
1007238,"Jake","Stein","GWS","DEF ",176400,0.755559,"EmergencyNextRound",108,999,999,999,108,"DEF",105
1006030,"Jacob","Koschitzke","HAW","FWD ",286300,0.754889,"NotPlayingNextRound",999,999,999,111,111,"FWD",88
1009253,"Lachie","Ash","GWS","DEF MID",413400,0.754219,"PlayingNextRound",109,129,999,999,109,"DEF",106
1005988,"Liam","Henry","FRE","FWD ",228600,0.750196,"PlayingNextRound",999,999,999,112,112,"FWD",89
293581,"Lincoln","McCarthy","BRL","FWD ",421800,0.748855,"PlayingNextRound",999,999,999,113,113,"FWD",90
1017388,"Josiah","Kyle","STK","FWD ",102400,0.747514,"NotPlayingNextRound",999,999,999,114,114,"FWD",91
1008190,"Brayden","Ham","ESS","FWD MID",261600,0.742151,"PlayingNextRound",999,130,999,115,115,"FWD",92
290307,"Dane","Rampe","SYD","DEF ",424900,0.742151,"PlayingNextRound",110,999,999,999,110,"DEF",107
1000061,"Callum","Coleman-Jones","NTH","RUC FWD",361300,0.739469,"EmergencyNextRound",999,999,38,116,38,"RUC",38
994539,"Sam","Petrevski-Seton","WCE","DEF ",344200,0.738799,"PlayingNextRound",111,999,999,999,111,"DEF",108
1006096,"Xavier","Duursma","PTA","MID ",391300,0.734776,"PlayingNextRound",999,131,999,999,131,"MID",73
1015515,"Oscar","Adams","STK","DEF RUC",117300,0.734106,"NotPlayingNextRound",112,999,39,999,39,"RUC",39
1013278,"Reef","McInnes","COL","MID ",123900,0.732095,"NotPlayingNextRound",999,132,999,999,132,"MID",74
1017095,"Miller","Bergman","NTH","DEF MID",117300,0.727402,"NotPlayingNextRound",113,133,999,999,113,"DEF",109
1005992,"Joel","Jeffrey","GCS","FWD ",127400,0.72472,"NotPlayingNextRound",999,999,999,117,117,"FWD",93
1008384,"Riley","Thilthorpe","ADE","FWD ",329300,0.720027,"PlayingNextRound",999,999,999,118,118,"FWD",94
1008543,"Harry","Schoenberg","ADE","MID ",390200,0.718016,"PlayingNextRound",999,134,999,999,134,"MID",75
1009256,"Hayden","Young","FRE","DEF ",418400,0.70863,"PlayingNextRound",114,999,999,999,114,"DEF",110
1002256,"Paddy","Dow","CAR","MID ",302400,0.707289,"NotPlayingNextRound",999,135,999,999,135,"MID",76
993998,"Jy","Simpkin","NTH","MID ",529000,0.701256,"PlayingNextRound",999,136,999,999,136,"MID",77
1002267,"Luke","Davies-Uniacke","NTH","MID ",462100,0.698574,"PlayingNextRound",999,137,999,999,137,"MID",78
996765,"Tom","Papley","SYD","FWD ",382300,0.689859,"Injury",999,999,999,119,119,"FWD",95
298211,"Darcy","Fort","BRL","RUC ",307900,0.687847,"PlayingNextRound",999,999,40,999,40,"RUC",40
1005599,"Luke","Foley","WCE","DEF ",244900,0.681814,"PlayingNextRound",115,999,999,999,115,"DEF",111
290778,"Luke","Parker","SYD","MID ",591600,0.678462,"PlayingNextRound",999,138,999,999,138,"MID",79
1002282,"Charlie","Spargo","MEL","FWD ",321600,0.677791,"PlayingNextRound",999,999,999,120,120,"FWD",96
1013233,"Jack","Carroll","CAR","MID ",123900,0.664383,"NotPlayingNextRound",999,139,999,999,139,"MID",80
294859,"Jeremy","McGovern","WCE","DEF ",481900,0.66036,"PlayingNextRound",116,999,999,999,116,"DEF",112
294013,"Sean","Lemmens","GCS","DEF ",283300,0.654327,"PlayingNextRound",117,999,999,999,117,"DEF",113
290799,"Tom","Liberatore","WBD","MID ",561700,0.650974,"PlayingNextRound",999,140,999,999,140,"MID",81
1007124,"Conor","Nash","HAW","FWD MID",310300,0.645611,"EmergencyNextRound",999,141,999,121,121,"FWD",97
992351,"Bailey","Williams","WBD","DEF ",419400,0.64427,"PlayingNextRound",118,999,999,999,118,"DEF",114
291351,"Jack","Gunston","HAW","FWD ",355200,0.6436,"PlayingNextRound",999,999,999,122,122,"FWD",98
295344,"Toby","Greene","GWS","FWD ",495000,0.642929,"Suspended",999,999,999,123,123,"FWD",99
1013165,"Andy","Moniz-Wakefield","MEL","MID ",102400,0.642929,"NotPlayingNextRound",999,142,999,999,142,"MID",82
1015862,"Conor","Stone","GWS","FWD MID",181400,0.640918,"Injury",999,143,999,124,124,"FWD",100
240052,"David","Mundy","FRE","MID ",542300,0.639577,"PlayingNextRound",999,144,999,999,144,"MID",83
997842,"Colin","O'Riordan","SYD","DEF ",198100,0.638907,"EmergencyNextRound",119,999,999,999,119,"DEF",115
1006137,"Curtis","Taylor","NTH","FWD MID",286700,0.638237,"PlayingNextRound",999,145,999,125,125,"FWD",101
240406,"Josh J.","Kennedy","WCE","FWD ",379200,0.636896,"PlayingNextRound",999,999,999,126,126,"FWD",102
993946,"Ben","Keays","ADE","MID ",560400,0.634214,"PlayingNextRound",999,146,999,999,146,"MID",84
291533,"Tom","McDonald","MEL","FWD ",467600,0.633544,"PlayingNextRound",999,999,999,127,127,"FWD",103
1020968,"Jackson","Archer","NTH","DEF ",117300,0.632873,"NotPlayingNextRound",120,999,999,999,120,"DEF",116
998782,"Buku","Khamis","WBD","DEF ",127400,0.631532,"NotPlayingNextRound",121,999,999,999,121,"DEF",117
290627,"Dion","Prestia","RIC","MID ",463900,0.624158,"PlayingNextRound",999,147,999,999,147,"MID",85
298280,"Jayden","Laverde","ESS","DEF ",357500,0.623487,"PlayingNextRound",122,999,999,999,122,"DEF",118
294624,"Lachie","Plowman","CAR","DEF ",292200,0.618794,"NotPlayingNextRound",123,999,999,999,123,"DEF",119
999321,"Michael","Frederick","FRE","FWD ",269800,0.617454,"PlayingNextRound",999,999,999,128,128,"FWD",104
1018424,"Corey","Warner","SYD","MID ",117300,0.616113,"NotPlayingNextRound",999,148,999,999,148,"MID",86
1020586,"Arthur","Jones","WBD","DEF FWD",117300,0.615442,"NotPlayingNextRound",124,999,999,129,124,"DEF",120
1017065,"Zac","Taylor","ADE","MID ",117300,0.600693,"NotPlayingNextRound",999,149,999,999,149,"MID",87
997142,"Peter","Ladhams","SYD","RUC FWD",415100,0.596,"NotPlayingNextRound",999,999,41,130,41,"RUC",41
296420,"Alex","Neal-Bullen","MEL","FWD ",396900,0.59533,"PlayingNextRound",999,999,999,131,131,"FWD",105
270896,"Trent","Cotchin","RIC","MID ",414300,0.59533,"PlayingNextRound",999,150,999,999,150,"MID",88
1001028,"Jack","Silvagni","CAR","FWD ",355600,0.587955,"PlayingNextRound",999,999,999,132,132,"FWD",106
281091,"Hugh","Greenwood","NTH","MID ",507300,0.586614,"PlayingNextRound",999,151,999,999,151,"MID",89
296211,"Lewis","Taylor","SYD","MID FWD",188400,0.581922,"NotPlayingNextRound",999,152,999,133,133,"FWD",107
991930,"Darcy","Byrne-Jones","PTA","DEF ",410500,0.581251,"PlayingNextRound",125,999,999,999,125,"DEF",121
293738,"Sam","Frost","HAW","DEF ",366900,0.580581,"PlayingNextRound",126,999,999,999,126,"DEF",122
1017114,"Tyler","Sonsie","RIC","MID ",117300,0.57991,"NotPlayingNextRound",999,153,999,999,153,"MID",90
1008198,"Tom","McCartin","SYD","DEF ",390900,0.57991,"PlayingNextRound",127,999,999,999,127,"DEF",123
1012829,"Will","Phillips","NTH","MID FWD",260900,0.578569,"Injury",999,154,999,134,134,"FWD",108
291849,"Brody","Mihocek","COL","FWD ",324500,0.576558,"PlayingNextRound",999,999,999,135,135,"FWD",109
290801,"Andrew","Gaff","WCE","MID ",496600,0.576558,"PlayingNextRound",999,155,999,999,155,"MID",91
1017255,"Francis","Evans","GEE","FWD ",123900,0.575888,"EmergencyNextRound",999,999,999,136,136,"FWD",110
990827,"Jack","Graham","RIC","MID FWD",457500,0.573877,"PlayingNextRound",999,156,999,137,137,"FWD",111
260930,"Shane","Edwards","RIC","MID ",402500,0.573206,"PlayingNextRound",999,157,999,999,157,"MID",92
297907,"Nic","Newman","CAR","DEF ",477100,0.571865,"PlayingNextRound",128,999,999,999,128,"DEF",124
1011659,"Tom","Powell","NTH","FWD MID",368500,0.571865,"EmergencyNextRound",999,158,999,138,138,"FWD",112
295265,"Nick","Haynes","GWS","DEF ",413700,0.570524,"NotPlayingNextRound",129,999,999,999,129,"DEF",125
1017063,"Toby","Conway","GEE","RUC ",117300,0.568513,"NotPlayingNextRound",999,999,42,999,42,"RUC",42
1000932,"Tom","Doedee","ADE","DEF ",464700,0.555105,"PlayingNextRound",130,999,999,999,130,"DEF",126
1015889,"Max","Holmes","GEE","FWD MID",334400,0.553094,"PlayingNextRound",999,159,999,139,139,"FWD",113
991933,"Jason","Castagna","RIC","FWD ",302900,0.549742,"PlayingNextRound",999,999,999,140,140,"FWD",114
1008282,"Xavier","O'Neill","WCE","FWD MID",234100,0.549742,"PlayingNextRound",999,160,999,141,141,"FWD",115
1004985,"Ben","Paton","STK","DEF ",279000,0.54773,"PlayingNextRound",131,999,999,999,131,"DEF",127
1022889,"Eric","Benning","FRE","RUC FWD",117300,0.535663,"NotPlayingNextRound",999,999,43,142,43,"RUC",43
290746,"Scott","Lycett","PTA","RUC ",512600,0.533652,"PlayingNextRound",999,999,44,999,44,"RUC",44
1000068,"Chris","Burgess","GCS","RUC FWD",313700,0.532981,"EmergencyNextRound",999,999,45,143,45,"RUC",45
1015895,"Jacob","Edwards","NTH","RUC FWD",123900,0.530299,"NotPlayingNextRound",999,999,46,144,46,"RUC",46
996743,"Lewis","Melican","SYD","DEF ",272600,0.528288,"NotPlayingNextRound",132,999,999,999,132,"DEF",128
1004909,"Lachie","Young","NTH","DEF MID",295600,0.526277,"EmergencyNextRound",133,161,999,999,133,"DEF",129
298290,"Marc","Pittonet","CAR","RUC ",462700,0.525607,"PlayingNextRound",999,999,47,999,47,"RUC",47
298450,"Connor","Blakely","FRE","MID ",239000,0.525607,"NotPlayingNextRound",999,162,999,999,162,"MID",93
1009199,"Noah","Anderson","GCS","MID ",455000,0.524936,"PlayingNextRound",999,163,999,999,163,"MID",94
291902,"Jack","Viney","MEL","MID ",453600,0.524936,"PlayingNextRound",999,164,999,999,164,"MID",95
999320,"Martin","Frederick","PTA","DEF ",224500,0.524266,"NotPlayingNextRound",134,999,999,999,134,"DEF",130
298417,"Ben","Davis","ADE","DEF FWD",204500,0.522925,"NotPlayingNextRound",135,999,999,145,135,"DEF",131
291771,"Devon","Smith","ESS","FWD ",351200,0.520914,"PlayingNextRound",999,999,999,146,146,"FWD",116
1006148,"Bobby","Hill","GWS","FWD ",268800,0.516221,"PlayingNextRound",999,999,999,147,147,"FWD",117
999824,"Quinton","Narkle","GEE","MID ",327000,0.51488,"EmergencyNextRound",999,165,999,999,165,"MID",96
1002259,"Lochie","O'Brien","CAR","MID ",281300,0.514209,"PlayingNextRound",999,166,999,999,166,"MID",97
1006150,"Tom","Joyce","WCE","MID ",123900,0.506164,"Injury",999,167,999,999,167,"MID",98
261396,"Robbie","Gray","PTA","FWD ",455500,0.502142,"PlayingNextRound",999,999,999,148,148,"FWD",118
993806,"Sam","Weideman","MEL","FWD ",200900,0.500131,"NotPlayingNextRound",999,999,999,149,149,"FWD",119
1017086,"Tom","Brown","RIC","DEF ",135300,0.498119,"NotPlayingNextRound",136,999,999,999,136,"DEF",132
1009386,"Jaxon","Prior","BRL","MID ",250400,0.496779,"NotPlayingNextRound",999,168,999,999,168,"MID",99
294101,"Jason","Johannisen","WBD","FWD ",307000,0.496779,"NotPlayingNextRound",999,999,999,150,150,"FWD",120
290797,"Alex","Keath","WBD","DEF ",393500,0.495438,"PlayingNextRound",137,999,999,999,137,"DEF",133
1017115,"Lachlan","Rankin","SYD","DEF FWD",117300,0.494767,"Injury",138,999,999,151,138,"DEF",134
1002403,"Ben","Miller","RIC","DEF ",160000,0.493427,"NotPlayingNextRound",139,999,999,999,139,"DEF",135
295067,"James","Aish","FRE","DEF ",371100,0.492086,"NotPlayingNextRound",140,999,999,999,140,"DEF",136
992128,"Ryan","Burton","PTA","DEF ",408200,0.488734,"PlayingNextRound",141,999,999,999,141,"DEF",137
1008171,"Tyler","Brown","COL","MID ",252300,0.486722,"PlayingNextRound",999,169,999,999,169,"MID",100
1004757,"Beau","McCreery","COL","FWD ",210900,0.482029,"PlayingNextRound",999,999,999,152,152,"FWD",121
280744,"Luke","Breust","HAW","FWD ",387600,0.482029,"Injury",999,999,999,153,153,"FWD",122
296733,"Mark","Blicavs","GEE","DEF ",456400,0.480689,"PlayingNextRound",142,999,999,999,142,"DEF",138
1017720,"Jacob","van Rooyen","MEL","DEF FWD",126300,0.480689,"NotPlayingNextRound",143,999,999,154,143,"DEF",139
1001396,"Isaac","Cumming","GWS","DEF ",505700,0.480018,"PlayingNextRound",144,999,999,999,144,"DEF",140
297473,"Jake","Kelly","ESS","DEF ",372900,0.479348,"PlayingNextRound",145,999,999,999,145,"DEF",141
1002583,"Sydney","Stack","RIC","DEF ",368800,0.473984,"NotPlayingNextRound",146,999,999,999,146,"DEF",142
1015688,"Will","Shaw","GWS","DEF MID",123900,0.471303,"NotPlayingNextRound",147,170,999,999,147,"DEF",143
290228,"Kyle","Hartigan","HAW","DEF ",264400,0.469292,"EmergencyNextRound",148,999,999,999,148,"DEF",144
999331,"Darcy","Fogarty","ADE","FWD ",288800,0.463928,"PlayingNextRound",999,999,999,155,155,"FWD",123
998103,"Oliver","Florent","SYD","MID ",416200,0.460576,"PlayingNextRound",999,171,999,999,171,"MID",101
1012014,"Chad","Warner","SYD","MID ",374700,0.459235,"NotPlayingNextRound",999,172,999,999,172,"MID",102
993771,"Marlion","Pickett","RIC","MID ",361700,0.458565,"PlayingNextRound",999,173,999,999,173,"MID",103
1009226,"Thomson","Dow","RIC","FWD MID",198900,0.456554,"NotPlayingNextRound",999,174,999,156,156,"FWD",124
1006550,"Jack","Petruccelle","WCE","FWD ",258400,0.454542,"PlayingNextRound",999,999,999,157,157,"FWD",125
998647,"Mason","Cox","COL","FWD ",275300,0.452531,"PlayingNextRound",999,999,999,158,158,"FWD",126
1006203,"Chayce","Jones","ADE","DEF ",273300,0.447168,"PlayingNextRound",149,999,999,999,149,"DEF",145
993107,"Harry","Himmelberg","GWS","FWD ",390400,0.446497,"PlayingNextRound",999,999,999,159,159,"FWD",127
1017043,"Judson","Clarke","RIC","MID FWD",117300,0.446497,"NotPlayingNextRound",999,175,999,160,160,"FWD",128
1011637,"Arlo","Draper","COL","MID ",117300,0.445827,"NotPlayingNextRound",999,176,999,999,176,"MID",104
1006133,"Jack","Ross","RIC","MID ",295900,0.445827,"PlayingNextRound",999,177,999,999,177,"MID",105
1007099,"Harry","Sharp","BRL","MID ",193200,0.444486,"EmergencyNextRound",999,178,999,999,178,"MID",106
996487,"Tom","Phillips","HAW","MID ",379800,0.444486,"EmergencyNextRound",999,179,999,999,179,"MID",107
1018296,"Kalin","Lane","BRL","RUC ",123900,0.443145,"NotPlayingNextRound",999,999,48,999,48,"RUC",48
1012409,"Luke","Parks","CAR","DEF ",199600,0.441804,"NotPlayingNextRound",150,999,999,999,150,"DEF",146
294472,"Rory","Atkins","GCS","MID ",248300,0.437782,"NotPlayingNextRound",999,180,999,999,180,"MID",108
296294,"Blake","Acres","FRE","MID ",349000,0.437112,"PlayingNextRound",999,181,999,999,181,"MID",109
1013191,"Patrick","Walker","NTH","DEF MID",123900,0.437112,"NotPlayingNextRound",151,182,999,999,151,"DEF",147
993902,"Matt","Flynn","GWS","RUC ",473600,0.435771,"PlayingNextRound",999,999,49,999,49,"RUC",49
990290,"Tom","Barrass","WCE","DEF ",431700,0.43443,"PlayingNextRound",152,999,999,999,152,"DEF",148
296190,"Jack","Martin","CAR","FWD ",371100,0.431748,"PlayingNextRound",999,999,999,161,161,"FWD",129
280711,"Charlie","Dixon","PTA","FWD ",484900,0.431748,"Injury",999,999,999,162,162,"FWD",130
997078,"Mason","Redman","ESS","DEF ",410800,0.430407,"PlayingNextRound",153,999,999,999,153,"DEF",149
1012386,"Samson","Ryan","RIC","RUC FWD",123900,0.430407,"NotPlayingNextRound",999,999,50,163,50,"RUC",50
1012807,"Sam","Berry","ADE","FWD ",250400,0.429737,"NotPlayingNextRound",999,999,999,164,164,"FWD",131
294596,"Tim","Membrey","STK","FWD ",430800,0.426385,"PlayingNextRound",999,999,999,165,165,"FWD",132
1009313,"Will","Martyn","RIC","MID ",161100,0.425714,"NotPlayingNextRound",999,183,999,999,183,"MID",110
1006085,"Connor","McFadyen","BRL","FWD MID",123900,0.423703,"NotPlayingNextRound",999,184,999,166,166,"FWD",133
1013230,"Logan","McDonald","SYD","FWD ",288500,0.423703,"PlayingNextRound",999,999,999,167,167,"FWD",134
1015886,"Max","Heath","STK","RUC FWD",123900,0.423033,"NotPlayingNextRound",999,999,51,168,51,"RUC",51
1009029,"James","Borlase","ADE","DEF ",123900,0.421692,"NotPlayingNextRound",154,999,999,999,154,"DEF",150
992010,"Brayden","Maynard","COL","DEF ",502500,0.419681,"Suspended",155,999,999,999,155,"DEF",151
298264,"Ed","Langdon","MEL","MID ",452300,0.416999,"PlayingNextRound",999,185,999,999,185,"MID",111
1006136,"Lachlan","Sholl","ADE","MID ",361700,0.414317,"EmergencyNextRound",999,186,999,999,186,"MID",112
1008139,"Toby","Bedford","MEL","FWD ",123900,0.414317,"PlayingNextRound",999,999,999,169,169,"FWD",135
1018335,"Brayden","Cook","ADE","MID ",209000,0.411636,"EmergencyNextRound",999,187,999,999,187,"MID",113
270963,"Rory","Sloane","ADE","MID ",528000,0.410965,"PlayingNextRound",999,188,999,999,188,"MID",114
997501,"Ryan","Gardner","WBD","DEF ",211400,0.409624,"PlayingNextRound",156,999,999,999,156,"DEF",152
1018425,"Taj","Woewodin","MEL","MID ",117300,0.407613,"NotPlayingNextRound",999,189,999,999,189,"MID",115
291819,"Adam","Tomlinson","MEL","DEF ",306400,0.403591,"PlayingNextRound",157,999,999,999,157,"DEF",153
1013409,"James","Jordon","MEL","MID ",373500,0.400909,"PlayingNextRound",999,190,999,999,190,"MID",116
1000980,"Lloyd","Meek","FRE","RUC ",263700,0.400239,"PlayingNextRound",999,999,52,999,52,"RUC",52
996232,"Matt","Guelfi","ESS","MID ",315400,0.398898,"PlayingNextRound",999,191,999,999,191,"MID",117
1008454,"Connor","Budarick","GCS","DEF ",234300,0.397557,"NotPlayingNextRound",158,999,999,999,158,"DEF",154
1023270,"Marcus","Windhager","STK","MID FWD",117300,0.394875,"NotPlayingNextRound",999,192,999,170,170,"FWD",136
1001024,"Ned","Reeves","HAW","RUC ",358800,0.392864,"EmergencyNextRound",999,999,53,999,53,"RUC",53
1008083,"Connor","Idun","GWS","DEF ",334400,0.389512,"PlayingNextRound",159,999,999,999,159,"DEF",155
261224,"Dayne","Zorko","BRL","MID ",595400,0.388171,"PlayingNextRound",999,193,999,999,193,"MID",118
1000860,"Lachie","Schultz","FRE","FWD ",325200,0.384149,"PlayingNextRound",999,999,999,171,171,"FWD",137
1017128,"Dante","Visentini","PTA","RUC FWD",117300,0.384149,"NotPlayingNextRound",999,999,54,172,54,"RUC",54
1004364,"Liam","Ryan","WCE","FWD ",337500,0.384149,"PlayingNextRound",999,999,999,173,173,"FWD",138
1011755,"Harrison","Jones","ESS","FWD ",264000,0.382137,"Injury",999,999,999,174,174,"FWD",139
1005986,"Malcolm","Rosas","GCS","FWD ",130600,0.379456,"NotPlayingNextRound",999,999,999,175,175,"FWD",140
297354,"Karl","Amon","PTA","MID ",508400,0.377445,"PlayingNextRound",999,194,999,999,194,"MID",119
1000937,"Jack","Henry","GEE","DEF ",447400,0.376774,"PlayingNextRound",160,999,999,999,160,"DEF",156
998114,"Jack","Scrimshaw","HAW","DEF ",456100,0.37074,"PlayingNextRound",161,999,999,999,161,"DEF",157
281124,"Levi","Casboult","GCS","FWD ",270500,0.366718,"PlayingNextRound",999,999,999,176,176,"FWD",141
1016825,"Matthew","Johnson","FRE","MID ",117300,0.364036,"Injury",999,195,999,999,195,"MID",120
250321,"Joel","Selwood","GEE","MID ",549000,0.364036,"PlayingNextRound",999,196,999,999,196,"MID",121
298409,"Alex","Pearce","FRE","DEF ",303700,0.362025,"PlayingNextRound",162,999,999,999,162,"DEF",158
294307,"Brad","Crouch","STK","MID ",491500,0.360684,"PlayingNextRound",999,197,999,999,197,"MID",122
1005000,"Laitham","Vandermeer","WBD","FWD ",262000,0.359343,"PlayingNextRound",999,999,999,177,177,"FWD",142
240283,"Shannon","Hurn","WCE","DEF ",494600,0.359343,"PlayingNextRound",163,999,999,999,163,"DEF",159
297504,"Daniel","McStay","BRL","FWD ",412200,0.358002,"PlayingNextRound",999,999,999,178,178,"FWD",143
998130,"Ben","Ainsworth","GCS","FWD ",330800,0.356662,"PlayingNextRound",999,999,999,179,179,"FWD",144
280317,"Rhys","Stanley","GEE","RUC ",481000,0.355991,"PlayingNextRound",999,999,55,999,55,"RUC",55
994386,"Tom","Atkins","GEE","DEF ",415700,0.355321,"PlayingNextRound",164,999,999,999,164,"DEF",160
1008185,"Ned","McHenry","ADE","FWD ",292900,0.35331,"PlayingNextRound",999,999,999,180,180,"FWD",145
992054,"Roarke","Smith","WBD","MID ",327200,0.350628,"PlayingNextRound",999,198,999,999,198,"MID",123
1009378,"Trent","Rivers","MEL","DEF ",361200,0.349957,"Injury",165,999,999,999,165,"DEF",161
1002227,"Jack","Higgins","STK","FWD ",408800,0.349957,"PlayingNextRound",999,999,999,181,181,"FWD",146
298302,"Caleb","Marchbank","CAR","DEF ",209300,0.349287,"Injury",166,999,999,999,166,"DEF",162
294877,"Isaac","Smith","GEE","MID ",486500,0.348617,"PlayingNextRound",999,199,999,999,199,"MID",124
1011994,"Ryan","Byrnes","STK","FWD MID",287800,0.347276,"PlayingNextRound",999,200,999,182,182,"FWD",147
1012817,"Zach","Reid","ESS","DEF ",173100,0.345265,"Injury",167,999,999,999,167,"DEF",163
991939,"Zaine","Cordy","WBD","DEF ",304500,0.343924,"PlayingNextRound",168,999,999,999,168,"DEF",164
1002264,"Hunter","Clark","STK","DEF MID",401100,0.33856,"Injury",169,201,999,999,169,"DEF",165
298111,"Jeremy","Finlayson","PTA","FWD ",371800,0.336549,"PlayingNextRound",999,999,999,183,183,"FWD",148
292145,"Tom","Jonas","PTA","DEF ",406500,0.335879,"PlayingNextRound",170,999,999,999,170,"DEF",166
293883,"Jed","Bews","GEE","DEF ",309500,0.333867,"Injury",171,999,999,999,171,"DEF",167
290623,"Josh","Caddy","RIC","MID ",363300,0.333867,"NotPlayingNextRound",999,202,999,999,202,"MID",125
1013973,"Matthew","Owies","CAR","FWD ",296900,0.331186,"PlayingNextRound",999,999,999,184,184,"FWD",149
1004034,"Brandon","Zerk-Thatcher","ESS","DEF ",221300,0.331186,"NotPlayingNextRound",172,999,999,999,172,"DEF",168
998205,"Harry","Perryman","GWS","DEF ",497700,0.329845,"PlayingNextRound",173,999,999,999,173,"DEF",169
1017122,"Blake","Howes","MEL","MID FWD",117300,0.327163,"NotPlayingNextRound",999,203,999,185,185,"FWD",150
1023446,"Alex","Mirkov","CAR","RUC ",123900,0.324482,"NotPlayingNextRound",999,999,56,999,56,"RUC",56
294092,"Anthony","McDonald-Tipungwuti","ESS","FWD ",345400,0.32247,"Injury",999,999,999,186,186,"FWD",151
294557,"Lachie","Hunter","WBD","MID ",479800,0.32113,"PlayingNextRound",999,204,999,999,204,"MID",126
997316,"Lewis","Young","CAR","DEF RUC",332000,0.320459,"NotPlayingNextRound",174,999,57,999,57,"RUC",57
1005199,"Elliott","Himmelberg","ADE","FWD ",251100,0.319789,"PlayingNextRound",999,999,999,187,187,"FWD",152
993480,"Dougal","Howard","STK","DEF ",436700,0.319789,"PlayingNextRound",175,999,999,999,175,"DEF",170
296269,"Darcy","Gardiner","BRL","DEF ",296300,0.315766,"PlayingNextRound",176,999,999,999,176,"DEF",171
990816,"Aaron","Francis","ESS","DEF ",306800,0.315096,"EmergencyNextRound",177,999,999,999,177,"DEF",172
294613,"Jaeger","O'Meara","HAW","MID ",528300,0.315096,"PlayingNextRound",999,205,999,999,205,"MID",127
291861,"Jed","Anderson","NTH","MID FWD",401700,0.315096,"Injury",999,206,999,188,188,"FWD",153
1009191,"Miles","Bergman","PTA","MID ",333800,0.312414,"Injury",999,207,999,999,207,"MID",128
291550,"Josh","Walker","NTH","DEF ",307100,0.310403,"EmergencyNextRound",178,999,999,999,178,"DEF",173
296355,"Luke","McDonald","NTH","MID ",372100,0.309062,"PlayingNextRound",999,208,999,999,208,"MID",129
1009383,"Trey","Ruscoe","COL","DEF ",260100,0.30504,"NotPlayingNextRound",179,999,999,999,179,"DEF",174
1007101,"Nick","Stevens","GEE","MID ",123900,0.30504,"NotPlayingNextRound",999,209,999,999,209,"MID",130
1006314,"Dylan","Moore","HAW","FWD ",416700,0.302358,"PlayingNextRound",999,999,999,189,189,"FWD",154
294654,"James","Stewart","ESS","DEF ",319400,0.301687,"PlayingNextRound",180,999,999,999,180,"DEF",175
1015810,"Sam","Durham","ESS","MID ",298000,0.299006,"NotPlayingNextRound",999,210,999,999,210,"MID",131
1014026,"Kai","Lohmann","BRL","FWD ",121800,0.298335,"NotPlayingNextRound",999,999,999,190,190,"FWD",155
1008537,"Josh","Morris","HAW","FWD ",123900,0.298335,"NotPlayingNextRound",999,999,999,191,191,"FWD",156
1009308,"Noah","Cumberland","RIC","MID FWD",123900,0.297665,"NotPlayingNextRound",999,211,999,192,192,"FWD",157
293222,"Rory","Laird","ADE","MID ",632600,0.296324,"Injury",999,212,999,999,212,"MID",132
998167,"Tom","Williamson","CAR","DEF ",244000,0.294983,"PlayingNextRound",181,999,999,999,181,"DEF",176
993794,"Blake","Hardwick","HAW","DEF ",496400,0.29029,"PlayingNextRound",182,999,999,999,182,"DEF",177
295340,"Mason","Wood","STK","FWD ",346400,0.28895,"PlayingNextRound",999,999,999,193,193,"FWD",158
1015901,"Isaac","Chugg","COL","DEF ",123900,0.288279,"NotPlayingNextRound",183,999,999,999,183,"DEF",178
1011718,"Cooper","Murley","COL","MID FWD",117300,0.286268,"NotPlayingNextRound",999,213,999,194,194,"FWD",159
1005247,"Sam","Taylor","GWS","DEF ",475800,0.286268,"PlayingNextRound",184,999,999,999,184,"DEF",179
280109,"Callan","Ward","GWS","MID ",506200,0.284927,"PlayingNextRound",999,214,999,999,214,"MID",133
1001449,"Mitch","Hannan","WBD","FWD ",277200,0.282916,"PlayingNextRound",999,999,999,195,195,"FWD",160
1015369,"Alastair","Lord","ESS","DEF ",117300,0.281575,"NotPlayingNextRound",185,999,999,999,185,"DEF",180
1006144,"Ben","King","GCS","FWD ",290500,0.281575,"Injury",999,999,999,196,196,"FWD",161
290246,"Tom","Campbell","STK","RUC FWD",312700,0.280905,"EmergencyNextRound",999,999,58,197,58,"RUC",58
1021108,"James","Tunstill","BRL","MID ",117300,0.280234,"NotPlayingNextRound",999,215,999,999,215,"MID",134
270146,"Ed","Curnow","CAR","MID ",468900,0.279564,"NotPlayingNextRound",999,216,999,999,216,"MID",135
992786,"Jake","Aarts","RIC","FWD ",302900,0.278893,"PlayingNextRound",999,999,999,198,198,"FWD",162
294592,"Kamdyn","McIntosh","RIC","MID ",332700,0.278223,"Injury",999,217,999,999,217,"MID",136
1011992,"Louis","Butler","WBD","MID ",130600,0.278223,"Injury",999,218,999,999,218,"MID",137
1009410,"Brandon","Walker","FRE","DEF ",230200,0.276882,"EmergencyNextRound",186,999,999,999,186,"DEF",181
998327,"Kyron","Hayden","NTH","DEF ",199600,0.276212,"EmergencyNextRound",187,999,999,999,187,"DEF",182
296422,"Callum","Wilkie","STK","DEF ",398300,0.275541,"PlayingNextRound",188,999,999,999,188,"DEF",183
1009186,"Trent","Bianco","COL","FWD ",280100,0.2742,"PlayingNextRound",999,999,999,199,199,"FWD",163
999326,"Brad","Close","GEE","FWD ",354700,0.27353,"PlayingNextRound",999,999,999,200,200,"FWD",164
993816,"Darcy","Tucker","FRE","DEF ",323200,0.268837,"EmergencyNextRound",189,999,999,999,189,"DEF",184
1012819,"Josh","Treacy","FRE","FWD ",240600,0.267496,"EmergencyNextRound",999,999,999,201,201,"FWD",165
294674,"Nick","Vlastuin","RIC","DEF ",460400,0.266155,"Injury",190,999,999,999,190,"DEF",185
295446,"Sam","Collins","GCS","DEF ",397300,0.263474,"PlayingNextRound",191,999,999,999,191,"DEF",186
280078,"Luke","Shuey","WCE","MID ",440200,0.262803,"Injury",999,219,999,999,219,"MID",138
291773,"Jack","Newnes","CAR","MID ",362100,0.262133,"NotPlayingNextRound",999,220,999,999,220,"MID",139
298419,"Brandan","Parfitt","GEE","MID ",445000,0.262133,"PlayingNextRound",999,221,999,999,221,"MID",140
260382,"Josh P.","Kennedy","SYD","MID ",506700,0.262133,"PlayingNextRound",999,222,999,999,222,"MID",141
1008154,"Matthew","Cottrell","CAR","MID ",268100,0.261462,"NotPlayingNextRound",999,223,999,999,223,"MID",142
291720,"Will","Hoskin-Elliott","COL","MID ",378000,0.259451,"Injury",999,224,999,999,224,"MID",143
1017751,"Josh","Fahey","GWS","DEF ",117300,0.259451,"NotPlayingNextRound",192,999,999,999,192,"DEF",187
290160,"Michael","Hibberd","MEL","DEF ",316800,0.25744,"NotPlayingNextRound",193,999,999,999,193,"DEF",188
293479,"Cameron","Ellis-Yolmen","BRL","MID ",273800,0.25677,"NotPlayingNextRound",999,225,999,999,225,"MID",144
993903,"Jacob","Hopper","GWS","MID ",527700,0.25677,"PlayingNextRound",999,226,999,999,226,"MID",145
1002922,"Jack","Bytel","STK","MID ",261300,0.256099,"NotPlayingNextRound",999,227,999,999,227,"MID",146
1011589,"Caleb","Poulter","COL","MID ",326100,0.254758,"NotPlayingNextRound",999,228,999,999,228,"MID",147
294168,"Marcus","Adams","BRL","DEF ",417300,0.252077,"PlayingNextRound",194,999,999,999,194,"DEF",189
1009201,"Fischer","Mcasey","ADE","DEF ",161600,0.251406,"NotPlayingNextRound",195,999,999,999,195,"DEF",190
992330,"Jordon","Sweet","WBD","RUC ",255200,0.250736,"NotPlayingNextRound",999,999,59,999,59,"RUC",59
997100,"Will","Hayward","SYD","FWD ",361700,0.250065,"PlayingNextRound",999,999,999,202,202,"FWD",166
290757,"Jimmy","Webster","STK","DEF ",365800,0.248054,"PlayingNextRound",196,999,999,999,196,"DEF",191
1000963,"Harry","Morrison","HAW","FWD MID",349500,0.245372,"PlayingNextRound",999,229,999,203,203,"FWD",167
1018018,"Cooper","Sharman","STK","FWD ",293900,0.244702,"NotPlayingNextRound",999,999,999,204,204,"FWD",168
291545,"Mitch","Wallis","WBD","FWD ",223700,0.244702,"NotPlayingNextRound",999,999,999,205,205,"FWD",169
1005150,"Emerson","Jeka","HAW","FWD ",171500,0.240009,"EmergencyNextRound",999,999,999,206,206,"FWD",170
1002947,"Paul","Curtis","NTH","FWD ",117300,0.240009,"NotPlayingNextRound",999,999,999,207,207,"FWD",171
260113,"Jarryn","Geary","STK","MID ",241000,0.240009,"Injury",999,230,999,999,230,"MID",148
1021103,"Mitchell","Knevitt","GEE","MID ",117300,0.237998,"NotPlayingNextRound",999,231,999,999,231,"MID",149
1015929,"Luke","Cleary","WBD","DEF ",117300,0.237998,"NotPlayingNextRound",197,999,999,999,197,"DEF",192
1012310,"Taj","Schofield","PTA","FWD MID",123900,0.235987,"NotPlayingNextRound",999,232,999,208,208,"FWD",172
281078,"Liam","*** Jones","CAR","DEF ",375900,0.235316,"NotPlayingNextRound",198,999,999,999,198,"DEF",193
1015748,"Aiden","Begg","COL","RUC ",123900,0.235316,"NotPlayingNextRound",999,999,60,999,60,"RUC",60
1018969,"Cian","McBride","ESS","RUC FWD",123900,0.235316,"NotPlayingNextRound",999,999,61,209,61,"RUC",61
1008855,"Oskar","Baker","MEL","MID ",255300,0.235316,"NotPlayingNextRound",999,233,999,999,233,"MID",150
1008882,"Charlie","Ballard","GCS","DEF ",379200,0.233305,"PlayingNextRound",199,999,999,999,199,"DEF",194
298298,"Jackson","Nelson","WCE","DEF ",283000,0.233305,"PlayingNextRound",200,999,999,999,200,"DEF",195
296041,"Tim","O'Brien","WBD","DEF FWD",360500,0.232635,"Injury",201,999,999,210,201,"DEF",196
990606,"Will","Snelling","ESS","FWD ",439700,0.230623,"NotPlayingNextRound",999,999,999,211,211,"FWD",173
294643,"Alex","Sexton","GCS","FWD ",300600,0.230623,"EmergencyNextRound",999,999,999,212,212,"FWD",174
250267,"Paddy","Ryder","STK","RUC ",455900,0.230623,"Injury",999,999,62,999,62,"RUC",62
291978,"Harry","Cunningham","SYD","DEF ",393800,0.228612,"PlayingNextRound",202,999,999,999,202,"DEF",197
1012826,"Bailey","Laurie","MEL","FWD MID",123900,0.227942,"NotPlayingNextRound",999,234,999,213,213,"FWD",175
293193,"Luke","Brown","ADE","DEF ",325100,0.227271,"PlayingNextRound",203,999,999,999,203,"DEF",198
1007102,"Mark","O'Connor","GEE","DEF MID",394400,0.22593,"Injury",204,235,999,999,204,"DEF",199
280506,"Taylor","Walker","ADE","FWD ",469400,0.22526,"Suspended",999,999,999,214,214,"FWD",176
1015712,"Josh","Eyre","ESS","DEF FWD",123900,0.22526,"NotPlayingNextRound",205,999,999,215,205,"DEF",200
1015330,"Hugh","Jackson","PTA","MID ",117300,0.22526,"NotPlayingNextRound",999,236,999,999,236,"MID",151
1006135,"Xavier","O'Halloran","GWS","MID ",299000,0.22459,"PlayingNextRound",999,237,999,999,237,"MID",152
993795,"David","Cuningham","CAR","MID FWD",259100,0.223919,"Injury",999,238,999,216,216,"FWD",177
1012805,"Tanner","Bruhn","GWS","FWD ",263300,0.220567,"EmergencyNextRound",999,999,999,217,217,"FWD",178
295203,"Nathan","Broad","RIC","DEF ",413700,0.220567,"PlayingNextRound",206,999,999,999,206,"DEF",201
292128,"Elliot","Yeo","WCE","MID ",470800,0.219897,"Injury",999,239,999,999,239,"MID",153
993953,"Eric","Hipwood","BRL","FWD ",310300,0.218556,"Injury",999,999,999,218,218,"FWD",179
291357,"Gary","Rohan","GEE","FWD ",376500,0.217885,"Injury",999,999,999,219,219,"FWD",180
293651,"Hayden","Crozier","WBD","DEF ",379400,0.215874,"PlayingNextRound",207,999,999,999,207,"DEF",202
290838,"Jack","Darling","WCE","FWD ",409700,0.214533,"Injury",999,999,999,220,220,"FWD",181
291526,"Luke","Dahlhaus","GEE","FWD ",320900,0.213863,"PlayingNextRound",999,999,999,221,221,"FWD",182
1013511,"Tyler","Brockman","HAW","FWD ",227100,0.213863,"NotPlayingNextRound",999,999,999,222,222,"FWD",183
1006193,"Bigoa","Nyuon","RIC","DEF ",123900,0.213863,"NotPlayingNextRound",208,999,999,999,208,"DEF",203
1013256,"Blake","Coleman","BRL","FWD ",123900,0.211181,"NotPlayingNextRound",999,999,999,223,223,"FWD",184
1000887,"Mitch","Lewis","HAW","FWD ",358500,0.211181,"PlayingNextRound",999,999,999,224,224,"FWD",185
1009380,"Jeremy","Sharp","GCS","MID ",356200,0.210511,"PlayingNextRound",999,240,999,999,240,"MID",154
280737,"Liam","Shiels","HAW","MID ",422200,0.210511,"PlayingNextRound",999,241,999,999,241,"MID",155
1004880,"Ben","Ronke","SYD","FWD ",186200,0.210511,"NotPlayingNextRound",999,999,999,225,225,"FWD",186
1013153,"Patrick","Parnell","ADE","DEF ",123900,0.20917,"NotPlayingNextRound",209,999,999,999,209,"DEF",204
998215,"Will","Setterfield","CAR","MID ",337500,0.207829,"PlayingNextRound",999,242,999,999,242,"MID",156
1006653,"Matt","McGuinness","NTH","DEF FWD",123900,0.207829,"Injury",210,999,999,226,210,"DEF",205
1011771,"Flynn","Perez","NTH","DEF ",147000,0.205147,"Injury",211,999,999,999,211,"DEF",206
1000972,"Willem","Drew","PTA","MID ",472600,0.205147,"PlayingNextRound",999,243,999,999,243,"MID",157
1009195,"Dylan","Williams","PTA","FWD ",123900,0.203807,"NotPlayingNextRound",999,999,999,227,227,"FWD",187
993828,"Rhys","Mathieson","BRL","MID ",337500,0.201125,"EmergencyNextRound",999,244,999,999,244,"MID",158
998134,"Josh","Battle","STK","FWD ",346000,0.199114,"PlayingNextRound",999,999,999,228,228,"FWD",188
1004385,"Oscar","Allen","WCE","FWD ",346300,0.199114,"Injury",999,999,999,229,229,"FWD",189
998195,"Tom","Highmore","STK","DEF ",368300,0.197102,"NotPlayingNextRound",212,999,999,999,212,"DEF",207
1002300,"Jarrod","Brander","GWS","MID ",322600,0.194421,"PlayingNextRound",999,245,999,999,245,"MID",159
1006232,"Sam","Wicks","SYD","FWD ",314700,0.194421,"PlayingNextRound",999,999,999,230,230,"FWD",190
993797,"Tom","Wilson","COL","DEF ",199600,0.189057,"EmergencyNextRound",213,999,999,999,213,"DEF",208
1011929,"Sam","Philp","CAR","FWD ",123900,0.185705,"NotPlayingNextRound",999,999,999,231,231,"FWD",191
1011647,"Phoenix","Spicer","NTH","FWD ",123900,0.184365,"NotPlayingNextRound",999,999,999,232,232,"FWD",192
996442,"Ryan","Clarke","SYD","DEF MID",330500,0.184365,"NotPlayingNextRound",214,246,999,999,214,"DEF",209
993820,"Tom","Cole","WCE","DEF ",300400,0.179001,"Injury",215,999,999,999,215,"DEF",210
1005107,"Nathan","Murphy","COL","MID ",243300,0.178331,"Injury",999,247,999,999,247,"MID",160
1015332,"Harvey","Harrison","COL","MID ",117300,0.17632,"EmergencyNextRound",999,248,999,999,248,"MID",161
1004940,"Sam","Simpson","GEE","FWD ",262700,0.17632,"NotPlayingNextRound",999,999,999,233,233,"FWD",193
997033,"Brennan","Cox","FRE","DEF ",382800,0.174979,"PlayingNextRound",216,999,999,999,216,"DEF",211
1021200,"Lachlan","McAndrew","SYD","RUC ",123900,0.174979,"NotPlayingNextRound",999,999,63,999,63,"RUC",63
999316,"James","Rowe","ADE","FWD ",313300,0.174308,"EmergencyNextRound",999,999,999,234,234,"FWD",194
1021090,"Cooper","Whyte","GEE","MID ",117300,0.174308,"EmergencyNextRound",999,249,999,999,249,"MID",162
1005330,"Kade","Chandler","MEL","FWD ",123900,0.173638,"NotPlayingNextRound",999,999,999,235,235,"FWD",195
293603,"Sam","Mayes","PTA","FWD ",201400,0.172297,"EmergencyNextRound",999,999,999,236,236,"FWD",196
1009385,"Deven","Robertson","BRL","MID ",343300,0.169615,"NotPlayingNextRound",999,250,999,999,250,"MID",163
290085,"Taylor","Duryea","WBD","DEF ",410300,0.168945,"NotPlayingNextRound",217,999,999,999,217,"DEF",212
297899,"James","Harmes","MEL","MID ",473900,0.168275,"PlayingNextRound",999,251,999,999,251,"MID",164
1011243,"Callum","Jamieson","WCE","RUC ",123900,0.168275,"EmergencyNextRound",999,999,64,999,64,"RUC",64
298445,"Alec","Waterman","ESS","FWD ",298100,0.166934,"NotPlayingNextRound",999,999,999,237,237,"FWD",197
1018020,"Flynn","Kroeger","GEE","MID ",117300,0.166934,"NotPlayingNextRound",999,252,999,999,252,"MID",165
293854,"Matt","Taberner","FRE","FWD ",363700,0.166263,"Injury",999,999,999,238,238,"FWD",198
298268,"Liam","Duggan","WCE","DEF MID",411300,0.164252,"Injury",218,253,999,999,218,"DEF",213
1010841,"Jack","Madgen","COL","DEF ",362600,0.163582,"PlayingNextRound",219,999,999,999,219,"DEF",214
291492,"Josh","Bruce","WBD","FWD ",364100,0.163582,"Injury",999,999,999,239,239,"FWD",199
1006576,"Luke","Edwards","WCE","MID ",270600,0.16157,"Injury",999,254,999,999,254,"MID",166
296334,"Orazio","Fantasia","PTA","FWD ",335000,0.159559,"Injury",999,999,999,240,240,"FWD",200
1021013,"Ned","Moyle","GCS","RUC ",123900,0.158889,"EmergencyNextRound",999,999,65,999,65,"RUC",65
1008436,"Kieren","Briggs","GWS","RUC ",311800,0.158889,"EmergencyNextRound",999,999,66,999,66,"RUC",66
293846,"Sebastian","Ross","STK","MID ",428600,0.156877,"PlayingNextRound",999,255,999,999,255,"MID",167
291548,"Ryan","Lester","BRL","DEF ",324500,0.154866,"NotPlayingNextRound",220,999,999,999,220,"DEF",215
298630,"Kyle","Langford","ESS","MID ",472300,0.154866,"PlayingNextRound",999,256,999,999,256,"MID",168
1016116,"Patrick","Murtagh","GCS","RUC FWD",123900,0.153525,"NotPlayingNextRound",999,999,67,241,67,"RUC",67
990740,"Rory","Lobb","FRE","FWD ",396100,0.152185,"PlayingNextRound",999,999,999,242,242,"FWD",201
1008478,"Rhyan","Mansell","RIC","DEF ",263800,0.151514,"NotPlayingNextRound",221,999,999,999,221,"DEF",216
1006127,"Rhylee","West","WBD","FWD ",187800,0.151514,"NotPlayingNextRound",999,999,999,243,243,"FWD",202
298358,"Oleg","Markov","GCS","DEF ",412400,0.150173,"NotPlayingNextRound",222,999,999,999,222,"DEF",217
290314,"Lachlan","Keeffe","GWS","DEF ",343600,0.149503,"PlayingNextRound",223,999,999,999,223,"DEF",218
1002347,"Jack","Payne","BRL","DEF ",338700,0.148162,"NotPlayingNextRound",224,999,999,999,224,"DEF",219
280012,"Jordan","Roughead","COL","DEF ",389800,0.148162,"Injury",225,999,999,999,225,"DEF",220
1004286,"Zac","Langdon","WCE","FWD ",264700,0.148162,"PlayingNextRound",999,999,999,244,244,"FWD",203
293713,"Brandon","Ellis","GCS","MID ",487200,0.14548,"PlayingNextRound",999,257,999,999,257,"MID",169
1007049,"Paul","Tsapatolis","GEE","RUC ",123900,0.14548,"NotPlayingNextRound",999,999,68,999,68,"RUC",68
297406,"Tom","Cutler","ESS","DEF ",336900,0.142799,"EmergencyNextRound",226,999,999,999,226,"DEF",221
294199,"Sam","Menegola","GEE","MID ",491500,0.141458,"Injury",999,258,999,999,258,"MID",170
1006126,"James","Rowbottom","SYD","MID ",406100,0.141458,"PlayingNextRound",999,259,999,999,259,"MID",171
1011633,"James","Willis","GEE","MID ",117300,0.140787,"NotPlayingNextRound",999,260,999,999,260,"MID",172
1013197,"Samuel","Banks","RIC","DEF ",117300,0.140117,"Injury",227,999,999,999,227,"DEF",222
1000267,"Matthew","Parker","RIC","FWD ",304500,0.138776,"NotPlayingNextRound",999,999,999,245,245,"FWD",204
997974,"Ashley","Johnson","COL","FWD ",123900,0.138106,"NotPlayingNextRound",999,999,999,246,246,"FWD",205
1008288,"Atu","Bosenavulagi","NTH","DEF ",293200,0.137435,"NotPlayingNextRound",228,999,999,999,228,"DEF",223
280990,"Steven","Motlop","PTA","FWD ",369200,0.137435,"EmergencyNextRound",999,999,999,247,247,"FWD",206
998128,"Alex","Witherden","WCE","DEF ",471700,0.136095,"Suspended",229,999,999,999,229,"DEF",224
1012837,"Cody","Brand","ESS","DEF ",123900,0.134083,"NotPlayingNextRound",230,999,999,999,230,"DEF",225
991773,"Billy","Frampton","ADE","FWD ",242800,0.133413,"EmergencyNextRound",999,999,999,248,248,"FWD",207
1002770,"Callum L.","Brown","COL","FWD ",270600,0.133413,"EmergencyNextRound",999,999,999,249,249,"FWD",208
290832,"David","Swallow","GCS","MID ",489900,0.133413,"PlayingNextRound",999,261,999,999,261,"MID",173
992059,"Sam","Switkowski","FRE","FWD ",359700,0.132742,"PlayingNextRound",999,999,999,250,250,"FWD",209
290675,"Daniel","Lloyd","GWS","FWD ",354200,0.132742,"PlayingNextRound",999,999,999,251,251,"FWD",210
1004894,"Aiden","Bonar","NTH","DEF ",289000,0.132742,"Injury",231,999,999,999,231,"DEF",226
1008230,"Nick","Murray","ADE","DEF ",312400,0.132072,"PlayingNextRound",232,999,999,999,232,"DEF",227
1002253,"Kane","Farrell","PTA","FWD MID",262400,0.132072,"Injury",999,262,999,252,252,"FWD",211
1003520,"Darragh","Joyce","STK","DEF ",206700,0.132072,"NotPlayingNextRound",233,999,999,999,233,"DEF",228
290622,"Mitch","Brown","MEL","FWD ",293400,0.131402,"NotPlayingNextRound",999,999,999,253,253,"FWD",212
1016082,"Tariek","Newchurch","ADE","FWD ",123900,0.130731,"NotPlayingNextRound",999,999,999,254,254,"FWD",213
296324,"Jesse","Hogan","GWS","FWD ",410300,0.130061,"Injury",999,999,999,255,255,"FWD",214
1004530,"Jacob","Wehr","GWS","DEF ",123900,0.130061,"NotPlayingNextRound",234,999,999,999,234,"DEF",229
996554,"Jake","Waterman","WCE","FWD ",313800,0.12939,"PlayingNextRound",999,999,999,256,256,"FWD",215
990291,"Darcy","Cameron","COL","FWD ",420600,0.12872,"EmergencyNextRound",999,999,999,257,257,"FWD",216
997206,"Andrew","McPherson","ADE","DEF ",307900,0.12805,"EmergencyNextRound",235,999,999,999,235,"DEF",230
1009228,"Leo","Connolly","STK","DEF ",228600,0.12805,"NotPlayingNextRound",236,999,999,999,236,"DEF",231
270935,"Michael","Hurley","ESS","DEF ",349600,0.127379,"Injury",237,999,999,999,237,"DEF",232
1009320,"Hewago Paul","Oea","GCS","FWD MID",123900,0.127379,"NotPlayingNextRound",999,263,999,258,258,"FWD",217
293987,"Jarrod","Lienert","STK","DEF ",319600,0.126709,"EmergencyNextRound",238,999,999,999,238,"DEF",233
1004998,"Todd","Marshall","PTA","FWD ",349900,0.126038,"PlayingNextRound",999,999,999,259,259,"FWD",218
1013260,"Carter","Michael","BRL","DEF ",123900,0.125368,"NotPlayingNextRound",239,999,999,999,239,"DEF",234
1009189,"Jack","Mahony","NTH","FWD ",299400,0.125368,"EmergencyNextRound",999,999,999,260,260,"FWD",219
281373,"Jack","Redden","WCE","MID ",497100,0.125368,"PlayingNextRound",999,264,999,999,264,"MID",174
1008297,"Riley","Collier-Dawkins","RIC","MID ",309000,0.124027,"NotPlayingNextRound",999,265,999,999,265,"MID",175
1003192,"Connor","West","WCE","FWD ",249800,0.124027,"Injury",999,999,999,261,261,"FWD",220
1016189,"Henry","Smith","BRL","FWD ",123900,0.122016,"NotPlayingNextRound",999,999,999,262,262,"FWD",221
1008312,"Liam","Stocker","CAR","DEF ",317900,0.121345,"Injury",240,999,999,999,240,"DEF",235
260227,"Shaun","Higgins","GEE","FWD ",430000,0.121345,"PlayingNextRound",999,999,999,263,263,"FWD",222
294733,"Paul","Seedsman","ADE","MID ",521600,0.120675,"Injury",999,266,999,999,266,"MID",176
280988,"Travis","Colyer","FRE","FWD ",323600,0.120675,"EmergencyNextRound",999,999,999,264,264,"FWD",223
1000044,"Jez","McLennan","GCS","DEF ",123900,0.120675,"NotPlayingNextRound",241,999,999,999,241,"DEF",236
993799,"Brayden","Fiorini","GCS","MID ",551600,0.119334,"EmergencyNextRound",999,267,999,999,267,"MID",177
290826,"Jamie","Cripps","WCE","FWD ",399100,0.117993,"Injury",999,999,999,265,265,"FWD",224
997933,"Griffin","Logue","FRE","DEF ",320100,0.116652,"EmergencyNextRound",242,999,999,999,242,"DEF",237
998791,"Jamaine","Jones","WCE","FWD ",299400,0.116652,"EmergencyNextRound",999,999,999,266,266,"FWD",225
1021659,"Deividas","Uosis","BRL","DEF ",123900,0.113971,"NotPlayingNextRound",243,999,999,999,243,"DEF",238
1006013,"James","Peatling","GWS","DEF ",242400,0.113971,"NotPlayingNextRound",244,999,999,999,244,"DEF",239
1008893,"Harrison","Petty","MEL","DEF ",296700,0.113971,"Injury",245,999,999,999,245,"DEF",240
296254,"Jarman","Impey","HAW","DEF ",494500,0.11263,"Injury",246,999,999,999,246,"DEF",241
296351,"Jack","Billings","STK","MID ",451200,0.11263,"Injury",999,268,999,999,268,"MID",178
1013978,"James","Madden","BRL","DEF ",310300,0.11196,"EmergencyNextRound",247,999,999,999,247,"DEF",242
1006058,"Bailey","Scott","NTH","FWD ",286800,0.11196,"EmergencyNextRound",999,999,999,267,267,"FWD",226
298470,"Shane","McAdam","ADE","FWD ",286300,0.109948,"NotPlayingNextRound",999,999,999,268,268,"FWD",227
280824,"Jake","Melksham","MEL","FWD ",284700,0.109278,"NotPlayingNextRound",999,999,999,269,269,"FWD",228
1012833,"Eddie","Ford","NTH","FWD ",206800,0.109278,"NotPlayingNextRound",999,999,999,270,270,"FWD",229
1015714,"Matthew","Allison","STK","DEF ",123900,0.108607,"NotPlayingNextRound",248,999,999,999,248,"DEF",243
997823,"Josh","Rotham","WCE","DEF ",402500,0.108607,"PlayingNextRound",249,999,999,999,249,"DEF",244
1013208,"Jackson","Callow","HAW","FWD ",123900,0.106596,"NotPlayingNextRound",999,999,999,271,271,"FWD",230
294068,"Andrew","Phillips","ESS","RUC ",411500,0.103915,"EmergencyNextRound",999,999,69,999,69,"RUC",69
1019158,"Barry","O'Connor","SYD","DEF ",123900,0.102574,"NotPlayingNextRound",250,999,999,999,250,"DEF",245
1021660,"Mate","Colina","RIC","RUC ",123900,0.101903,"NotPlayingNextRound",999,999,70,999,70,"RUC",70
1009389,"Jake","Pasini","PTA","DEF ",123900,0.101233,"NotPlayingNextRound",251,999,999,999,251,"DEF",246
1009334,"Matt","Conroy","GCS","RUC ",123900,0.100562,"NotPlayingNextRound",999,999,71,999,71,"RUC",71
998180,"Bailey","Banfield","FRE","FWD ",233500,0.0992216,"EmergencyNextRound",999,999,999,272,272,"FWD",231
291327,"Jonathon","Ceglar","GEE","RUC ",491700,0.0992216,"Injury",999,999,72,999,72,"RUC",72
298265,"Daniel","McKenzie","STK","MID ",351500,0.0992216,"PlayingNextRound",999,269,999,999,269,"MID",179
296296,"Dom","Sheed","WCE","MID ",447800,0.0972104,"Injury",999,270,999,999,270,"MID",180
270938,"Tom","Lynch","NTH","FWD ",413200,0.0972104,"NotPlayingNextRound",999,999,999,273,273,"FWD",232
290188,"Sam","Reid","SYD","FWD ",432700,0.09654,"EmergencyNextRound",999,999,999,274,274,"FWD",233
291848,"Robbie","Fox","SYD","DEF ",325400,0.0958696,"NotPlayingNextRound",252,999,999,999,252,"DEF",247
1011449,"Zane","Trew","WCE","MID ",123900,0.0951991,"Injury",999,271,999,999,271,"MID",181
1000998,"Lachlan","Murphy","ADE","FWD ",296500,0.0938583,"Injury",999,999,999,275,275,"FWD",234
1016433,"Shannon","Neale","GEE","FWD ",123900,0.0938583,"NotPlayingNextRound",999,999,999,276,276,"FWD",235
1002938,"Josh","Honey","CAR","FWD ",216600,0.0931879,"Injury",999,999,999,277,277,"FWD",236
1004938,"Gryan","Miers","GEE","FWD ",337000,0.0911767,"Injury",999,999,999,278,278,"FWD",237
1013247,"Rhys","Nicholls","GCS","DEF ",123900,0.0905062,"NotPlayingNextRound",253,999,999,999,253,"DEF",248
296035,"Trent","Dumont","PTA","MID ",349100,0.0905062,"Injury",999,272,999,999,272,"MID",182
1018016,"Seamus","Mitchell","HAW","FWD ",123900,0.0891654,"NotPlayingNextRound",999,999,999,279,279,"FWD",238
1008600,"Jack","Saunders","HAW","FWD ",123900,0.088495,"NotPlayingNextRound",999,999,999,280,280,"FWD",239
290527,"Trent","McKenzie","PTA","DEF ",456800,0.0871542,"PlayingNextRound",254,999,999,999,254,"DEF",249
1013086,"Fraser","Rosman","MEL","MID ",123900,0.0864837,"NotPlayingNextRound",999,273,999,999,273,"MID",183
1013974,"Mark","Keane","COL","DEF ",238400,0.0858133,"NotPlayingNextRound",255,999,999,999,255,"DEF",250
1013611,"Sam","Sturt","FRE","FWD ",201400,0.0858133,"NotPlayingNextRound",999,999,999,281,281,"FWD",240
1000864,"Lachlan","Bramble","HAW","DEF ",411000,0.0831316,"Injury",256,999,999,999,256,"DEF",251
280921,"Ben","Cunnington","NTH","MID ",591900,0.0831316,"Injury",999,274,999,999,274,"MID",184
1012881,"Ollie","Lord","PTA","FWD ",123900,0.0817908,"NotPlayingNextRound",999,999,999,282,282,"FWD",241
297456,"Nick","Holman","GCS","FWD ",354500,0.0811204,"PlayingNextRound",999,999,999,283,283,"FWD",242
291509,"Adam","Kennedy","GWS","MID ",354400,0.0811204,"NotPlayingNextRound",999,275,999,999,275,"MID",185
1005717,"Nick","Coffield","STK","DEF ",343900,0.0797796,"Injury",257,999,999,999,257,"DEF",252
996483,"Toby","McLean","WBD","FWD ",283000,0.0784387,"Injury",999,999,999,284,284,"FWD",243
1015822,"Dominic","Bedendo","WBD","FWD ",123900,0.0770979,"NotPlayingNextRound",999,999,999,285,285,"FWD",244
992048,"Anthony","Scott","WBD","FWD ",276400,0.0770979,"NotPlayingNextRound",999,999,999,286,286,"FWD",245
1002228,"Lachie","Fogarty","CAR","FWD ",373500,0.0764275,"NotPlayingNextRound",999,999,999,287,287,"FWD",246
1012842,"Liam","McMahon","COL","FWD ",123900,0.0764275,"NotPlayingNextRound",999,999,999,288,288,"FWD",247
1002353,"Mitch","Crowden","FRE","FWD ",257300,0.0764275,"EmergencyNextRound",999,999,999,289,289,"FWD",248
1008091,"Joel","Amartey","SYD","FWD ",297200,0.0750867,"NotPlayingNextRound",999,999,999,290,290,"FWD",249
1020959,"Daniel","Turner","MEL","DEF ",123900,0.0744162,"Injury",258,999,999,999,258,"DEF",253
290032,"Kane","Lambert","RIC","FWD ",415400,0.0730754,"Injury",999,999,999,291,291,"FWD",250
294429,"Luke","Dunstan","MEL","MID ",501700,0.072405,"NotPlayingNextRound",999,276,999,999,276,"MID",186
1009288,"Deakyn","Smith","MEL","DEF ",123900,0.072405,"NotPlayingNextRound",259,999,999,999,259,"DEF",254
294125,"Nathan","Wilson","FRE","DEF ",391300,0.0710642,"Injury",260,999,999,999,260,"DEF",255
294504,"Tom","Clurey","PTA","DEF ",383000,0.0703937,"Injury",261,999,999,999,261,"DEF",256
1003203,"Hayden","McLean","SYD","FWD ",316800,0.0697233,"PlayingNextRound",999,999,999,292,292,"FWD",251
1011437,"Harry","Edwards","WCE","DEF ",369000,0.0697233,"EmergencyNextRound",262,999,999,999,262,"DEF",257
992462,"Daniel","Howe","HAW","MID ",420600,0.0690529,"EmergencyNextRound",999,277,999,999,277,"MID",187
1013532,"Tom","Fullarton","BRL","FWD ",262400,0.0683825,"EmergencyNextRound",999,999,999,293,293,"FWD",252
991988,"Zak","Jones","STK","MID ",503700,0.0657008,"Injury",999,278,999,999,278,"MID",188
996580,"Ethan","Hughes","FRE","DEF ",341600,0.0650304,"NotPlayingNextRound",263,999,999,999,263,"DEF",258
1012863,"Cameron","Fleeton","GWS","DEF ",123900,0.06436,"NotPlayingNextRound",264,999,999,999,264,"DEF",259
1005547,"Josh","Corbett","GCS","FWD ",312100,0.0636896,"NotPlayingNextRound",999,999,999,294,294,"FWD",253
1002291,"James","Bell","SYD","FWD ",227300,0.0636896,"EmergencyNextRound",999,999,999,295,295,"FWD",254
1009260,"Sam","Flanders","GCS","FWD ",299000,0.0623487,"EmergencyNextRound",999,999,999,296,296,"FWD",255
1013138,"Marc","Sheather","SYD","FWD ",123900,0.0596671,"NotPlayingNextRound",999,999,999,297,297,"FWD",256
998260,"Jack","Bowes","GCS","DEF ",450900,0.0589967,"Injury",265,999,999,999,265,"DEF",260
298144,"Sam","Naismith","SYD","RUC ",326600,0.0583262,"Injury",999,999,73,999,73,"RUC",73
996464,"Darcy","MacPherson","GCS","FWD ",321600,0.0576558,"EmergencyNextRound",999,999,999,298,298,"FWD",257
291753,"Sam","Day","GCS","FWD ",277600,0.0556446,"Injury",999,999,999,299,299,"FWD",258
1009015,"Lachlan","McNeil","WBD","FWD ",258300,0.0496108,"NotPlayingNextRound",999,999,999,300,300,"FWD",259
1004850,"Luke","*** Valente","FRE","MID ",123900,0.0422362,,999,279,999,999,279,"MID",189
294570,"Dean","Kent","STK","FWD ",322700,0.0422362,"PlayingNextRound",999,999,999,301,301,"FWD",260
999715,"Jy","Farrar","GCS","DEF ",303200,0.0388842,"NotPlayingNextRound",266,999,999,999,266,"DEF",261
1009708,"Jack","Buckley","GWS","DEF ",337800,0.0388842,"Injury",267,999,999,999,267,"DEF",262
1002251,"Brent","Daniels","GWS","FWD ",315300,0.0221237,"Injury",999,999,999,302,302,"FWD",261
998225,"Zach","Sproule","GWS","FWD ",293900,0.0207829,"Injury",999,999,999,303,303,"FWD",262
1006533,"Riley","Garcia","WBD","FWD ",270300,0.0167604,"Injury",999,999,999,304,304,"FWD",263
