feed_id,season,round,pts,median,player_id,first_name,last_name,team_abbrev,pos_1,pos_2,projected_points,points,avg,avg3,avg5,price,user_team_id,team,coach,picked,type,position,na_flg,na_streak,pts_adj,median_adj,median_fnl,n,scr,pos_scr,scr_pos,weight,scr_wgt,rank,x
298272,2022,2,140,140,292,Touk,Miller,GCS,MID,,,140,138.5,138.5,138.5,677800,5535,We're the Millers,Paul,TRUE,scoring,MID,FALSE,13,140,140,140,1,3.615,3.067,MID,0.391,3.4007320000000005,1,ELITE
295467,2022,2,142,136,714,Jack,Macrae,WBD,MID,,,142,137.5,137.5,137.5,699900,11125,No Way Sloane,Simon,TRUE,scoring,MID,FALSE,12,142,136,136,1,3.299,2.761,MID,0.391,3.088642,2,ELITE
296205,2022,2,111,132,643,Jack,Steele,STK,MID,,,111,99,99,99,685800,10882,Take Me To Parish,James,TRUE,scoring,MID,FALSE,11,111,132,132,1,2.982,2.455,MID,0.391,2.775943,3,ELITE
296735,2022,2,123,123,496,Aaron,Hall,NTH,DEF,,,123,126,126,126,572900,11125,No Way Sloane,Simon,TRUE,scoring,DEF,FALSE,13,123,123,123,1,2.271,2.977,DEF,0.261,2.455266,4,ELITE
298210,2022,2,129,125,464,Christian,Petracca,MEL,MID,,,129,146,146,146,606200,10834,Dunkley's Donuts,Mark,TRUE,scoring,MID,FALSE,11,129,125,125,1,2.429,1.919,MID,0.391,2.22959,5,ELITE
271072,2022,2,124,119,78,Daniel,Rich,BRL,DEF,,,124,97.5,97.5,97.5,582700,63015,Wolf of Walsh St,Jordan,TRUE,scoring,DEF,FALSE,12,124,119,119,1,1.955,2.585,DEF,0.261,2.11943,6,ELITE
998145,2022,2,72,120,232,Sean,Darcy,FRE,RUC,,,72,72,72,72,642600,63015,Wolf of Walsh St,Jordan,TRUE,scoring,RUC,FALSE,1,72,116,120,1,2.034,2.104,RUC,0.087,2.0400899999999997,7,ELITE
994185,2022,2,95,114,144,Jordan,De Goey,COL,MID,FWD,,95,103,103,103,463500,63015,Wolf of Walsh St,Jordan,TRUE,scoring,FWD,FALSE,10,95,111,114,1,1.56,2.964,FWD,0.261,1.926444,8,ELITE
291856,2022,2,82,118,419,Tom,Mitchell,HAW,MID,,,82,81,81,81,638100,10836,Cumming for the DB,Anthony,TRUE,scoring,MID,FALSE,13,82,118,118,1,1.876,1.383,MID,0.391,1.6832369999999999,9,ELITE
996701,2022,2,121,118,463,Clayton,Oliver,MEL,MID,,,121,116.5,116.5,116.5,672000,63015,Wolf of Walsh St,Jordan,TRUE,scoring,MID,FALSE,11,121,118,118,1,1.876,1.383,MID,0.391,1.6832369999999999,10,ELITE
992016,2022,2,117,117,203,Zach,Merrett,ESS,MID,,,117,115,115,115,625700,14003,Bring Me To Fyfe,Luke,TRUE,scoring,MID,FALSE,12,117,117,117,1,1.797,1.306,MID,0.391,1.605019,11,ELITE
993905,2022,2,147,117,672,Callum,Mills,SYD,MID,,,147,115.5,115.5,115.5,612100,5535,We're the Millers,Paul,TRUE,scoring,MID,FALSE,3,147,84,117,1,1.797,1.306,MID,0.391,1.605019,12,ELITE
1005521,2022,2,70,114,71,Oscar,McInerney,BRL,RUC,,,70,96,96,96,509600,10834,Dunkley's Donuts,Mark,TRUE,scoring,RUC,FALSE,12,70,114,114,1,1.56,1.458,RUC,0.087,1.551126,13,ELITE
290778,2022,2,73,116,677,Luke,Parker,SYD,MID,,,73,120,120,120,591600,10834,Dunkley's Donuts,Mark,TRUE,scoring,MID,FALSE,11,73,116,116,1,1.718,1.23,MID,0.391,1.527192,14,ELITE
271129,2022,2,70,113,494,Todd,Goldstein,NTH,RUC,,,70,80,80,80,548800,10834,Dunkley's Donuts,Mark,TRUE,scoring,RUC,FALSE,13,70,113,113,1,1.481,1.35,RUC,0.087,1.4696030000000002,15,ELITE
1006094,2022,2,90,115,128,Sam,Walsh,CAR,MID,,,90,90,90,90,637100,10883,Love is Hind,Lester,TRUE,scoring,MID,FALSE,1,90,115,115,1,1.639,1.153,MID,0.391,1.448974,16,ELITE
293884,2022,2,71,105,214,Jake,Stringer,ESS,MID,FWD,,71,71,71,71,506800,11125,No Way Sloane,Simon,TRUE,scoring,FWD,FALSE,1,71,95,105,1,0.848,2.027,FWD,0.261,1.155719,17,ELITE
291800,2022,2,103,107,346,Tom,Stewart,GEE,DEF,,,103,103,103,103,585700,10836,Cumming for the DB,Anthony,TRUE,scoring,DEF,FALSE,2,103,103,107,1,1.006,1.408,DEF,0.261,1.110922,18,ELITE
993946,2022,2,149,110,18,Ben,Keays,ADE,MID,,,149,138.5,138.5,138.5,560400,10834,Dunkley's Donuts,Mark,TRUE,scoring,MID,FALSE,11,149,110,110,1,1.243,0.77,MID,0.391,1.058057,19,ELITE
1002232,2022,2,189,110,225,Andrew,Brayshaw,FRE,MID,,,189,158,158,158,584300,10883,Love is Hind,Lester,TRUE,scoring,MID,FALSE,3,189,110,110,1,1.243,0.77,MID,0.391,1.058057,20,ELITE
280944,2022,2,122,106,520,Jack,Ziebell,NTH,DEF,,,122,118.5,118.5,118.5,585800,11125,No Way Sloane,Simon,TRUE,scoring,DEF,FALSE,2,122,98,106,1,0.927,1.309,DEF,0.261,1.026702,21,PREMO
250365,2022,2,156,109,525,Travis,Boak,PTA,MID,,,156,152.5,152.5,152.5,578500,10836,Cumming for the DB,Anthony,TRUE,scoring,MID,FALSE,13,156,109,109,1,1.164,0.694,MID,0.391,0.9802299999999999,22,PREMO
261224,2022,2,116,109,88,Dayne,Zorko,BRL,MID,,,116,71,71,71,595400,10836,Cumming for the DB,Anthony,TRUE,scoring,MID,FALSE,11,116,109,109,1,1.164,0.694,MID,0.391,0.9802299999999999,23,PREMO
293222,2022,2,,123,19,Rory,Laird,ADE,MID,,,,0,0,0,632600,10836,Cumming for the DB,Anthony,FALSE,nonscoring,MID,TRUE,2,74.5,109,109,1,1.164,0.694,MID,0.391,0.9802299999999999,24,PREMO
294318,2022,2,96,109,563,Ollie,Wines,PTA,MID,,,96,98.5,98.5,98.5,612600,5535,We're the Millers,Paul,TRUE,scoring,MID,FALSE,13,96,109,109,1,1.164,0.694,MID,0.391,0.9802299999999999,25,PREMO
296347,2022,2,117,109,378,Josh,Kelly,GWS,MID,,,117,116.5,116.5,116.5,582200,14003,Bring Me To Fyfe,Luke,TRUE,scoring,MID,FALSE,4,117,109,109,1,1.164,0.694,MID,0.391,0.9802299999999999,26,PREMO
293957,2022,2,101,107,149,Brodie,Grundy,COL,RUC,,,101,112.5,112.5,112.5,627100,10883,Love is Hind,Lester,TRUE,scoring,RUC,FALSE,11,101,107,107,1,1.006,0.704,RUC,0.087,0.979726,27,PREMO
297566,2022,2,84,105,433,James,Sicily,HAW,DEF,,,84,94.5,94.5,94.5,448100,10882,Take Me To Parish,James,TRUE,scoring,DEF,FALSE,2,84,63.5,105,1,0.848,1.211,DEF,0.261,0.9427430000000001,28,PREMO
992242,2022,2,99,105,8,Jordan,Dawson,ADE,DEF,,,99,98.5,98.5,98.5,550300,10836,Cumming for the DB,Anthony,TRUE,scoring,DEF,FALSE,11,99,105,105,1,0.848,1.211,DEF,0.261,0.9427430000000001,29,PREMO
290550,2022,2,96,108,321,Cameron,Guthrie,GEE,MID,,,96,94,94,94,616700,5535,We're the Millers,Paul,TRUE,scoring,MID,FALSE,12,96,108,108,1,1.085,0.617,MID,0.391,0.9020119999999999,30,PREMO
993817,2022,2,110,108,204,Darcy,Parish,ESS,MID,,,110,104.5,104.5,104.5,621300,10882,Take Me To Parish,James,TRUE,scoring,MID,FALSE,12,110,108,108,1,1.085,0.617,MID,0.391,0.9020119999999999,31,PREMO
271045,2022,2,,107,757,Nic,Naitanui,WCE,RUC,,,,63,63,63,627400,10882,Take Me To Parish,James,FALSE,nonscoring,RUC,TRUE,1,75,106,106,1,0.927,0.596,RUC,0.087,0.8982030000000001,32,PREMO
295342,2022,2,102,104,665,Jake,Lloyd,SYD,DEF,,,102,102,102,102,586600,11125,No Way Sloane,Simon,TRUE,scoring,DEF,FALSE,1,102,100,104,1,0.769,1.113,DEF,0.261,0.858784,33,PREMO
992049,2022,2,136,104,601,Jayden,Short,RIC,DEF,,,136,122.5,122.5,122.5,535200,63015,Wolf of Walsh St,Jordan,TRUE,scoring,DEF,FALSE,11,136,104,104,1,0.769,1.113,DEF,0.261,0.858784,34,PREMO
290799,2022,2,131,107,713,Tom,Liberatore,WBD,MID,,,131,93.5,93.5,93.5,561700,11125,No Way Sloane,Simon,TRUE,scoring,MID,FALSE,7,131,100,107,1,1.006,0.541,MID,0.391,0.8241850000000001,35,PREMO
293535,2022,2,198,107,74,Lachie,Neale,BRL,MID,,,198,169,169,169,543200,10883,Love is Hind,Lester,TRUE,scoring,MID,FALSE,4,198,98,107,1,1.006,0.541,MID,0.391,0.8241850000000001,36,PREMO
297401,2022,2,87,107,6,Matt,Crouch,ADE,MID,,,87,97,97,97,482000,10883,Love is Hind,Lester,TRUE,scoring,MID,FALSE,2,87,66.5,107,1,1.006,0.541,MID,0.391,0.8241850000000001,37,PREMO
293871,2022,2,121,103,141,Jack,Crisp,COL,DEF,MID,,121,95,95,95,571000,10834,Dunkley's Donuts,Mark,TRUE,scoring,DEF,FALSE,11,121,103,103,1,0.69,1.015,DEF,0.261,0.774825,38,PREMO
261510,2022,2,33,100,323,Tom,Hawkins,GEE,FWD,,,33,90.5,90.5,90.5,510900,11125,No Way Sloane,Simon,TRUE,scoring,FWD,FALSE,13,33,100,100,1,0.453,1.506,FWD,0.261,0.727833,39,PREMO
294036,2022,2,117,102,104,George,Hewett,CAR,DEF,MID,,117,124,124,124,399000,10882,Take Me To Parish,James,TRUE,scoring,DEF,FALSE,11,117,102,102,1,0.611,0.917,DEF,0.261,0.690866,40,PREMO
1001026,2022,2,102,102,209,Jordan,Ridley,ESS,DEF,,,102,85,85,85,537100,10836,Cumming for the DB,Anthony,TRUE,scoring,DEF,FALSE,12,102,102,102,1,0.611,0.917,DEF,0.261,0.690866,41,PREMO
297373,2022,2,105,105,693,Marcus,Bontempelli,WBD,MID,,,105,105,105,105,651700,10836,Cumming for the DB,Anthony,TRUE,scoring,MID,FALSE,12,105,105,105,1,0.848,0.388,MID,0.391,0.66814,42,PREMO
1004592,2022,2,99,99,704,Tim,English,WBD,RUC,FWD,,99,111,111,111,482600,10836,Cumming for the DB,Anthony,TRUE,scoring,RUC,FALSE,12,99,99,99,1,0.374,1.402,FWD,0.261,0.642308,43,PREMO
293716,2022,2,99,104,65,Jarryd,Lyons,BRL,MID,,,99,93,93,93,640100,10836,Cumming for the DB,Anthony,TRUE,scoring,MID,FALSE,12,99,104,104,1,0.769,0.311,MID,0.391,0.589922,44,PREMO
1006130,2022,2,,104,726,Bailey,Smith,WBD,MID,,,,139,139,139,472800,10834,Dunkley's Donuts,Mark,FALSE,nonscoring,MID,TRUE,1,75,104,104,1,0.769,0.311,MID,0.391,0.589922,45,PREMO
281065,2022,2,74,98,319,Mitch,Duncan,GEE,MID,FWD,,74,74,74,74,540000,63015,Wolf of Walsh St,Jordan,TRUE,scoring,FWD,FALSE,1,74,73,98,1,0.295,1.298,FWD,0.261,0.556783,46,PREMO
290629,2022,2,72,100,189,Dyson,Heppell,ESS,DEF,,,72,57,57,57,541000,10834,Dunkley's Donuts,Mark,TRUE,scoring,DEF,FALSE,4,72,96,100,1,0.453,0.721,DEF,0.261,0.522948,47,PREMO
295136,2022,2,66,100,700,Caleb,Daniel,WBD,DEF,,,66,84.5,84.5,84.5,510900,14003,Bring Me To Fyfe,Luke,TRUE,scoring,DEF,FALSE,12,66,100,100,1,0.453,0.721,DEF,0.261,0.522948,48,PREMO
990840,2022,2,68,97.5,780,Jack,Hayes,STK,FWD,RUC,,68,97.5,97.5,97.5,102400,63015,Wolf of Walsh St,Jordan,TRUE,scoring,FWD,FALSE,2,68,97.5,97.5,1,0.255,1.246,FWD,0.261,0.513651,49,PREMO
291776,2022,2,59,103,133,Taylor,Adams,COL,MID,,,59,79.5,79.5,79.5,516700,14003,Bring Me To Fyfe,Luke,TRUE,scoring,MID,FALSE,11,59,103,103,1,0.69,0.234,MID,0.391,0.5117039999999999,50,PREMO
993834,2022,2,97,97,702,Josh,Dunkley,WBD,MID,FWD,,97,107,107,107,558200,10834,Dunkley's Donuts,Mark,TRUE,scoring,FWD,FALSE,6,97,71,97,1,0.216,1.194,FWD,0.261,0.471258,51,PREMO
281091,2022,2,113,102,495,Hugh,Greenwood,NTH,MID,,,113,97.5,97.5,97.5,507300,10834,Dunkley's Donuts,Mark,TRUE,scoring,MID,FALSE,2,113,74.5,102,1,0.611,0.158,MID,0.391,0.43387699999999996,52,PREMO
290528,2022,2,88,100,447,Max,Gawn,MEL,RUC,,,88,90,90,90,657400,14003,Bring Me To Fyfe,Luke,TRUE,scoring,RUC,FALSE,11,88,100,100,1,0.453,-0.05,RUC,0.087,0.409239,53,PREMO
294266,2022,2,73,100,662,Tom,Hickey,SYD,RUC,,,73,86.5,86.5,86.5,562000,11125,No Way Sloane,Simon,TRUE,scoring,RUC,FALSE,11,73,100,100,1,0.453,-0.05,RUC,0.087,0.409239,54,PREMO
992468,2022,2,67,100,633,Rowan,Marshall,STK,RUC,,,67,95.5,95.5,95.5,536800,11125,No Way Sloane,Simon,TRUE,scoring,RUC,FALSE,6,67,100,100,1,0.453,-0.05,RUC,0.087,0.409239,55,PREMO
994389,2022,2,114,98,642,Jack,Sinclair,STK,DEF,,,114,107,107,107,469700,14003,Bring Me To Fyfe,Luke,TRUE,scoring,DEF,FALSE,5,114,97,98,1,0.295,0.525,DEF,0.261,0.35502999999999996,56,PREMO
996708,2022,2,86,98,699,Bailey,Dale,WBD,DEF,,,86,101,101,101,518300,10883,Love is Hind,Lester,TRUE,scoring,DEF,FALSE,12,86,98,98,1,0.295,0.525,DEF,0.261,0.35502999999999996,57,PREMO
298539,2022,2,140,95,661,Isaac,Heeney,SYD,FWD,,,140,140.5,140.5,140.5,454500,10834,Dunkley's Donuts,Mark,TRUE,scoring,FWD,FALSE,11,140,95,95,1,0.058,0.985,FWD,0.261,0.299947,58,PREMO
1005729,2022,2,50,95,514,Tarryn,Thomas,NTH,MID,FWD,,50,49,49,49,459300,11125,No Way Sloane,Simon,TRUE,scoring,FWD,FALSE,5,50,84,95,1,0.058,0.985,FWD,0.261,0.299947,59,PREMO
1001398,2022,2,107,100,108,Matthew,Kennedy,CAR,MID,,,107,118.5,118.5,118.5,440900,10883,Love is Hind,Lester,FALSE,nonscoring,MID,FALSE,12,107,100,100,1,0.453,0.005,MID,0.391,0.27783199999999997,60,PREMO
1012013,2022,2,,114,779,Nic,Martin,ESS,FWD,,,,114,114,114,102400,,,,,,,TRUE,1,75,94.5,94.5,1,0.018,0.933,FWD,0.261,0.256815,61,SC RELEVANT
261323,2022,2,94,94,417,Ben,McEvoy,HAW,RUC,FWD,,94,94,94,94,483700,10834,Dunkley's Donuts,Mark,TRUE,scoring,FWD,FALSE,1,94,90,94,1,-0.021,0.881,FWD,0.261,0.214422,62,SC RELEVANT
998172,2022,2,88,94,390,Tim,Taranto,GWS,MID,FWD,,88,103.5,103.5,103.5,529700,10883,Love is Hind,Lester,TRUE,scoring,FWD,FALSE,13,88,94,94,1,-0.021,0.881,FWD,0.261,0.214422,63,SC RELEVANT
1006121,2022,2,136,94,529,Zak,Butters,PTA,FWD,,,136,125,125,125,443600,11125,No Way Sloane,Simon,TRUE,scoring,FWD,FALSE,7,136,75,94,1,-0.021,0.881,FWD,0.261,0.214422,64,SC RELEVANT
294877,2022,2,73,99,341,Isaac,Smith,GEE,MID,,,73,65,65,65,486500,,,,,,,FALSE,4,73,99,99,1,0.374,-0.072,MID,0.391,0.19961399999999999,65,SC RELEVANT
993998,2022,2,79,99,510,Jy,Simpkin,NTH,MID,,,79,95.5,95.5,95.5,529000,63015,Wolf of Walsh St,Jordan,TRUE,scoring,MID,FALSE,13,79,99,99,1,0.374,-0.072,MID,0.391,0.19961399999999999,66,SC RELEVANT
1002267,2022,2,27,99,490,Luke,Davies-Uniacke,NTH,MID,,,27,76,76,76,462100,10882,Take Me To Parish,James,TRUE,scoring,MID,FALSE,13,27,99,99,1,0.374,-0.072,MID,0.391,0.19961399999999999,67,SC RELEVANT
295518,2022,2,100,96,99,Sam,Docherty,CAR,DEF,,,100,122,122,122,533000,5535,We're the Millers,Paul,TRUE,scoring,DEF,FALSE,2,100,73.5,96,1,0.137,0.328,DEF,0.261,0.186851,68,SC RELEVANT
993832,2022,2,82,96,129,Jacob,Weitering,CAR,DEF,,,82,72,72,72,512200,10834,Dunkley's Donuts,Mark,TRUE,scoring,DEF,FALSE,12,82,96,96,1,0.137,0.328,DEF,0.261,0.186851,69,SC RELEVANT
996059,2022,2,72,96,47,Harris,Andrews,BRL,DEF,,,72,70,70,70,517900,10883,Love is Hind,Lester,TRUE,scoring,DEF,FALSE,2,72,96,96,1,0.137,0.328,DEF,0.261,0.186851,70,SC RELEVANT
291962,2022,2,40,93,435,Chad,Wingard,HAW,FWD,MID,,40,49,49,49,501500,63015,Wolf of Walsh St,Jordan,TRUE,scoring,FWD,FALSE,7,40,75,93,1,-0.101,0.777,FWD,0.261,0.128158,71,SC RELEVANT
1005247,2022,2,108,95,391,Sam,Taylor,GWS,DEF,,,108,81,81,81,475800,,,,,,,FALSE,9,108,95,95,1,0.058,0.23,DEF,0.261,0.10289200000000001,72,SC RELEVANT
270917,2022,2,59,97,316,Patrick,Dangerfield,GEE,MID,,,59,107,107,107,567800,14003,Bring Me To Fyfe,Luke,TRUE,scoring,MID,FALSE,13,59,97,97,1,0.216,-0.225,MID,0.391,0.04356899999999998,73,SC RELEVANT
270963,2022,2,100,97,37,Rory,Sloane,ADE,MID,,,100,99,99,99,528000,11125,No Way Sloane,Simon,TRUE,scoring,MID,FALSE,11,100,97,97,1,0.216,-0.225,MID,0.391,0.04356899999999998,74,SC RELEVANT
292128,2022,2,,99,775,Elliot,Yeo,WCE,MID,,,,0,0,0,470800,,,,,,,TRUE,2,74.5,97,97,1,0.216,-0.225,MID,0.391,0.04356899999999998,75,SC RELEVANT
298421,2022,2,51,92,620,Jade,Gresham,STK,MID,FWD,,51,80,80,80,299000,5535,We're the Millers,Paul,TRUE,scoring,FWD,FALSE,2,51,67.5,92,1,-0.18,0.673,FWD,0.261,0.04263300000000003,76,SC RELEVANT
297523,2022,2,110,95,29,Reilly,O'Brien,ADE,RUC,,,110,101,101,101,520600,14003,Bring Me To Fyfe,Luke,TRUE,scoring,RUC,FALSE,2,110,93,95,1,0.058,-0.589,RUC,0.087,0.0017110000000000111,77,SC RELEVANT
291351,2022,2,91,91,404,Jack,Gunston,HAW,FWD,,,91,97.5,97.5,97.5,355200,10836,Cumming for the DB,Anthony,TRUE,scoring,FWD,FALSE,2,91,70,91,1,-0.259,0.569,FWD,0.261,-0.04289200000000001,78,SC RELEVANT
294859,2022,2,117,93,756,Jeremy,McGovern,WCE,DEF,,,117,116,116,116,481900,14003,Bring Me To Fyfe,Luke,TRUE,scoring,DEF,FALSE,2,117,91,93,1,-0.101,0.034,DEF,0.261,-0.06576499999999999,79,SC RELEVANT
992010,2022,2,,100,161,Brayden,Maynard,COL,DEF,,,,0,0,0,502500,63015,Wolf of Walsh St,Jordan,FALSE,nonscoring,DEF,TRUE,2,74.5,93,93,1,-0.101,0.034,DEF,0.261,-0.06576499999999999,80,SC RELEVANT
998205,2022,2,87,93,383,Harry,Perryman,GWS,DEF,,,87,98,98,98,497700,14003,Bring Me To Fyfe,Luke,TRUE,scoring,DEF,FALSE,12,87,93,93,1,-0.101,0.034,DEF,0.261,-0.06576499999999999,81,SC RELEVANT
298174,2022,2,99,94,590,Toby,Nankervis,RIC,RUC,,,99,78.5,78.5,78.5,509300,10883,Love is Hind,Lester,TRUE,scoring,RUC,FALSE,2,99,76,94,1,-0.021,-0.697,RUC,0.087,-0.079812,82,SC RELEVANT
250321,2022,2,66,95,339,Joel,Selwood,GEE,MID,,,66,74.5,74.5,74.5,549000,10834,Dunkley's Donuts,Mark,TRUE,scoring,MID,FALSE,8,66,88,95,1,0.058,-0.378,MID,0.391,-0.11247600000000002,83,SC RELEVANT
1000978,2022,2,116,95,69,Hugh,McCluggage,BRL,MID,,,116,92,92,92,544100,10882,Take Me To Parish,James,TRUE,scoring,MID,FALSE,12,116,95,95,1,0.058,-0.378,MID,0.391,-0.11247600000000002,84,SC RELEVANT
1006314,2022,2,103,90,420,Dylan,Moore,HAW,FWD,,,103,96.5,96.5,96.5,416700,11125,No Way Sloane,Simon,FALSE,nonscoring,FWD,FALSE,2,103,90,90,1,-0.338,0.464,FWD,0.261,-0.128678,85,SC RELEVANT
240283,2022,2,88,92,750,Shannon,Hurn,WCE,DEF,,,88,87,87,87,494600,10883,Love is Hind,Lester,TRUE,scoring,DEF,FALSE,2,88,88,92,1,-0.18,-0.064,DEF,0.261,-0.149724,86,SC RELEVANT
281085,2022,2,108,92,457,Steven,May,MEL,DEF,,,108,92,92,92,492300,10882,Take Me To Parish,James,TRUE,scoring,DEF,FALSE,3,108,90,92,1,-0.18,-0.064,DEF,0.261,-0.149724,87,SC RELEVANT
998659,2022,2,156,92,246,Luke,Ryan,FRE,DEF,,,156,113,113,113,540300,10834,Dunkley's Donuts,Mark,TRUE,scoring,DEF,FALSE,11,156,92,92,1,-0.18,-0.064,DEF,0.261,-0.149724,88,SC RELEVANT
298289,2022,2,120,89,217,Peter,Wright,ESS,RUC,FWD,,120,90.5,90.5,90.5,447700,10834,Dunkley's Donuts,Mark,TRUE,scoring,FWD,FALSE,12,120,89,89,1,-0.417,0.36,FWD,0.261,-0.21420299999999998,89,SC RELEVANT
994295,2022,2,93,91,543,Dan,Houston,PTA,DEF,,,93,118.5,118.5,118.5,467900,5535,We're the Millers,Paul,TRUE,scoring,DEF,FALSE,13,93,91,91,1,-0.259,-0.162,DEF,0.261,-0.23368300000000003,90,SC RELEVANT
280109,2022,2,101,93,392,Callan,Ward,GWS,MID,,,101,85,85,85,506200,63015,Wolf of Walsh St,Jordan,TRUE,scoring,MID,FALSE,13,101,93,93,1,-0.101,-0.531,MID,0.391,-0.26913000000000004,91,SC RELEVANT
1000972,2022,2,98,93,533,Willem,Drew,PTA,MID,,,98,82.5,82.5,82.5,472600,,,,,,,FALSE,13,98,93,93,1,-0.101,-0.531,MID,0.391,-0.26913000000000004,92,SC RELEVANT
294518,2022,2,82,88,56,Joe,Daniher,BRL,FWD,,,82,91.5,91.5,91.5,430500,11125,No Way Sloane,Simon,TRUE,scoring,FWD,FALSE,12,82,88,88,1,-0.496,0.256,FWD,0.261,-0.299728,93,SC RELEVANT
1009399,2022,2,137,88,452,Luke,Jackson,MEL,RUC,FWD,,137,112.5,112.5,112.5,389800,10834,Dunkley's Donuts,Mark,TRUE,scoring,FWD,FALSE,11,137,88,88,1,-0.496,0.256,FWD,0.261,-0.299728,94,SC RELEVANT
1017051,2022,2,58,88,32,Joshua,Rachele,ADE,MID,FWD,,58,88,88,88,184800,10882,Take Me To Parish,James,TRUE,scoring,FWD,FALSE,2,58,88,88,1,-0.496,0.256,FWD,0.261,-0.299728,95,SC RELEVANT
1009528,2022,2,106,92,368,Tom,Green,GWS,MID,,,106,135,135,135,430000,10883,Love is Hind,Lester,TRUE,scoring,MID,FALSE,2,106,71,92,1,-0.18,-0.608,MID,0.391,-0.347348,96,SC RELEVANT
298281,2022,2,,89,456,Jake,Lever,MEL,DEF,,,,0,0,0,494800,10882,Take Me To Parish,James,FALSE,nonscoring,DEF,TRUE,2,74.5,89,89,1,-0.417,-0.358,DEF,0.261,-0.401601,97,SC RELEVANT
291327,2022,2,,94,312,Jonathon,Ceglar,GEE,RUC,,,,0,0,0,491700,,,,,,,TRUE,2,74.5,90,90,1,-0.338,-1.128,RUC,0.087,-0.40673000000000004,98,SC RELEVANT
240052,2022,2,,95,243,David,Mundy,FRE,MID,,,,101,101,101,542300,10836,Cumming for the DB,Anthony,FALSE,nonscoring,MID,TRUE,1,75,91,91,1,-0.259,-0.684,MID,0.391,-0.425175,99,SC RELEVANT
297354,2022,2,134,91,523,Karl,Amon,PTA,MID,,,134,113.5,113.5,113.5,508400,11125,No Way Sloane,Simon,TRUE,scoring,MID,FALSE,13,134,91,91,1,-0.259,-0.684,MID,0.391,-0.425175,100,SC RELEVANT
296225,2022,2,117,86.5,763,Willie,Rioli,WCE,FWD,,,117,86.5,86.5,86.5,225300,,,,,,,FALSE,2,117,,86.5,1,-0.614,0.1,FWD,0.261,-0.42764599999999997,101,SC RELEVANT
291748,2022,2,97,88,38,Brodie,Smith,ADE,DEF,,,97,89.5,89.5,89.5,459600,,,,,,,FALSE,3,97,88,88,1,-0.496,-0.456,DEF,0.261,-0.48556,102,SC RELEVANT
998114,2022,2,106,88,430,Jack,Scrimshaw,HAW,DEF,,,106,97,97,97,456100,10836,Cumming for the DB,Anthony,FALSE,nonscoring,DEF,FALSE,7,106,81,88,1,-0.496,-0.456,DEF,0.261,-0.48556,103,SC RELEVANT
1009256,2022,2,123,88,260,Hayden,Young,FRE,DEF,,,123,107.5,107.5,107.5,418400,,,,,,,FALSE,7,123,71,88,1,-0.496,-0.456,DEF,0.261,-0.48556,104,SC RELEVANT
290746,2022,2,109,89,548,Scott,Lycett,PTA,RUC,,,109,91,91,91,512600,10836,Cumming for the DB,Anthony,TRUE,scoring,RUC,FALSE,12,109,89,89,1,-0.417,-1.235,RUC,0.087,-0.488166,105,SC RELEVANT
1009199,2022,2,106,90,262,Noah,Anderson,GCS,MID,,,106,106,106,106,455000,14003,Bring Me To Fyfe,Luke,TRUE,scoring,MID,FALSE,8,106,90,90,1,-0.338,-0.761,MID,0.391,-0.503393,106,SC RELEVANT
280965,2022,2,95,85,175,Steele,Sidebottom,COL,MID,FWD,,95,92,92,92,475400,10882,Take Me To Parish,James,TRUE,scoring,FWD,FALSE,11,95,85,85,1,-0.733,-0.056,FWD,0.261,-0.556303,107,SC RELEVANT
998484,2022,2,91,85,521,Cameron,Zurhaar,NTH,FWD,,,91,64,64,64,348100,,,,,,,FALSE,5,91,85,85,1,-0.733,-0.056,FWD,0.261,-0.556303,108,SC RELEVANT
292511,2022,2,84,87,348,Zach,Tuohy,GEE,DEF,MID,,84,75,75,75,478100,,,,,,,FALSE,2,84,84,87,1,-0.575,-0.555,DEF,0.261,-0.56978,109,SC RELEVANT
1001396,2022,2,127,87,361,Isaac,Cumming,GWS,DEF,,,127,100,100,100,505700,10836,Cumming for the DB,Anthony,TRUE,scoring,DEF,FALSE,13,127,87,87,1,-0.575,-0.555,DEF,0.261,-0.56978,110,SC RELEVANT
260382,2022,2,95,89,663,Josh P.,Kennedy,SYD,MID,,,95,65,65,65,506700,11125,No Way Sloane,Simon,TRUE,scoring,MID,FALSE,2,95,86,89,1,-0.417,-0.837,MID,0.391,-0.58122,111,SC RELEVANT
993799,2022,2,75,89,280,Brayden,Fiorini,GCS,MID,,,75,80.5,80.5,80.5,551600,63015,Wolf of Walsh St,Jordan,TRUE,scoring,MID,FALSE,10,75,89,89,1,-0.417,-0.837,MID,0.391,-0.58122,112,SC RELEVANT
291313,2022,2,107,86,153,Jeremy,Howe,COL,DEF,,,107,96.5,96.5,96.5,427300,10882,Take Me To Parish,James,TRUE,scoring,DEF,FALSE,3,107,70.5,86,1,-0.654,-0.653,DEF,0.261,-0.6537390000000001,113,SC RELEVANT
295203,2022,2,108,86,569,Nathan,Broad,RIC,DEF,,,108,93.5,93.5,93.5,413700,,,,,,,FALSE,2,108,74,86,1,-0.654,-0.653,DEF,0.261,-0.6537390000000001,114,SC RELEVANT
295265,2022,2,84,86,371,Nick,Haynes,GWS,DEF,,,84,84,84,84,413700,,,,,,,FALSE,1,84,84,86,1,-0.654,-0.653,DEF,0.261,-0.6537390000000001,115,SC RELEVANT
296359,2022,2,,94,469,Christian,Salem,MEL,DEF,,,,5,5,5,514500,5535,We're the Millers,Paul,FALSE,nonscoring,DEF,TRUE,1,75,86,86,1,-0.654,-0.653,DEF,0.261,-0.6537390000000001,116,SC RELEVANT
298268,2022,2,86,86,744,Liam,Duggan,WCE,DEF,MID,,86,86,86,86,411300,,,,,,,FALSE,1,86,73.5,86,1,-0.654,-0.653,DEF,0.261,-0.6537390000000001,117,SC RELEVANT
298288,2022,2,100,86,166,Darcy,Moore,COL,DEF,,,100,93,93,93,488200,10834,Dunkley's Donuts,Mark,TRUE,scoring,DEF,FALSE,2,100,73,86,1,-0.654,-0.653,DEF,0.261,-0.6537390000000001,118,SC RELEVANT
1000223,2022,2,55,86,565,Liam,Baker,RIC,DEF,,,55,58,58,58,449300,,,,,,,FALSE,11,55,86,86,1,-0.654,-0.653,DEF,0.261,-0.6537390000000001,119,SC RELEVANT
294613,2022,2,93,88,426,Jaeger,O'Meara,HAW,MID,,,93,78.5,78.5,78.5,528300,63015,Wolf of Walsh St,Jordan,TRUE,scoring,MID,FALSE,3,93,75,88,1,-0.496,-0.914,MID,0.391,-0.659438,120,SC RELEVANT
297899,2022,2,96,88,448,James,Harmes,MEL,MID,,,96,92,92,92,473900,,,,,,,FALSE,7,96,88,88,1,-0.496,-0.914,MID,0.391,-0.659438,121,SC RELEVANT
1009420,2022,2,64,88,248,Caleb,Serong,FRE,MID,,,64,76,76,76,451000,10882,Take Me To Parish,James,TRUE,scoring,MID,FALSE,11,64,88,88,1,-0.496,-0.914,MID,0.391,-0.659438,122,SC RELEVANT
291790,2022,2,111,83,729,Adam,Treloar,WBD,MID,FWD,,111,95,95,95,483200,10882,Take Me To Parish,James,TRUE,scoring,FWD,FALSE,5,111,72.5,83,1,-0.891,-0.265,FWD,0.261,-0.727614,123,SC RELEVANT
297504,2022,2,42,83,72,Daniel,McStay,BRL,FWD,,,42,41,41,41,412200,,,,,,,FALSE,12,42,83,83,1,-0.891,-0.265,FWD,0.261,-0.727614,124,SC RELEVANT
280317,2022,2,80,86,342,Rhys,Stanley,GEE,RUC,,,80,91.5,91.5,91.5,481000,10882,Take Me To Parish,James,TRUE,scoring,RUC,FALSE,10,80,81,86,1,-0.654,-1.559,RUC,0.087,-0.732735,125,SC RELEVANT
291975,2022,2,75,86,307,Jarrod,Witts,GCS,RUC,,,75,103,103,103,380300,5535,We're the Millers,Paul,TRUE,scoring,RUC,FALSE,2,75,68,86,1,-0.654,-1.559,RUC,0.087,-0.732735,126,SC RELEVANT
260257,2022,2,105,87,170,Scott,Pendlebury,COL,MID,,,105,96,96,96,492300,5535,We're the Millers,Paul,TRUE,scoring,MID,FALSE,2,105,78,87,1,-0.575,-0.991,MID,0.391,-0.737656,127,SC RELEVANT
293713,2022,2,85,87,278,Brandon,Ellis,GCS,MID,,,85,91.5,91.5,91.5,487200,10882,Take Me To Parish,James,TRUE,scoring,MID,FALSE,2,85,75,87,1,-0.575,-0.991,MID,0.391,-0.737656,128,SC RELEVANT
1011640,2022,2,98,86.5,498,Jason,Horne-Francis,NTH,MID,,,98,86.5,86.5,86.5,207300,,,,,,,FALSE,2,98,86.5,86.5,1,-0.614,-1.029,MID,0.391,-0.776265,129,SC RELEVANT
280078,2022,2,107,86,767,Luke,Shuey,WCE,MID,,,107,107,107,107,440200,10883,Love is Hind,Lester,FALSE,nonscoring,MID,FALSE,1,107,75,86,1,-0.654,-1.067,MID,0.391,-0.815483,130,SC RELEVANT
297907,2022,2,76,84,116,Nic,Newman,CAR,DEF,,,76,65.5,65.5,65.5,477100,63015,Wolf of Walsh St,Jordan,TRUE,scoring,DEF,FALSE,12,76,84,84,1,-0.812,-0.849,DEF,0.261,-0.8216570000000001,131,SC RELEVANT
294557,2022,2,63,85,708,Lachie,Hunter,WBD,MID,,,63,58.5,58.5,58.5,479800,,,,,,,FALSE,12,63,85,85,1,-0.733,-1.144,MID,0.391,-0.893701,132,SC RELEVANT
298211,2022,2,56,84,58,Darcy,Fort,BRL,RUC,,,56,74.5,74.5,74.5,307900,11125,No Way Sloane,Simon,FALSE,nonscoring,RUC,FALSE,2,56,60.5,84,1,-0.812,-1.774,RUC,0.087,-0.8956940000000001,133,SC RELEVANT
993902,2022,2,41,84,367,Matt,Flynn,GWS,RUC,,,41,80,80,80,473600,63015,Wolf of Walsh St,Jordan,TRUE,scoring,RUC,FALSE,2,41,74,84,1,-0.812,-1.774,RUC,0.087,-0.8956940000000001,134,SC RELEVANT
294685,2022,2,96,83,130,Zac,Williams,CAR,DEF,,,96,70,70,70,461100,11125,No Way Sloane,Simon,TRUE,scoring,DEF,FALSE,2,96,75,83,1,-0.891,-0.947,DEF,0.261,-0.905616,135,SC RELEVANT
290801,2022,2,,100,748,Andrew,Gaff,WCE,MID,,,,103,103,103,496600,11125,No Way Sloane,Simon,FALSE,nonscoring,MID,TRUE,1,75,84,84,1,-0.812,-1.22,MID,0.391,-0.971528,136,SC RELEVANT
291902,2022,2,84,84,477,Jack,Viney,MEL,MID,,,84,88.5,88.5,88.5,453600,10834,Dunkley's Donuts,Mark,TRUE,scoring,MID,FALSE,3,84,75,84,1,-0.812,-1.22,MID,0.391,-0.971528,137,SC RELEVANT
998102,2022,2,58,84,202,Andrew,McGrath,ESS,MID,,,58,76,76,76,464600,10836,Cumming for the DB,Anthony,TRUE,scoring,MID,FALSE,4,58,72.5,84,1,-0.812,-1.22,MID,0.391,-0.971528,138,SC RELEVANT
240399,2022,2,80,80,657,Lance,Franklin,SYD,FWD,,,80,67.5,67.5,67.5,462000,10836,Cumming for the DB,Anthony,TRUE,scoring,FWD,FALSE,3,80,80,80,1,-1.128,-0.577,FWD,0.261,-0.9841889999999999,139,SC RELEVANT
280711,2022,2,,90,532,Charlie,Dixon,PTA,FWD,,,,0,0,0,484900,10836,Cumming for the DB,Anthony,FALSE,nonscoring,FWD,TRUE,2,74.5,80,80,1,-1.128,-0.577,FWD,0.261,-0.9841889999999999,140,SC RELEVANT
291969,2022,2,99,80,360,Stephen,Coniglio,GWS,MID,FWD,,99,89.5,89.5,89.5,261300,10883,Love is Hind,Lester,TRUE,scoring,FWD,FALSE,3,99,74,80,1,-1.128,-0.577,FWD,0.261,-0.9841889999999999,141,SC RELEVANT
990609,2022,2,91,80,52,Charlie,Cameron,BRL,FWD,,,91,66.5,66.5,66.5,375800,,,,,,,FALSE,12,91,80,80,1,-1.128,-0.577,FWD,0.261,-0.9841889999999999,142,SC RELEVANT
1002312,2022,2,64,80,49,Zac,Bailey,BRL,FWD,MID,,64,75.5,75.5,75.5,459900,14003,Bring Me To Fyfe,Luke,TRUE,scoring,FWD,FALSE,12,64,80,80,1,-1.128,-0.577,FWD,0.261,-0.9841889999999999,143,SC RELEVANT
297452,2022,2,75,82,190,Nick,Hind,ESS,DEF,,,75,79.5,79.5,79.5,506200,10883,Love is Hind,Lester,TRUE,scoring,DEF,FALSE,12,75,82,82,1,-0.97,-1.045,DEF,0.261,-0.989575,144,SC RELEVANT
294307,2022,2,96,83,618,Brad,Crouch,STK,MID,,,96,104,104,104,491500,63015,Wolf of Walsh St,Jordan,TRUE,scoring,MID,FALSE,11,96,83,83,1,-0.891,-1.297,MID,0.391,-1.0497459999999998,145,SC RELEVANT
1002239,2022,2,,93,92,Adam,Cerra,CAR,MID,,,,120,120,120,490200,14003,Bring Me To Fyfe,Luke,FALSE,nonscoring,MID,TRUE,1,75,83,83,1,-0.891,-1.297,MID,0.391,-1.0497459999999998,146,SC RELEVANT
990606,2022,2,,86,212,Will,Snelling,ESS,FWD,,,,0,0,0,439700,,,,,,,TRUE,2,74.5,79,79,1,-1.207,-0.681,FWD,0.261,-1.069714,147,SC RELEVANT
990740,2022,2,88,79,240,Rory,Lobb,FRE,FWD,,,88,100.5,100.5,100.5,396100,,,,,,,FALSE,2,88,74.5,79,1,-1.207,-0.681,FWD,0.261,-1.069714,148,SC RELEVANT
1001299,2022,2,48,79,557,Connor,Rozee,PTA,FWD,,,48,36.5,36.5,36.5,400200,10882,Take Me To Parish,James,FALSE,nonscoring,FWD,FALSE,7,48,74,79,1,-1.207,-0.681,FWD,0.261,-1.069714,149,SC RELEVANT
294305,2022,2,70,81,394,Lachie,Whitfield,GWS,DEF,MID,,70,71.5,71.5,71.5,502600,5535,We're the Millers,Paul,TRUE,scoring,DEF,FALSE,7,70,81,81,1,-1.049,-1.143,DEF,0.261,-1.073534,150,SC RELEVANT
270146,2022,2,,82,97,Ed,Curnow,CAR,MID,,,,0,0,0,468900,,,,,,,TRUE,2,74.5,82,82,1,-0.97,-1.373,MID,0.391,-1.127573,151,SC RELEVANT
294429,2022,2,,90,445,Luke,Dunstan,MEL,MID,,,,0,0,0,501700,,,,,,,TRUE,3,74,82,82,1,-0.97,-1.373,MID,0.391,-1.127573,152,SC RELEVANT
298419,2022,2,69,82,336,Brandan,Parfitt,GEE,MID,,,69,80,80,80,445000,14003,Bring Me To Fyfe,Luke,TRUE,scoring,MID,FALSE,13,69,82,82,1,-0.97,-1.373,MID,0.391,-1.127573,153,WAIVER QUALITY
991988,2022,2,,101,627,Zak,Jones,STK,MID,,,,0,0,0,503700,,,,,,,TRUE,2,74.5,82,82,1,-0.97,-1.373,MID,0.391,-1.127573,154,WAIVER QUALITY
1002222,2022,2,88,82,436,James,Worpel,HAW,MID,,,88,71.5,71.5,71.5,399800,,,,,,,FALSE,3,88,82,82,1,-0.97,-1.373,MID,0.391,-1.127573,155,WAIVER QUALITY
260227,2022,2,,79,325,Shaun,Higgins,GEE,FWD,,,,44,44,44,430000,,,,,,,TRUE,1,75,78,78,1,-1.286,-0.785,FWD,0.261,-1.1552390000000001,156,WAIVER QUALITY
1000953,2022,2,102,78,113,Harry,McKay,CAR,FWD,,,102,90,90,90,421100,14003,Bring Me To Fyfe,Luke,TRUE,scoring,FWD,FALSE,2,102,73,78,1,-1.286,-0.785,FWD,0.261,-1.1552390000000001,157,WAIVER QUALITY
1002227,2022,2,100,78,623,Jack,Higgins,STK,FWD,,,100,78,78,78,408800,,,,,,,FALSE,6,100,75,78,1,-1.286,-0.785,FWD,0.261,-1.1552390000000001,158,WAIVER QUALITY
290527,2022,2,36,80,552,Trent,McKenzie,PTA,DEF,,,36,52,52,52,456800,,,,,,,FALSE,3,36,75,80,1,-1.128,-1.241,DEF,0.261,-1.1574929999999999,159,WAIVER QUALITY
296733,2022,2,108,80,310,Mark,Blicavs,GEE,DEF,,,108,80.5,80.5,80.5,456400,,,,,,,FALSE,13,108,80,80,1,-1.128,-1.241,DEF,0.261,-1.1574929999999999,160,WAIVER QUALITY
294733,2022,2,,92,35,Paul,Seedsman,ADE,MID,,,,0,0,0,521600,,,,,,,TRUE,2,74.5,81,81,1,-1.049,-1.45,MID,0.391,-1.205791,161,WAIVER QUALITY
990704,2022,2,162,81,94,Patrick,Cripps,CAR,MID,,,162,147,147,147,454800,5535,We're the Millers,Paul,TRUE,scoring,MID,FALSE,3,162,75,81,1,-1.049,-1.45,MID,0.391,-1.205791,162,WAIVER QUALITY
1000981,2022,2,111,77,597,Daniel,Rioli,RIC,DEF,FWD,,111,91,91,91,336000,10883,Love is Hind,Lester,TRUE,scoring,FWD,FALSE,9,111,77,77,1,-1.365,-0.89,FWD,0.261,-1.241025,163,WAIVER QUALITY
291978,2022,2,81,79,654,Harry,Cunningham,SYD,DEF,,,81,58.5,58.5,58.5,393800,,,,,,,FALSE,6,81,78,79,1,-1.207,-1.339,DEF,0.261,-1.241452,164,WAIVER QUALITY
295584,2022,2,89,79,625,Bradley,Hill,STK,DEF,,,89,93,93,93,394900,,,,,,,FALSE,11,89,79,79,1,-1.207,-1.339,DEF,0.261,-1.241452,165,WAIVER QUALITY
992128,2022,2,79,79,528,Ryan,Burton,PTA,DEF,,,79,77.5,77.5,77.5,408200,10883,Love is Hind,Lester,FALSE,nonscoring,DEF,FALSE,13,79,79,79,1,-1.207,-1.339,DEF,0.261,-1.241452,166,WAIVER QUALITY
1000937,2022,2,46,79,324,Jack,Henry,GEE,DEF,,,46,32.5,32.5,32.5,447400,,,,,,,FALSE,13,46,79,79,1,-1.207,-1.339,DEF,0.261,-1.241452,167,WAIVER QUALITY
295898,2022,2,61,80,753,Tim,Kelly,WCE,MID,,,61,61,61,61,464700,10883,Love is Hind,Lester,TRUE,scoring,MID,FALSE,1,61,75,80,1,-1.128,-1.527,MID,0.391,-1.2840089999999997,168,WAIVER QUALITY
1001024,2022,2,45,79,428,Ned,Reeves,HAW,RUC,,,45,55,55,55,358800,10882,Take Me To Parish,James,TRUE,scoring,RUC,FALSE,2,45,73.5,79,1,-1.207,-2.313,RUC,0.087,-1.303222,169,WAIVER QUALITY
295461,2022,2,71,78,124,Adam,Saad,CAR,DEF,,,71,105,105,105,449800,10836,Cumming for the DB,Anthony,TRUE,scoring,DEF,FALSE,12,71,78,78,1,-1.286,-1.438,DEF,0.261,-1.325672,170,WAIVER QUALITY
994599,2022,2,96,78,526,Riley,Bonner,PTA,DEF,MID,,96,93,93,93,364200,14003,Bring Me To Fyfe,Luke,TRUE,scoring,DEF,FALSE,8,96,78,78,1,-1.286,-1.438,DEF,0.261,-1.325672,171,WAIVER QUALITY
1000864,2022,2,,79,395,Lachlan,Bramble,HAW,DEF,,,,0,0,0,411000,,,,,,,TRUE,2,74.5,78,78,1,-1.286,-1.438,DEF,0.261,-1.325672,172,WAIVER QUALITY
1008198,2022,2,38,78,667,Tom,McCartin,SYD,DEF,,,38,67,67,67,390900,10834,Dunkley's Donuts,Mark,FALSE,nonscoring,DEF,FALSE,11,38,78,78,1,-1.286,-1.438,DEF,0.261,-1.325672,173,WAIVER QUALITY
1011936,2022,2,,78,669,Justin,McInerney,SYD,DEF,MID,,,54,54,54,411000,,,,,,,TRUE,1,75,78,78,1,-1.286,-1.438,DEF,0.261,-1.325672,174,WAIVER QUALITY
293801,2022,2,76,76,147,Jamie,Elliott,COL,FWD,,,76,71,71,71,428300,,,,,,,FALSE,11,76,76,76,1,-1.444,-0.994,FWD,0.261,-1.32655,175,WAIVER QUALITY
993107,2022,2,76,76,373,Harry,Himmelberg,GWS,FWD,,,76,83.5,83.5,83.5,390400,,,,,,,FALSE,13,76,76,76,1,-1.444,-0.994,FWD,0.261,-1.32655,176,WAIVER QUALITY
993903,2022,2,,89,375,Jacob,Hopper,GWS,MID,,,,67,67,67,527700,11125,No Way Sloane,Simon,FALSE,nonscoring,MID,TRUE,1,75,79,79,1,-1.207,-1.603,MID,0.391,-1.361836,177,WAIVER QUALITY
294168,2022,2,81,77,45,Marcus,Adams,BRL,DEF,,,81,93.5,93.5,93.5,417300,,,,,,,FALSE,3,81,75,77,1,-1.365,-1.536,DEF,0.261,-1.409631,178,WAIVER QUALITY
1000932,2022,2,105,77,9,Tom,Doedee,ADE,DEF,,,105,91,91,91,464700,,,,,,,FALSE,7,105,77,77,1,-1.365,-1.536,DEF,0.261,-1.409631,179,WAIVER QUALITY
1007881,2022,2,77,77,297,Wil,Powell,GCS,DEF,,,77,91,91,91,446600,10883,Love is Hind,Lester,TRUE,scoring,DEF,FALSE,13,77,77,77,1,-1.365,-1.536,DEF,0.261,-1.409631,180,WAIVER QUALITY
295344,2022,2,,84,369,Toby,Greene,GWS,FWD,,,,0,0,0,495000,5535,We're the Millers,Paul,FALSE,nonscoring,FWD,TRUE,2,74.5,75,75,1,-1.523,-1.098,FWD,0.261,-1.412075,181,WAIVER QUALITY
298312,2022,2,80,75,776,Patrick,McCartin,SYD,DEF,FWD,,80,75,75,75,157800,,,,,,,FALSE,2,80,75,75,1,-1.523,-1.098,FWD,0.261,-1.412075,182,WAIVER QUALITY
990827,2022,2,75,75,581,Jack,Graham,RIC,MID,FWD,,75,61.5,61.5,61.5,457500,10836,Cumming for the DB,Anthony,TRUE,scoring,FWD,FALSE,11,75,75,75,1,-1.523,-1.098,FWD,0.261,-1.412075,183,WAIVER QUALITY
993993,2022,2,75,75,568,Shai,Bolton,RIC,FWD,MID,,75,88,88,88,458600,5535,We're the Millers,Paul,TRUE,scoring,FWD,FALSE,11,75,75,75,1,-1.523,-1.098,FWD,0.261,-1.412075,184,WAIVER QUALITY
996765,2022,2,,75,676,Tom,Papley,SYD,FWD,,,,0,0,0,382300,,,,,,,TRUE,2,74.5,75,75,1,-1.523,-1.098,FWD,0.261,-1.412075,185,WAIVER QUALITY
290032,2022,2,,79,583,Kane,Lambert,RIC,FWD,,,,0,0,0,415400,,,,,,,TRUE,3,74,74.5,74.5,1,-1.563,-1.15,FWD,0.261,-1.455207,186,WAIVER QUALITY
290847,2022,2,,94,586,Dustin,Martin,RIC,MID,FWD,,,108,108,108,503500,63015,Wolf of Walsh St,Jordan,FALSE,nonscoring,FWD,TRUE,1,75,74.5,74.5,1,-1.563,-1.15,FWD,0.261,-1.455207,187,WAIVER QUALITY
291861,2022,2,,86,480,Jed,Anderson,NTH,MID,FWD,,,0,0,0,401700,63015,Wolf of Walsh St,Jordan,FALSE,nonscoring,FWD,TRUE,2,74.5,74.5,74.5,1,-1.563,-1.15,FWD,0.261,-1.455207,188,WAIVER QUALITY
997142,2022,2,,83,664,Peter,Ladhams,SYD,RUC,FWD,,,0,0,0,415100,,,,,,,TRUE,2,74.5,74.5,74.5,1,-1.563,-1.15,FWD,0.261,-1.455207,189,WAIVER QUALITY
993794,2022,2,73,76,405,Blake,Hardwick,HAW,DEF,,,73,62.5,62.5,62.5,496400,63015,Wolf of Walsh St,Jordan,TRUE,scoring,DEF,FALSE,7,73,75,76,1,-1.444,-1.634,DEF,0.261,-1.49359,190,WAIVER QUALITY
261396,2022,2,,81,541,Robbie,Gray,PTA,FWD,,,,33,33,33,455500,5535,We're the Millers,Paul,FALSE,nonscoring,FWD,TRUE,1,75,74,74,1,-1.602,-1.202,FWD,0.261,-1.4976,191,WAIVER QUALITY
1006143,2022,2,110,74,630,Max,King,STK,FWD,,,110,95.5,95.5,95.5,336400,,,,,,,FALSE,2,110,67,74,1,-1.602,-1.202,FWD,0.261,-1.4976,192,WAIVER QUALITY
1006126,2022,2,78,77,683,James,Rowbottom,SYD,MID,,,78,98.5,98.5,98.5,406100,10836,Cumming for the DB,Anthony,TRUE,scoring,MID,FALSE,5,78,68,77,1,-1.365,-1.756,MID,0.391,-1.517881,193,WAIVER QUALITY
298290,2022,2,79,76,122,Marc,Pittonet,CAR,RUC,,,79,75.5,75.5,75.5,462700,,,,,,,FALSE,2,79,73,76,1,-1.444,-2.636,RUC,0.087,-1.5477040000000002,194,WAIVER QUALITY
280819,2022,2,,79,582,Dylan,Grimes,RIC,DEF,,,,59,59,59,389100,,,,,,,TRUE,1,75,75,75,1,-1.523,-1.732,DEF,0.261,-1.5775489999999999,195,WAIVER QUALITY
294469,2022,2,,77,522,Aliir,Aliir,PTA,DEF,,,,40,40,40,477000,,,,,,,TRUE,1,75,75,75,1,-1.523,-1.732,DEF,0.261,-1.5775489999999999,196,WAIVER QUALITY
294674,2022,2,,80,606,Nick,Vlastuin,RIC,DEF,,,,0,0,0,460400,,,,,,,TRUE,2,74.5,75,75,1,-1.523,-1.732,DEF,0.261,-1.5775489999999999,197,WAIVER QUALITY
997823,2022,2,,75,764,Josh,Rotham,WCE,DEF,,,,69,69,69,402500,,,,,,,TRUE,1,75,75,75,1,-1.523,-1.732,DEF,0.261,-1.5775489999999999,198,WAIVER QUALITY
280744,2022,2,73,73,396,Luke,Breust,HAW,FWD,,,73,73,73,73,387600,,,,,,,FALSE,1,73,72,73,1,-1.682,-1.306,FWD,0.261,-1.5838640000000002,199,WAIVER QUALITY
290838,2022,2,36,73,743,Jack,Darling,WCE,FWD,,,36,36,36,36,409700,10836,Cumming for the DB,Anthony,TRUE,scoring,FWD,FALSE,1,36,73,73,1,-1.682,-1.306,FWD,0.261,-1.5838640000000002,200,WAIVER QUALITY
293813,2022,2,79,73,584,Tom J.,Lynch,RIC,FWD,,,79,58.5,58.5,58.5,381300,,,,,,,FALSE,10,79,73,73,1,-1.682,-1.306,FWD,0.261,-1.5838640000000002,201,SC IRRELEVANT
1001017,2022,2,134,73,499,Nick,Larkey,NTH,FWD,,,134,96,96,96,327300,,,,,,,FALSE,13,134,73,73,1,-1.682,-1.306,FWD,0.261,-1.5838640000000002,202,SC IRRELEVANT
1011659,2022,2,82,73,508,Tom,Powell,NTH,FWD,MID,,82,82,82,82,368500,,,,,,,FALSE,2,82,68.5,73,1,-1.682,-1.306,FWD,0.261,-1.5838640000000002,203,SC IRRELEVANT
1013128,2022,2,114,73,659,Errol,Gulden,SYD,FWD,,,114,105.5,105.5,105.5,415600,10882,Take Me To Parish,James,TRUE,scoring,FWD,FALSE,11,114,73,73,1,-1.682,-1.306,FWD,0.261,-1.5838640000000002,204,SC IRRELEVANT
990290,2022,2,,75,737,Tom,Barrass,WCE,DEF,,,,75,75,75,431700,,,,,,,TRUE,1,75,74.5,74.5,1,-1.563,-1.781,DEF,0.261,-1.619898,205,SC IRRELEVANT
1023261,2022,2,53,75.5,143,Nick,Daicos,COL,MID,,,53,75.5,75.5,75.5,193800,10883,Love is Hind,Lester,TRUE,scoring,MID,FALSE,2,53,75.5,75.5,1,-1.484,-1.871,MID,0.391,-1.6353170000000001,206,SC IRRELEVANT
293193,2022,2,45,74,3,Luke,Brown,ADE,DEF,,,45,70,70,70,325100,,,,,,,FALSE,2,45,70.5,74,1,-1.602,-1.83,DEF,0.261,-1.661508,207,SC IRRELEVANT
294504,2022,2,,79,531,Tom,Clurey,PTA,DEF,,,,0,0,0,383000,,,,,,,TRUE,3,74,74,74,1,-1.602,-1.83,DEF,0.261,-1.661508,208,SC IRRELEVANT
297473,2022,2,74,74,195,Jake,Kelly,ESS,DEF,,,74,58,58,58,372900,,,,,,,FALSE,2,74,74,74,1,-1.602,-1.83,DEF,0.261,-1.661508,209,SC IRRELEVANT
997078,2022,2,74,74,207,Mason,Redman,ESS,DEF,,,74,73,73,73,410800,,,,,,,FALSE,12,74,74,74,1,-1.602,-1.83,DEF,0.261,-1.661508,210,SC IRRELEVANT
998128,2022,2,63,74,774,Alex,Witherden,WCE,DEF,,,63,63,63,63,471700,5535,We're the Millers,Paul,TRUE,scoring,DEF,FALSE,1,63,74.5,74,1,-1.602,-1.83,DEF,0.261,-1.661508,211,SC IRRELEVANT
1007102,2022,2,,73,335,Mark,O'Connor,GEE,DEF,MID,,,0,0,0,394400,,,,,,,TRUE,2,72.5,74,74,1,-1.602,-1.83,DEF,0.261,-1.661508,212,SC IRRELEVANT
1008089,2022,2,82,74,172,Isaac,Quaynor,COL,DEF,,,82,75.5,75.5,75.5,406600,,,,,,,FALSE,2,82,74.5,74,1,-1.602,-1.83,DEF,0.261,-1.661508,213,SC IRRELEVANT
1009378,2022,2,80,74,467,Trent,Rivers,MEL,DEF,,,80,80,80,80,361200,,,,,,,FALSE,1,80,74,74,1,-1.602,-1.83,DEF,0.261,-1.661508,214,SC IRRELEVANT
290826,2022,2,,72,742,Jamie,Cripps,WCE,FWD,,,,0,0,0,399100,,,,,,,TRUE,2,71.5,72,72,1,-1.761,-1.41,FWD,0.261,-1.6693889999999998,215,SC IRRELEVANT
293581,2022,2,61,72,68,Lincoln,McCarthy,BRL,FWD,,,61,79,79,79,421800,,,,,,,FALSE,12,61,72,72,1,-1.761,-1.41,FWD,0.261,-1.6693889999999998,216,SC IRRELEVANT
296041,2022,2,,72,720,Tim,O'Brien,WBD,DEF,FWD,,,0,0,0,360500,14003,Bring Me To Fyfe,Luke,FALSE,nonscoring,DEF,TRUE,2,71.5,72,72,1,-1.761,-1.41,FWD,0.261,-1.6693889999999998,217,SC IRRELEVANT
250267,2022,2,,95,640,Paddy,Ryder,STK,RUC,,,,0,0,0,455900,,,,,,,TRUE,6,72.5,74.5,74.5,1,-1.563,-2.797,RUC,0.087,-1.670358,218,SC IRRELEVANT
280737,2022,2,,75,432,Liam,Shiels,HAW,MID,,,,79,79,79,422200,,,,,,,TRUE,1,75,75,75,1,-1.523,-1.909,MID,0.391,-1.673926,219,SC IRRELEVANT
280921,2022,2,,126,488,Ben,Cunnington,NTH,MID,,,,0,0,0,591900,,,,,,,TRUE,6,72.5,75,75,1,-1.523,-1.909,MID,0.391,-1.673926,220,SC IRRELEVANT
281373,2022,2,,96,762,Jack,Redden,WCE,MID,,,,106,106,106,497100,10883,Love is Hind,Lester,FALSE,nonscoring,MID,TRUE,1,75,75,75,1,-1.523,-1.909,MID,0.391,-1.673926,221,SC IRRELEVANT
290627,2022,2,,89,594,Dion,Prestia,RIC,MID,,,,42,42,42,463900,,,,,,,TRUE,1,75,75,75,1,-1.523,-1.909,MID,0.391,-1.673926,222,SC IRRELEVANT
294199,2022,2,,82,330,Sam,Menegola,GEE,MID,,,,0,0,0,491500,,,,,,,TRUE,2,74.5,75,75,1,-1.523,-1.909,MID,0.391,-1.673926,223,SC IRRELEVANT
298630,2022,2,,95,196,Kyle,Langford,ESS,MID,,,,4,4,4,472300,,,,,,,TRUE,1,75,75,75,1,-1.523,-1.909,MID,0.391,-1.673926,224,SC IRRELEVANT
992462,2022,2,,83,407,Daniel,Howe,HAW,MID,,,,0,0,0,420600,,,,,,,TRUE,2,74.5,74.5,74.5,1,-1.563,-1.948,MID,0.391,-1.7135349999999998,225,SC IRRELEVANT
993828,2022,2,,76,67,Rhys,Mathieson,BRL,MID,,,,0,0,0,337500,,,,,,,TRUE,4,73.5,74.5,74.5,1,-1.563,-1.948,MID,0.391,-1.7135349999999998,226,SC IRRELEVANT
296269,2022,2,82,73,60,Darcy,Gardiner,BRL,DEF,,,82,78,78,78,296300,,,,,,,FALSE,4,82,69,73,1,-1.682,-1.928,DEF,0.261,-1.746206,227,SC IRRELEVANT
994386,2022,2,90,73,308,Tom,Atkins,GEE,DEF,,,90,88.5,88.5,88.5,415700,,,,,,,FALSE,3,90,66,73,1,-1.682,-1.928,DEF,0.261,-1.746206,228,SC IRRELEVANT
998260,2022,2,,73,266,Jack,Bowes,GCS,DEF,,,,0,0,0,450900,,,,,,,TRUE,3,72,73,73,1,-1.682,-1.928,DEF,0.261,-1.746206,229,SC IRRELEVANT
1006028,2022,2,79,73,651,Nick,Blakey,SYD,DEF,,,79,88.5,88.5,88.5,325100,5535,We're the Millers,Paul,TRUE,scoring,DEF,FALSE,2,79,73,73,1,-1.682,-1.928,DEF,0.261,-1.746206,230,SC IRRELEVANT
291570,2022,2,,99,235,Nat,Fyfe,FRE,MID,,,,0,0,0,546500,14003,Bring Me To Fyfe,Luke,FALSE,nonscoring,MID,TRUE,6,72.5,74,74,1,-1.602,-1.986,MID,0.391,-1.752144,231,SC IRRELEVANT
291589,2022,2,74,74,788,Aaron,Black,WCE,MID,,,74,74,74,74,102400,,,,,,,FALSE,1,74,,74,1,-1.602,-1.986,MID,0.391,-1.752144,232,SC IRRELEVANT
291720,2022,2,55,74,152,Will,Hoskin-Elliott,COL,MID,,,55,55,55,55,378000,,,,,,,FALSE,1,55,74,74,1,-1.602,-1.986,MID,0.391,-1.752144,233,SC IRRELEVANT
296296,2022,2,,74,766,Dom,Sheed,WCE,MID,,,,0,0,0,447800,,,,,,,TRUE,2,73.5,74,74,1,-1.602,-1.986,MID,0.391,-1.752144,234,SC IRRELEVANT
296351,2022,2,,80,610,Jack,Billings,STK,MID,,,,0,0,0,451200,,,,,,,TRUE,5,73,74,74,1,-1.602,-1.986,MID,0.391,-1.752144,235,SC IRRELEVANT
296355,2022,2,88,74,502,Luke,McDonald,NTH,MID,,,88,114,114,114,372100,10834,Dunkley's Donuts,Mark,TRUE,scoring,MID,FALSE,12,88,74,74,1,-1.602,-1.986,MID,0.391,-1.752144,236,SC IRRELEVANT
296420,2022,2,107,71,462,Alex,Neal-Bullen,MEL,FWD,,,107,100.5,100.5,100.5,396900,10883,Love is Hind,Lester,TRUE,scoring,FWD,FALSE,11,107,71,71,1,-1.84,-1.515,FWD,0.261,-1.7551750000000002,237,SC IRRELEVANT
990291,2022,2,19,71,138,Darcy,Cameron,COL,FWD,,,19,19,19,19,420600,,,,,,,FALSE,1,19,71,71,1,-1.84,-1.515,FWD,0.261,-1.7551750000000002,238,SC IRRELEVANT
294125,2022,2,,73,258,Nathan,Wilson,FRE,DEF,,,,0,0,0,391300,,,,,,,TRUE,4,71.5,72.5,72.5,1,-1.721,-1.977,DEF,0.261,-1.787816,239,SC IRRELEVANT
296254,2022,2,,91,408,Jarman,Impey,HAW,DEF,,,,0,0,0,494500,,,,,,,TRUE,11,70,72.5,72.5,1,-1.721,-1.977,DEF,0.261,-1.787816,240,SC IRRELEVANT
298358,2022,2,,74,290,Oleg,Markov,GCS,DEF,,,,0,0,0,412400,,,,,,,TRUE,6,71.5,72.5,72.5,1,-1.721,-1.977,DEF,0.261,-1.787816,241,SC IRRELEVANT
996580,2022,2,,76,238,Ethan,Hughes,FRE,DEF,,,,0,0,0,341600,,,,,,,TRUE,7,72,72.5,72.5,1,-1.721,-1.977,DEF,0.261,-1.787816,242,SC IRRELEVANT
1008436,2022,2,,77,355,Kieren,Briggs,GWS,RUC,,,,0,0,0,311800,,,,,,,TRUE,2,74.5,73,73,1,-1.682,-2.959,RUC,0.087,-1.793099,243,SC IRRELEVANT
280012,2022,2,,72,173,Jordan,Roughead,COL,DEF,,,,0,0,0,389800,,,,,,,TRUE,2,71.5,72,72,1,-1.761,-2.026,DEF,0.261,-1.8301649999999998,244,SC IRRELEVANT
998390,2022,2,30,72,410,Changkuoth,Jiath,HAW,DEF,,,30,74,74,74,459300,10882,Take Me To Parish,James,TRUE,scoring,DEF,FALSE,2,30,71,72,1,-1.761,-2.026,DEF,0.261,-1.8301649999999998,245,SC IRRELEVANT
1002245,2022,2,77,72,566,Noah,Balta,RIC,DEF,,,77,68.5,68.5,68.5,361600,,,,,,,FALSE,2,77,56.5,72,1,-1.761,-2.026,DEF,0.261,-1.8301649999999998,246,SC IRRELEVANT
1010841,2022,2,49,72,160,Jack,Madgen,COL,DEF,,,49,60,60,60,362600,,,,,,,FALSE,11,49,72,72,1,-1.761,-2.026,DEF,0.261,-1.8301649999999998,247,SC IRRELEVANT
290832,2022,2,72,73,303,David,Swallow,GCS,MID,,,72,55,55,55,489900,,,,,,,FALSE,10,72,75,73,1,-1.682,-2.063,MID,0.391,-1.830971,248,SC IRRELEVANT
293846,2022,2,73,73,639,Sebastian,Ross,STK,MID,,,73,74,74,74,428600,,,,,,,FALSE,11,73,73,73,1,-1.682,-2.063,MID,0.391,-1.830971,249,SC IRRELEVANT
993771,2022,2,75,73,593,Marlion,Pickett,RIC,MID,,,75,82,82,82,361700,,,,,,,FALSE,3,75,68.5,73,1,-1.682,-2.063,MID,0.391,-1.830971,250,SC IRRELEVANT
1005054,2022,2,73,73,142,Josh,Daicos,COL,MID,,,73,73,73,73,369500,,,,,,,FALSE,4,73,71.5,73,1,-1.682,-2.063,MID,0.391,-1.830971,251,SC IRRELEVANT
290188,2022,2,,74,680,Sam,Reid,SYD,FWD,,,,0,0,0,432700,,,,,,,TRUE,3,73,70,70,1,-1.919,-1.619,FWD,0.261,-1.8407,252,SC IRRELEVANT
291526,2022,2,69,70,315,Luke,Dahlhaus,GEE,FWD,,,69,75,75,75,320900,,,,,,,FALSE,8,69,69,70,1,-1.919,-1.619,FWD,0.261,-1.8407,253,SC IRRELEVANT
291849,2022,2,53,70,165,Brody,Mihocek,COL,FWD,,,53,70,70,70,324500,,,,,,,FALSE,2,53,56,70,1,-1.919,-1.619,FWD,0.261,-1.8407,254,SC IRRELEVANT
993979,2022,2,83,70,556,Sam,Powell-Pepper,PTA,FWD,MID,,83,82,82,82,377900,,,,,,,FALSE,2,83,70,70,1,-1.919,-1.619,FWD,0.261,-1.8407,255,SC IRRELEVANT
999827,2022,2,74,70,102,Zac,Fisher,CAR,FWD,,,74,76,76,76,353300,,,,,,,FALSE,8,74,70,70,1,-1.919,-1.619,FWD,0.261,-1.8407,256,SC IRRELEVANT
1001028,2022,2,70,70,126,Jack,Silvagni,CAR,FWD,,,70,69,69,69,355600,,,,,,,FALSE,2,70,68,70,1,-1.919,-1.619,FWD,0.261,-1.8407,257,SC IRRELEVANT
298264,2022,2,72,72,454,Ed,Langdon,MEL,MID,,,72,87.5,87.5,87.5,452300,10834,Dunkley's Donuts,Mark,FALSE,nonscoring,MID,FALSE,11,72,72,72,1,-1.761,-2.139,MID,0.391,-1.908798,258,SC IRRELEVANT
998215,2022,2,70,72,125,Will,Setterfield,CAR,MID,,,70,72,72,72,337500,,,,,,,FALSE,2,70,73.5,72,1,-1.761,-2.139,MID,0.391,-1.908798,259,SC IRRELEVANT
290757,2022,2,47,71,645,Jimmy,Webster,STK,DEF,,,47,49.5,49.5,49.5,365800,,,,,,,FALSE,11,47,71,71,1,-1.84,-2.124,DEF,0.261,-1.9141240000000002,260,SC IRRELEVANT
296422,2022,2,85,71,646,Callum,Wilkie,STK,DEF,,,85,81,81,81,398300,,,,,,,FALSE,11,85,71,71,1,-1.84,-2.124,DEF,0.261,-1.9141240000000002,261,SC IRRELEVANT
992351,2022,2,11,71,735,Bailey,Williams,WBD,DEF,,,11,17.5,17.5,17.5,419400,,,,,,,FALSE,12,11,71,71,1,-1.84,-2.124,DEF,0.261,-1.9141240000000002,262,SC IRRELEVANT
1004095,2022,2,51,71,288,Jack,Lukosius,GCS,DEF,MID,,51,57,57,57,438400,,,,,,,FALSE,13,51,71,71,1,-1.84,-2.124,DEF,0.261,-1.9141240000000002,263,SC IRRELEVANT
294068,2022,2,,78,206,Andrew,Phillips,ESS,RUC,,,,0,0,0,411500,,,,,,,TRUE,13,69,71.5,71.5,1,-1.8,-3.12,RUC,0.087,-1.9148400000000003,264,SC IRRELEVANT
270938,2022,2,,69,783,Tom,Lynch,NTH,FWD,,,,0,0,0,413200,,,,,,,TRUE,2,68.5,69,69,1,-1.998,-1.723,FWD,0.261,-1.9262249999999999,265,SC IRRELEVANT
294596,2022,2,60,69,635,Tim,Membrey,STK,FWD,,,60,64.5,64.5,64.5,430800,,,,,,,FALSE,11,60,69,69,1,-1.998,-1.723,FWD,0.261,-1.9262249999999999,266,SC IRRELEVANT
297456,2022,2,59,69,284,Nick,Holman,GCS,FWD,,,59,76,76,76,354500,,,,,,,FALSE,2,59,69,69,1,-1.998,-1.723,FWD,0.261,-1.9262249999999999,267,SC IRRELEVANT
1008312,2022,2,,71,127,Liam,Stocker,CAR,DEF,,,,0,0,0,317900,,,,,,,TRUE,2,70.5,70.5,70.5,1,-1.879,-2.173,DEF,0.261,-1.955734,268,SC IRRELEVANT
1005577,2022,2,98,71,183,Sam,Draper,ESS,RUC,,,98,94.5,94.5,94.5,396400,5535,We're the Millers,Paul,TRUE,scoring,RUC,FALSE,12,98,71,71,1,-1.84,-3.174,RUC,0.087,-1.956058,269,SC IRRELEVANT
270896,2022,2,103,71,576,Trent,Cotchin,RIC,MID,,,103,80,80,80,414300,,,,,,,FALSE,2,103,71,71,1,-1.84,-2.216,MID,0.391,-1.9870160000000001,270,SC IRRELEVANT
998103,2022,2,50,71,655,Oliver,Florent,SYD,MID,,,50,83,83,83,416200,11125,No Way Sloane,Simon,TRUE,scoring,MID,FALSE,11,50,71,71,1,-1.84,-2.216,MID,0.391,-1.9870160000000001,271,SC IRRELEVANT
298280,2022,2,71,70,197,Jayden,Laverde,ESS,DEF,,,71,53.5,53.5,53.5,357500,,,,,,,FALSE,12,71,70,70,1,-1.919,-2.222,DEF,0.261,-1.9980830000000003,272,SC IRRELEVANT
991930,2022,2,61,70,530,Darcy,Byrne-Jones,PTA,DEF,,,61,87,87,87,410500,11125,No Way Sloane,Simon,TRUE,scoring,DEF,FALSE,13,61,70,70,1,-1.919,-2.222,DEF,0.261,-1.9980830000000003,273,SC IRRELEVANT
240406,2022,2,,68,754,Josh J.,Kennedy,WCE,FWD,,,,45,45,45,379200,,,,,,,TRUE,1,68,68,68,1,-2.077,-1.827,FWD,0.261,-2.01175,274,SC IRRELEVANT
291867,2022,2,41,68,441,Ben,Brown,MEL,FWD,,,41,64,64,64,379400,14003,Bring Me To Fyfe,Luke,TRUE,scoring,FWD,FALSE,9,41,68,68,1,-2.077,-1.827,FWD,0.261,-2.01175,275,SC IRRELEVANT
298524,2022,2,,70,306,Lachie,Weller,GCS,MID,FWD,,,53,53,53,400300,14003,Bring Me To Fyfe,Luke,FALSE,nonscoring,FWD,TRUE,1,70,68,68,1,-2.077,-1.827,FWD,0.261,-2.01175,276,SC IRRELEVANT
996483,2022,2,,70,717,Toby,McLean,WBD,FWD,,,,0,0,0,283000,,,,,,,TRUE,9,66,68,68,1,-2.077,-1.827,FWD,0.261,-2.01175,277,SC IRRELEVANT
997100,2022,2,56,68,660,Will,Hayward,SYD,FWD,,,56,64,64,64,361700,,,,,,,FALSE,11,56,68,68,1,-2.077,-1.827,FWD,0.261,-2.01175,278,SC IRRELEVANT
999326,2022,2,138,68,313,Brad,Close,GEE,FWD,,,138,104,104,104,354700,,,,,,,FALSE,13,138,68,68,1,-2.077,-1.827,FWD,0.261,-2.01175,279,SC IRRELEVANT
1002235,2022,2,48,68,77,Cam,Rayner,BRL,FWD,,,48,49,49,49,278600,5535,We're the Millers,Paul,FALSE,nonscoring,FWD,FALSE,2,48,65.5,68,1,-2.077,-1.827,FWD,0.261,-2.01175,280,SC IRRELEVANT
1004940,2022,2,,72,340,Sam,Simpson,GEE,FWD,,,,0,0,0,262700,,,,,,,TRUE,2,71.5,68,68,1,-2.077,-1.827,FWD,0.261,-2.01175,281,SC IRRELEVANT
998195,2022,2,,70,624,Tom,Highmore,STK,DEF,,,,0,0,0,368300,,,,,,,TRUE,4,68.5,69.5,69.5,1,-1.958,-2.271,DEF,0.261,-2.0396929999999998,282,SC IRRELEVANT
291773,2022,2,,70,117,Jack,Newnes,CAR,MID,,,,0,0,0,362100,,,,,,,TRUE,2,69.5,70,70,1,-1.919,-2.292,MID,0.391,-2.0648429999999998,283,SC IRRELEVANT
1008543,2022,2,58,70,34,Harry,Schoenberg,ADE,MID,,,58,64,64,64,390200,,,,,,,FALSE,11,58,70,70,1,-1.919,-2.292,MID,0.391,-2.0648429999999998,284,SC IRRELEVANT
1009208,2022,2,71,70,300,Matt,Rowell,GCS,MID,,,71,114,114,114,342900,10882,Take Me To Parish,James,TRUE,scoring,MID,FALSE,13,71,70,70,1,-1.919,-2.292,MID,0.391,-2.0648429999999998,285,SC IRRELEVANT
290085,2022,2,43,69,703,Taylor,Duryea,WBD,DEF,,,43,43,43,43,410300,,,,,,,FALSE,1,43,68,69,1,-1.998,-2.321,DEF,0.261,-2.082303,286,SC IRRELEVANT
294508,2022,2,100,69,487,Aidan,Corr,NTH,DEF,,,100,68.5,68.5,68.5,306700,,,,,,,FALSE,2,100,66,69,1,-1.998,-2.321,DEF,0.261,-2.082303,287,SC IRRELEVANT
993480,2022,2,,69,626,Dougal,Howard,STK,DEF,,,,48,48,48,436700,,,,,,,TRUE,1,69,69,69,1,-1.998,-2.321,DEF,0.261,-2.082303,288,SC IRRELEVANT
997206,2022,2,,69,23,Andrew,McPherson,ADE,DEF,,,,20,20,20,307900,,,,,,,TRUE,1,69,69,69,1,-1.998,-2.321,DEF,0.261,-2.082303,289,SC IRRELEVANT
294737,2022,2,,71,686,Callum,Sinclair,SYD,RUC,FWD,,,0,0,0,357100,,,,,,,TRUE,14,64.5,67,67,1,-2.156,-1.931,FWD,0.261,-2.0972750000000002,290,SC IRRELEVANT
296190,2022,2,,67,110,Jack,Martin,CAR,FWD,,,,91,91,91,371100,,,,,,,TRUE,1,67,67,67,1,-2.156,-1.931,FWD,0.261,-2.0972750000000002,291,SC IRRELEVANT
1000061,2022,2,,67,485,Callum,Coleman-Jones,NTH,RUC,FWD,,,26,26,26,361300,,,,,,,TRUE,1,67,67,67,1,-2.156,-1.931,FWD,0.261,-2.0972750000000002,292,SC IRRELEVANT
296035,2022,2,,70,534,Trent,Dumont,PTA,MID,,,,0,0,0,349100,,,,,,,TRUE,2,69.5,69.5,69.5,1,-1.958,-2.33,MID,0.391,-2.103452,293,SC IRRELEVANT
998529,2022,2,69,69,602,Ivan,Soldo,RIC,RUC,,,69,49,49,49,326600,,,,,,,FALSE,2,69,65.5,69,1,-1.998,-3.39,RUC,0.087,-2.119104,294,SC IRRELEVANT
281078,2022,2,,69,106,Liam,Jones,CAR,DEF,,,,0,0,0,375900,,,,,,,TRUE,4,67.5,68.5,68.5,1,-2.037,-2.37,DEF,0.261,-2.123913,295,SC IRRELEVANT
1003130,2022,2,86,69,158,Patrick,Lipinski,COL,MID,,,86,109.5,109.5,109.5,359900,5535,We're the Millers,Paul,TRUE,scoring,MID,FALSE,2,86,67.5,69,1,-1.998,-2.369,MID,0.391,-2.1430610000000003,296,SC IRRELEVANT
1006103,2022,2,90,69,180,Jye,Caldwell,ESS,MID,,,90,90.5,90.5,90.5,266700,63015,Wolf of Walsh St,Jordan,TRUE,scoring,MID,FALSE,2,90,59.5,69,1,-1.998,-2.369,MID,0.391,-2.1430610000000003,297,SC IRRELEVANT
293651,2022,2,22,68,698,Hayden,Crozier,WBD,DEF,,,22,57.5,57.5,57.5,379400,,,,,,,FALSE,2,22,67,68,1,-2.077,-2.419,DEF,0.261,-2.1662619999999997,298,SC IRRELEVANT
293738,2022,2,68,68,402,Sam,Frost,HAW,DEF,,,68,84,84,84,366900,,,,,,,FALSE,13,68,68,68,1,-2.077,-2.419,DEF,0.261,-2.1662619999999997,299,SC IRRELEVANT
291509,2022,2,,56,379,Adam,Kennedy,GWS,MID,,,,0,0,0,354400,,,,,,,TRUE,2,55.5,68.5,68.5,1,-2.037,-2.407,MID,0.391,-2.18167,300,SC IRRELEVANT
