"id","feed_id","player_name","team","pos","avg","adp"
695,"297373","M.Bontempelli","WBD","MID",130,1.9
706,"1004592","T.English","WBD","RUC",128,3.5
138,"1023261","N.Daicos","COL","DEF/MID",116,4
459,"298210","C.Petracca","MEL","MID",119,5.4
20,"293222","R.Laird","ADE","MID",117,9.7
9,"992242","J.Dawson","ADE","MID",116,11
458,"996701","C.Oliver","MEL","MID",121,11.7
197,"992016","Z.Merrett","ESS","MID",116,12.1
425,"297566","J.Sicily","HAW","DEF",114,12.3
526,"1006121","Z.Butters","PTA","MID",114,12.4
629,"992468","R.Marshall","STK","RUC",114,12.6
663,"1013128","E.Gulden","SYD","MID",111,13.2
342,"291800","T.Stewart","GEE","DEF",114,15.1
362,"1009528","T.Green","GWS","MID",111,17.2
54,"993834","J.Dunkley","BRL","MID",115,17.4
717,"290799","T.Liberatore","WBD","MID",116,17.8
443,"290528","M.Gawn","MEL","RUC",104,18.5
483,"1002267","L.Davies-Uniacke","NTH","MID",114,18.9
242,"1009420","C.Serong","FRE","MID",111,21.3
72,"293535","L.Neale","BRL","MID",110,23.9
241,"998659","L.Ryan","FRE","DEF",109,25
215,"1002232","A.Brayshaw","FRE","MID",109,25.1
639,"994389","J.Sinclair","STK","DEF",107,25.1
552,"1001299","C.Rozee","PTA","MID",108,27.5
719,"295467","J.Macrae","WBD","MID/FWD",100,29.5
126,"1006094","S.Walsh","CAR","MID",103,31.3
350,"1008436","K.Briggs","GWS","RUC",109,31.7
537,"994295","D.Houston","PTA","DEF",106,31.9
509,"1023518","H.Sheezel","NTH","DEF",100,32.2
198,"993817","D.Parish","ESS","MID",108,33.5
230,"1009399","L.Jackson","FRE","RUC/FWD",98,33.6
601,"998172","T.Taranto","RIC","MID",107,35
301,"291975","J.Witts","GCS","RUC",106,35.6
93,"1002239","A.Cerra","CAR","MID",108,36.3
257,"1009199","N.Anderson","GCS","MID",105,38.1
221,"998145","S.Darcy","FRE","RUC",105,39.3
566,"993993","S.Bolton","RIC","MID/FWD",97,42.4
255,"1009256","H.Young","FRE","DEF",94,42.7
662,"293957","B.Grundy","SYD","RUC",86,42.7
730,"291790","A.Treloar","WBD","MID",108,43.8
286,"298272","T.Miller","GCS","MID",98,44.1
99,"996731","C.Curnow","CAR","FWD",98,46.2
598,"992049","J.Short","RIC","DEF",99,48
120,"297907","N.Newman","CAR","DEF",100,48.3
690,"1012014","Ch.Warner","SYD","MID",100,49.3
273,"1009260","S.Flanders","GCS","MID/FWD",88,49.4
293,"1009208","M.Rowell","GCS","MID",102,49.6
372,"296347","J.Kelly","GWS","MID",102,49.9
585,"290847","D.Martin","RIC","FWD",94,50.8
762,"295898","T.Kelly","WCE","MID",103,51.9
355,"291969","S.Coniglio","GWS","MID",102,52.4
363,"295344","T.Greene","GWS","FWD",91,53.6
703,"295136","C.Daniel","WBD","MID/FWD",93,53.8
418,"1020895","J.Newcombe","HAW","MID",98,53.9
590,"298174","T.Nankervis","RIC","RUC",104,54.4
202,"1001026","J.Ridley","ESS","DEF",95,55.3
137,"1005054","J.Daicos","COL","MID",99,56.3
97,"990704","P.Cripps","CAR","MID",98,56.6
640,"296205","J.Steele","STK","MID",95,57
671,"295342","J.Lloyd","SYD","DEF",96,57.3
389,"294305","L.Whitfield","GWS","DEF",93,59.1
139,"994185","J.De Goey","COL","MID",97,59.7
101,"295518","S.Docherty","CAR","MID",101,59.9
474,"291902","J.Viney","MEL","MID",100,62.7
415,"1006314","D.Moore","HAW","FWD",91,67.3
27,"297523","R.O'Brien","ADE","RUC",96,67.5
645,"296422","C.Wilkie","STK","DEF",94,68.4
558,"1029158","X.Walsh","PTA","FWD",0,69.8
666,"298539","I.Heeney","SYD","FWD",87,72.2
615,"294307","B.Crouch","STK","MID",98,73.1
397,"1008550","W.Day","HAW","MID",97,73.2
200,"997078","M.Redman","ESS","DEF",91,73.3
702,"996708","B.Dale","WBD","DEF",91,76.1
682,"290778","L.Parker","SYD","MID",97,76.6
307,"293845","J.Cameron","GEE","FWD",83,77.3
160,"298288","D.Moore","COL","DEF",91,77.6
67,"1000978","H.McCluggage","BRL","MID",94,78.5
652,"1006028","N.Blakey","SYD","DEF",89,79.8
289,"1007881","W.Powell","GCS","DEF",92,80.5
770,"1023492","H.Reid","WCE","MID/FWD",0,81.4
159,"291856","T.Mitchell","COL","MID",95,81.8
41,"280506","T.Walker","ADE","FWD",90,82.6
643,"1015507","N.Wanganeen-Milera","STK","DEF",85,84.2
603,"294674","N.Vlastuin","RIC","DEF",92,84.3
781,"998480","L.Sullivan","COL","MID",0,85.5
649,"291776","T.Adams","SYD","MID/FWD",78,85.8
124,"295461","A.Saad","CAR","DEF",90,85.9
193,"1012013","N.Martin","ESS","MID",88,85.9
304,"296733","M.Blicavs","GEE","RUC/MID",92,86
68,"1005521","O.McInerney","BRL","RUC",94,87.6
315,"281065","M.Duncan","GEE","DEF",90,89.6
749,"298268","L.Duggan","WCE","DEF",90,90.1
163,"260257","S.Pendlebury","COL","MID",94,90.4
133,"990291","D.Cameron","COL","RUC",92,93.2
648,"295340","M.Wood","STK","MID",93,93.5
180,"271129","T.Goldstein","ESS","RUC",95,93.7
31,"1001195","I.Rankine","ADE","FWD",83,94
438,"1027949","K.Brown","MEL","MID/FWD",0,94.8
7,"297401","M.Crouch","ADE","MID",98,95.1
562,"1000223","L.Baker","RIC","DEF/FWD",80,96.1
387,"1034066","N.Wardius","GWS","FWD",0,96.2
594,"1000981","D.Rioli","RIC","DEF",87,96.3
86,"261224","D.Zorko","BRL","MID/FWD",86,96.7
44,"996059","H.Andrews","BRL","DEF",89,96.8
136,"293871","J.Crisp","COL","MID",89,102.2
432,"1002222","J.Worpel","HAW","MID",90,102.8
679,"993905","C.Mills","SYD","MID",88,103.1
194,"998102","A.McGrath","ESS","DEF",87,103.6
51,"1006059","K.Coleman","BRL","DEF",71,105.3
530,"280711","C.Dixon","PTA","FWD",88,105.4
560,"294318","O.Wines","PTA","MID",83,105.6
725,"1008280","E.Richards","WBD","DEF",86,106.6
633,"1023272","M.Owens","STK","FWD",80,106.9
534,"298111","J.Finlayson","PTA","FWD",85,108.3
312,"270917","P.Dangerfield","GEE","MID",88,108.4
390,"297354","K.Amon","HAW","MID",86,108.5
19,"993946","B.Keays","ADE","FWD",81,109.1
752,"993902","M.Flynn","WCE","RUC",88,109.8
220,"997033","B.Cox","FRE","DEF",88,110.4
228,"291570","N.Fyfe","FRE","MID/FWD",51,112
632,"1035198","L.O'Connell","STK","DEF",0,112.3
367,"993107","H.Himmelberg","GWS","DEF",81,112.4
52,"294518","J.Daniher","BRL","FWD",83,113
47,"1002312","Z.Bailey","BRL","MID/FWD",78,113
462,"1009378","T.Rivers","MEL","DEF",85,113.3
331,"1004938","G.Miers","GEE","FWD",81,115.3
779,"292128","E.Yeo","WCE","DEF/MID",80,115.7
496,"1023625","R.Hardeman","NTH","DEF",0,116.6
536,"1011640","J.Horne-Francis","PTA","MID",78,119.7
728,"1006130","B.Smith","WBD","MID/FWD",80,119.9
87,"296294","B.Acres","CAR","MID",88,120.4
16,"1004863","M.Hinge","ADE","DEF",85,120.5
167,"1000860","L.Schultz","COL","FWD",79,120.6
778,"998128","A.Witherden","WCE","DEF",84,120.8
302,"994386","T.Atkins","GEE","MID",87,121.4
555,"998529","I.Soldo","PTA","RUC",87,122
668,"1027058","I.Kirk","SYD","MID",0,122
403,"993794","B.Hardwick","HAW","DEF",86,122.1
348,"1009253","L.Ash","GWS","DEF",84,123.1
503,"1024272","C.McKercher","NTH","MID",0,123.7
384,"1005247","S.Taylor","GWS","DEF",84,123.8
294,"1019939","W.Rowlands","GCS","MID/FWD",0,124.1
127,"993832","J.Weitering","CAR","DEF",85,124.9
451,"281085","S.May","MEL","DEF",84,125.2
218,"1006152","J.Clark","FRE","DEF",82,126.5
30,"1017051","J.Rachele","ADE","FWD",74,126.5
173,"1006103","J.Caldwell","ESS","MID/FWD",78,126.6
46,"1023517","W.Ashcroft","BRL","MID",84,126.7
265,"1013257","S.Clohesy","GCS","DEF",0,128.6
488,"999827","Z.Fisher","NTH","FWD",68,129.1
637,"1024279","A.Schoenmaker","STK","DEF",0,129.8
190,"298630","K.Langford","ESS","FWD",79,131
511,"993998","J.Simpkin","NTH","MID",79,131.2
141,"1027673","H.DeMattia","COL","MID",0,133.1
518,"1004965","T.Xerri","NTH","RUC",73,133.6
581,"993903","J.Hopper","RIC","MID",79,133.7
417,"1007124","C.Nash","HAW","MID",86,133.8
707,"1027704","J.Freijah","WBD","MID/FWD",0,134.1
319,"290550","C.Guthrie","GEE","MID",84,134.2
531,"1000972","W.Drew","PTA","MID",85,134.4
128,"294685","Z.Williams","CAR","DEF",0,135.6
766,"294859","J.McGovern","WCE","DEF",84,137.1
517,"1023477","G.Wardlaw","NTH","MID",65,137.2
204,"998215","W.Setterfield","ESS","MID",85,138.7
686,"1006126","J.Rowbottom","SYD","MID",84,140.5
325,"1015889","M.Holmes","GEE","MID",80,141
168,"280965","S.Sidebottom","COL","MID",85,141.3
154,"992010","B.Maynard","COL","DEF",80,143.7
322,"261510","T.Hawkins","GEE","FWD",78,144.6
721,"1002404","A.Naughton","WBD","FWD",75,146.6
283,"1004095","J.Lukosius","GCS","FWD",76,146.8
36,"291748","B.Smith","ADE","DEF",82,147.1
726,"1017939","R.Sanders","WBD","MID",0,147.7
773,"296296","D.Sheed","WCE","MID",84,148.6
369,"1008083","C.Idun","GWS","DEF",81,148.6
256,"998130","B.Ainsworth","GCS","FWD",76,148.7
487,"1023494","Z.Duursma","NTH","MID/FWD",0,149.7
768,"1020032","L.Rawlinson","WCE","MID/FWD",0,150
763,"1028291","C.Livingstone","WCE","RUC/FWD",0,150.6
300,"298524","L.Weller","GCS","DEF",83,150.9
409,"1017094","C.Macdonald","HAW","FWD",68,150.9
755,"1024188","C.Hall","WCE","MID",0,151.1
667,"1013409","J.Jordon","SYD","MID/FWD",49,151.2
106,"294036","G.Hewett","CAR","MID",79,153.4
164,"1008089","I.Quaynor","COL","DEF",75,154.2
592,"290627","D.Prestia","RIC","MID",81,154.6
277,"1023500","B.Humphrey","GCS","FWD",59,155.8
711,"297899","J.Harmes","WBD","MID/FWD",46,155.8
498,"1001017","N.Larkey","NTH","FWD",69,156.5
354,"1023266","F.Callaghan","GWS","MID",73,159.7
238,"294613","J.O'Meara","FRE","MID",80,160.2
430,"1027935","J.Weddle","HAW","DEF",67,160.9
152,"1012828","F.Macrae","COL","FWD",39,161.2
739,"990290","T.Barrass","WCE","DEF",80,161.5
181,"298421","J.Gresham","ESS","FWD",67,162.6
655,"1024057","C.Cleary","SYD","MID",0,163.5
681,"996765","T.Papley","SYD","FWD",73,163.7
177,"1005577","S.Draper","ESS","RUC",76,164
100,"1004912","T.De Koning","CAR","RUC",74,164
463,"296359","C.Salem","MEL","DEF",75,164.2
586,"1019916","K.McAuliffe","RIC","MID",0,164.2
8,"1024023","D.Curtin","ADE","DEF/MID",0,164.3
184,"290629","D.Heppell","ESS","DEF",80,164.5
429,"1023473","N.Watson","HAW","MID/FWD",0,165.4
368,"296324","J.Hogan","GWS","FWD",75,165.5
114,"297255","M.McGovern","CAR","DEF",80,165.8
162,"1000072","J.Noble","COL","DEF",80,167.4
50,"990609","C.Cameron","BRL","FWD",72,167.4
434,"296351","J.Billings","MEL","FWD",62,167.5
299,"1023736","J.Walter","GCS","FWD",0,167.7
11,"1028671","C.Edwards","ADE","DEF/MID",0,167.9
172,"1027899","N.Caddy","ESS","FWD",0,168.5
502,"296355","L.McDonald","NTH","DEF",78,168.8
677,"1003203","H.McLean","SYD","RUC/FWD",72,171.4
357,"1002251","B.Daniels","GWS","FWD",75,171.6
583,"293813","T.Lynch","RIC","FWD",64,172.7
776,"1006114","B.Williams","WCE","RUC",77,173
352,"1009708","J.Buckley","GWS","DEF",79,173.4
75,"1002235","C.Rayner","BRL","FWD",69,173.5
567,"295203","N.Broad","RIC","DEF",80,173.8
658,"998103","O.Florent","SYD","DEF",75,174.2
151,"1003130","P.Lipinski","COL","FWD",70,175.2
405,"296254","J.Impey","HAW","DEF",78,176.3
508,"1006058","B.Scott","NTH","MID",76,176.8
295,"294643","A.Sexton","GCS","FWD",24,177.7
263,"1008454","C.Budarick","GCS","DEF",77,178.2
142,"293801","J.Elliott","COL","FWD",73,178.5
330,"993878","S.Mannagh","GEE","MID/FWD",0,178.9
269,"293713","B.Ellis","GCS","MID",79,179.3
23,"990882","W.Milera","ADE","DEF",78,179.5
446,"294557","L.Hunter","MEL","MID",78,180
356,"1001396","I.Cumming","GWS","DEF/MID",69,180
499,"1012852","C.Lazzaro","NTH","MID/FWD",36,180.3
647,"1023270","M.Windhager","STK","DEF/MID",58,181
621,"1005988","L.Henry","STK","MID",72,181.3
475,"1027821","C.Windsor","MEL","MID/FWD",0,181.5
201,"1012817","Z.Reid","ESS","DEF",0,182.1
48,"998133","J.Berry","BRL","MID",76,183
186,"1017088","B.Hobbs","ESS","MID",74,183.4
533,"1002253","K.Farrell","PTA","DEF",77,183.9
754,"1023025","R.Ginbey","WCE","MID",63,185.3
736,"1004385","O.Allen","WCE","FWD",70,185.9
35,"270963","R.Sloane","ADE","MID",77,186.4
306,"1012805","T.Bruhn","GEE","MID",69,187
520,"294469","A.Aliir","PTA","DEF",75,187.3
654,"1013133","B.Campbell","SYD","DEF/MID",69,188.2
379,"998205","H.Perryman","GWS","DEF",74,188.8
407,"1000887","M.Lewis","HAW","FWD",71,188.9
461,"1008541","K.Pickett","MEL","FWD",68,189.2
115,"1000953","H.McKay","CAR","FWD",71,189.3
758,"994385","J.Hunt","WCE","DEF",76,189.6
635,"1020137","M.Phillipou","STK","FWD",51,189.8
225,"1020695","T.Emmett","FRE","FWD",82,190.4
563,"1002245","N.Balta","RIC","DEF",74,190.6
450,"298281","J.Lever","MEL","DEF",75,191.8
17,"1006203","C.Jones","ADE","DEF/MID",74,192.3
291,"1018123","J.Rogers","GCS","MID",0,192.6
457,"296420","A.Neal-Bullen","MEL","FWD",72,193.2
428,"1017110","J.Ward","HAW","MID",73,193.5
423,"998114","J.Scrimshaw","HAW","DEF",75,193.6
110,"1001398","M.Kennedy","CAR","MID",75,193.7
623,"295584","B.Hill","STK","MID/FWD",68,193.8
37,"1017109","J.Soligo","ADE","MID",73,194
519,"998484","C.Zurhaar","NTH","FWD",69,194.8
731,"1009301","J.Ugle-Hagan","WBD","FWD",61,195
525,"992128","R.Burton","PTA","DEF",76,196
296,"290832","D.Swallow","GCS","MID",75,198.4
244,"1027656","C.Simpson","FRE","MID/FWD",0,199
206,"293884","J.Stringer","ESS","FWD",65,199.3
646,"1027875","D.Wilson","STK","MID/FWD",0,199.6
712,"294101","J.Johannisen","WBD","DEF",75,200
155,"1004757","B.McCreery","COL","FWD",54,201.2
147,"291313","J.Howe","COL","DEF",71,201.6
410,"1023482","C.Mackenzie","HAW","FWD",49,201.8
596,"1006133","J.Ross","RIC","MID",75,202.3
441,"1001438","B.Fritsch","MEL","FWD",71,202.8
199,"1015873","A.Perkins","ESS","FWD",66,202.9
505,"1012829","W.Phillips","NTH","MID",73,203.2
535,"1010174","M.Georgiades","PTA","FWD",59,203.6
207,"1023785","E.Tsatas","ESS","MID/FWD",55,204.6
42,"1011981","J.Worrell","ADE","DEF",74,205.4
683,"290307","D.Rampe","SYD","DEF",75,206
212,"295067","J.Aish","FRE","MID",73,206.1
336,"1027877","C.O'Sullivan","GEE","DEF",0,206.3
628,"1006143","M.King","STK","FWD",61,207.5
386,"280109","C.Ward","GWS","MID",75,208.1
507,"1011659","T.Powell","NTH","FWD",56,208.3
179,"1006096","X.Duursma","ESS","MID",67,208.4
320,"1004870","Z.Guthrie","GEE","DEF",74,209
84,"1017067","D.Wilmot","BRL","DEF",71,210.4
290,"1027033","E.Read","GCS","RUC",0,210.7
217,"1013224","H.Chapman","FRE","DEF",64,212.1
704,"1017126","S.Darcy","WBD","FWD",19,212.3
250,"993940","C.Wagner","FRE","DEF",73,214.2
109,"1009241","B.Kemp","CAR","DEF",73,215.2
619,"990840","J.Hayes","STK","FWD",51,215.2
753,"290801","A.Gaff","WCE","MID",71,215.9
216,"998129","W.Brodie","FRE","MID",71,217.2
353,"1019038","A.Cadman","GWS","FWD",23,217.3
527,"991930","D.Byrne-Jones","PTA","FWD",70,217.5
589,"298144","S.Naismith","RIC","RUC",0,218.5
123,"298290","M.Pittonet","CAR","RUC",70,218.6
178,"1015810","S.Durham","ESS","MID",65,218.8
549,"993979","S.Powell-Pepper","PTA","FWD",67,219
448,"298264","E.Langdon","MEL","MID",72,219.4
400,"1012857","J.Ginnivan","HAW","FWD",53,219.5
305,"998260","J.Bowes","GEE","DEF",61,219.7
343,"292511","Z.Tuohy","GEE","MID",72,219.8
205,"291783","D.Shiel","ESS","MID",69,219.9
574,"1009226","T.Dow","RIC","MID",57,219.9
145,"1006148","B.Hill","COL","FWD",57,220.9
700,"1005717","N.Coffield","WBD","DEF",0,221
29,"1012218","L.Pedlar","ADE","FWD",56,221.3
616,"1002256","P.Dow","STK","MID",55,221.5
61,"291548","R.Lester","BRL","DEF",73,221.6
554,"1017078","J.Sinn","PTA","MID",22,221.6
266,"295446","S.Collins","GCS","DEF",73,221.9
339,"280317","R.Stanley","GEE","RUC",71,222.2
576,"1017059","J.Gibcus","RIC","DEF",0,223
135,"998647","M.Cox","COL","RUC/FWD",64,223.3
676,"1011936","J.McInerney","SYD","MID",72,223.4
577,"990827","J.Graham","RIC","FWD",66,224
757,"1023167","B.Hough","WCE","DEF",63,224
466,"1003546","J.Smith","MEL","FWD",44,224.3
366,"295265","N.Haynes","GWS","DEF",73,224.9
40,"1008384","R.Thilthorpe","ADE","FWD",59,225.2
243,"1009380","J.Sharp","FRE","MID",0,225.8
421,"1001024","N.Reeves","HAW","RUC",67,226.7
53,"1000932","T.Doedee","BRL","DEF",68,227
406,"998390","C.Jiath","HAW","DEF",62,227.3
396,"1005144","M.D'Ambrosio","HAW","DEF",40,227.5
746,"1020802","J.Culley","WCE","MID/FWD",43,229.1
12,"999331","D.Fogarty","ADE","FWD",68,229.5
260,"1008882","C.Ballard","GCS","DEF",72,229.7
687,"1020339","A.Sheldrick","SYD","MID",60,230
674,"1008198","T.McCartin","SYD","DEF",71,230.1
185,"297452","N.Hind","ESS","DEF",70,230.1
685,"1012210","M.Roberts","SYD","MID",31,230.1
247,"992059","S.Switkowski","FRE","FWD",68,230.6
556,"992330","J.Sweet","PTA","RUC",0,231.1
404,"1023680","H.Hustwaite","HAW","MID",66,231.4
211,"298289","P.Wright","ESS","FWD",64,231.8
745,"290826","J.Cripps","WCE","FWD",69,231.9
284,"996464","D.Macpherson","GCS","DEF",71,233.2
259,"294472","R.Atkins","GCS","DEF",72,233.6
435,"1012825","J.Bowey","MEL","DEF",70,234.6
522,"1009191","M.Bergman","PTA","DEF",66,235
125,"1001028","J.Silvagni","CAR","FWD",69,235.7
512,"1004848","D.Stephens","NTH","MID",58,236
308,"1023537","J.Clark","GEE","MID",13,236.6
670,"997142","P.Ladhams","SYD","RUC",70,237.1
191,"298280","J.Laverde","ESS","DEF",72,237.7
735,"992351","B.Williams","WBD","MID",70,238.2
311,"1017063","T.Conway","GEE","RUC",46,240.5
718,"990740","R.Lobb","WBD","FWD",67,240.8
104,"296334","O.Fantasia","CAR","FWD",39,241.2
600,"1017114","T.Sonsie","RIC","FWD",30,241.5
468,"999391","T.Sparrow","MEL","MID",67,241.7
472,"1017720","J.van Rooyen","MEL","FWD",65,241.9
756,"1020670","E.Hewett","WCE","MID/FWD",46,242.4
480,"1015781","C.Comben","NTH","FWD",45,243.2
107,"1012862","E.Hollands","CAR","MID",49,246
444,"996692","M.Hore","MEL","DEF",0,246.7
510,"280737","L.Shiels","NTH","MID",70,247.4
158,"291849","B.Mihocek","COL","FWD",65,252.3
612,"1002264","H.Clark","STK","MID",63,252.3
226,"1020250","N.Erasmus","FRE","MID",43,253
335,"1007102","M.O'Connor","GEE","DEF/MID",67,253.5
460,"1008893","H.Petty","MEL","DEF/FWD",61,253.6
24,"1000998","L.Murphy","ADE","FWD",68,255.4
523,"250365","T.Boak","PTA","MID",66,255.7
108,"1023495","O.Hollands","CAR","MID",58,256.9
761,"998791","J.Jones","WCE","DEF",68,257.6
231,"1016825","M.Johnson","FRE","MID",54,258.2
636,"293846","S.Ross","STK","MID",68,259.2
479,"1000061","C.Coleman-Jones","NTH","FWD",45,259.3
665,"997100","W.Hayward","SYD","FWD",67,260
55,"1023708","J.Fletcher","BRL","MID",52,260.4
171,"1011954","N.Bryan","ESS","RUC",66,260.8
95,"1008154","M.Cottrell","CAR","MID/FWD",60,263.7
602,"1031829","J.Trezise","RIC","DEF",93,264.2
675,"1013230","L.McDonald","SYD","FWD",59,264.6
481,"294508","A.Corr","NTH","DEF",69,265.1
310,"999326","B.Close","GEE","FWD",67,266
413,"1000980","L.Meek","HAW","RUC",64,267.3
280,"1006144","B.King","GCS","FWD",57,268.2
733,"1011803","C.Weightman","WBD","FWD",64,268.8
543,"1004998","T.Marshall","PTA","FWD",66,269.1
684,"290188","S.Reid","SYD","FWD",0,269.9
313,"1009229","S.De Koning","GEE","DEF",61,271.3
622,"1002227","J.Higgins","STK","FWD",67,271.8
561,"1004034","B.Zerk-Thatcher","PTA","DEF",67,274.1
597,"1012386","S.Ryan","RIC","RUC/FWD",54,274.2
659,"291848","R.Fox","SYD","DEF",67,275.7
77,"1009385","D.Robertson","BRL","MID/FWD",45,276.1
500,"997933","G.Logue","NTH","DEF",67,276.5
2,"1023534","H.Bond","ADE","DEF",0,276.8
324,"1012860","O.Henry","GEE","FWD",60,277.8
641,"1008312","L.Stocker","STK","DEF",68,278
395,"994077","M.Chol","HAW","FWD",49,278
195,"1002143","B.McKay","ESS","DEF",63,278.8
349,"1008139","T.Bedford","GWS","FWD",60,278.8
1,"1012807","S.Berry","ADE","MID",51,279.1
213,"1020594","J.Amiss","FRE","FWD",54,279.9
34,"1006136","L.Sholl","ADE","MID",67,281.7
625,"993480","D.Howard","STK","DEF",67,283.2
559,"1009195","D.Williams","PTA","DEF",67,283.4
607,"994599","R.Bonner","STK","MID",51,283.6
550,"1002220","E.Ratugolea","PTA","DEF",56,285.2
272,"993799","B.Fiorini","GCS","MID",65,285.4
113,"296190","J.Martin","CAR","FWD",60,286.3
416,"1000963","H.Morrison","HAW","MID",66,286.7
278,"1005992","J.Jeffrey","GCS","DEF/FWD",59,286.8
174,"1015827","N.Cox","ESS","DEF/MID",47,287.3
276,"297456","N.Holman","GCS","FWD",66,287.4
482,"1002947","P.Curtis","NTH","FWD",46,287.7
69,"997846","C.McKenna","BRL","DEF",63,288.2
516,"993816","D.Tucker","NTH","MID",62,289.4
377,"1006135","X.O'Halloran","GWS","FWD",60,289.5
323,"1000937","J.Henry","GEE","DEF",66,289.9
130,"997316","L.Young","CAR","DEF",66,291.4
227,"999321","M.Frederick","FRE","FWD",60,295.5
22,"1015370","M.Michalanney","ADE","DEF",56,296.3
551,"296225","W.Rioli","PTA","FWD",66,297.1
149,"997974","A.Johnson","COL","FWD",50,298.9
337,"298419","B.Parfitt","GEE","MID",53,299.6
380,"992644","B.Preuss","GWS","RUC",0,300.6
157,"297504","D.McStay","COL","FWD",59,303.4
414,"1018016","S.Mitchell","HAW","DEF",62,304.3
64,"293716","J.Lyons","BRL","MID",51,307.2
452,"298470","S.McAdam","MEL","FWD",67,308.6
626,"991988","Z.Jones","STK","MID",56,309
393,"280744","L.Breust","HAW","FWD",61,310.4
338,"291357","G.Rohan","GEE","FWD",61,310.8
489,"1012833","E.Ford","NTH","FWD",63,310.9
38,"1008752","K.Strachan","ADE","RUC",0,312.4
775,"996554","J.Waterman","WCE","FWD",65,313.1
439,"1005330","K.Chandler","MEL","FWD",64,313.5
588,"1002403","B.Miller","RIC","RUC/FWD",59,313.8
606,"998134","J.Battle","STK","DEF",64,314
650,"1008091","J.Amartey","SYD","FWD",56,314.1
631,"294596","T.Membrey","STK","FWD",55,315.4
741,"1013511","T.Brockman","WCE","FWD",55,316.7
153,"298358","O.Markov","COL","DEF",54,317.4
744,"993820","T.Cole","WCE","DEF",65,319.3
470,"291819","A.Tomlinson","MEL","DEF",66,319.9
644,"290757","J.Webster","STK","DEF",65,320
267,"1013268","A.Davies","GCS","MID/FWD",58,321.6
494,"281091","H.Greenwood","NTH","MID",60,322.9
98,"993795","D.Cuningham","CAR","FWD",62,323.5
58,"993953","E.Hipwood","BRL","FWD",62,324.2
119,"1017700","J.Motlop","CAR","FWD",55,324.5
591,"993771","M.Pickett","RIC","MID/FWD",58,324.9
340,"997230","T.Stengle","GEE","FWD",58,330.1
454,"1017703","J.McVee","MEL","DEF",57,332.4
431,"291962","C.Wingard","HAW","FWD",54,333.2
692,"1006232","S.Wicks","SYD","FWD",59,333.3
609,"1011994","R.Byrnes","STK","MID",62,335.5
493,"1017118","J.Goater","NTH","DEF",56,335.6
146,"291720","W.Hoskin-Elliott","COL","MID",57,335.8
513,"1002240","J.Stephenson","NTH","FWD",49,335.8
772,"1004364","L.Ryan","WCE","FWD",75,338
329,"296291","J.Kolodjashnij","GEE","DEF",58,338.6
328,"1021103","M.Knevitt","GEE","MID",55,339.1
747,"290838","J.Darling","WCE","FWD",61,339.3
105,"1002228","L.Fogarty","CAR","FWD",62,340.2
714,"281078","L.Jones","WBD","DEF",59,341.4
258,"1017396","M.Andrew","GCS","DEF",55,346.5
514,"1006137","C.Taylor","NTH","MID/FWD",58,347.6
161,"1005107","N.Murphy","COL","DEF",61,349.1
66,"293581","L.McCarthy","BRL","FWD",59,349.8
43,"298437","C.Ah Chee","BRL","MID",58,349.9
237,"1013220","N.O'Driscoll","FRE","MID",50,350.6
6,"1018335","B.Cook","ADE","MID",70,350.8
539,"1011583","L.Jones","PTA","DEF",57,352
143,"991773","B.Frampton","COL","DEF",59,352.1
94,"1016268","A.Cincotta","CAR","DEF",55,352.1
734,"1006127","R.West","WBD","FWD",57,352.3
189,"297473","J.Kelly","ESS","DEF",61,353.3
56,"298211","D.Fort","BRL","RUC/FWD",54,354.5
25,"1008230","N.Murray","ADE","DEF",60,357.6
33,"1008543","H.Schoenberg","ADE","MID",53,360.1
229,"996580","E.Hughes","FRE","DEF",58,362.7
767,"1006550","J.Petruccelle","WCE","FWD",58,363.5
239,"298409","A.Pearce","FRE","DEF",59,363.7
656,"291978","H.Cunningham","SYD","DEF",60,364.8
351,"1014038","C.Brown","GWS","FWD",58,367.4
608,"992374","D.Butler","STK","FWD",58,367.6
437,"291867","B.Brown","MEL","FWD",61,368.2
287,"1021013","N.Moyle","GCS","RUC",50,369.1
582,"1006030","J.Koschitzke","RIC","FWD",58,376.9
3,"1009029","J.Borlase","ADE","DEF",58,377.1
252,"281007","M.Walters","FRE","FWD",55,377.7
696,"1000864","L.Bramble","WBD","DEF/MID",52,378.3
587,"294592","K.McIntosh","RIC","MID",55,384
81,"1002401","B.Starcevich","BRL","DEF",54,385.5
214,"998180","B.Banfield","FRE","FWD",56,388.4
453,"291533","T.McDonald","MEL","FWD",60,390.1
182,"996232","M.Guelfi","ESS","FWD",54,390.6
399,"293738","S.Frost","HAW","DEF",57,395.9
724,"1011589","C.Poulter","WBD","MID",57,396.7
73,"1002347","J.Payne","BRL","DEF",57,400.5
765,"1029416","R.Maric","WCE","FWD",55,401.9
402,"291351","J.Gunston","HAW","FWD",53,404
381,"1008123","J.Riccardi","GWS","FWD",53,404.6
546,"290527","T.McKenzie","PTA","DEF",55,406
249,"1012819","J.Treacy","FRE","FWD",57,407
727,"992048","A.Scott","WBD","MID/FWD",51,407.9
693,"1008855","O.Baker","WBD","MID",54,418.5
264,"281124","L.Casboult","GCS","FWD",55,418.6
102,"1008510","C.Durdin","CAR","FWD",53,421
122,"1013973","M.Owies","CAR","FWD",54,429.8
751,"1006576","L.Edwards","WCE","MID",45,430.6
715,"290797","A.Keath","WBD","DEF",54,430.8
710,"997501","R.Gardner","WBD","DEF",54,439.8
678,"996743","L.Melican","SYD","DEF",58,
660,"990816","A.Francis","SYD","DEF",52,
732,"1005000","L.Vandermeer","WBD","DEF",52,
610,"1023784","A.Caminiti","STK","FWD",52,
604,"1018433","T.Young","RIC","DEF",52,
18,"1013974","M.Keane","ADE","DEF",65,
764,"1023496","N.Long","WCE","FWD",52,
292,"1005986","M.Rosas","GCS","FWD",52,
705,"290085","T.Duryea","WBD","DEF",51,
638,"1018018","C.Sharman","STK","FWD",51,
90,"1002795","J.Boyd","CAR","DEF",51,
282,"993917","B.Long","GCS","DEF",50,
210,"993806","S.Weideman","ESS","FWD",50,
13,"1018075","L.Gollant","ADE","FWD",62,
634,"1004985","B.Paton","STK","DEF",49,
378,"1006013","J.Peatling","GWS","FWD",49,
579,"280819","D.Grimes","RIC","DEF",49,
564,"1013197","S.Banks","RIC","DEF",54,
281,"294013","S.Lemmens","GCS","DEF",48,
664,"295222","J.Hamling","SYD","DEF",59,
196,"1013201","J.Menzie","ESS","FWD",47,
467,"1002282","C.Spargo","MEL","FWD",47,
478,"1017095","M.Bergman","NTH","DEF",46,
112,"298302","C.Marchbank","CAR","DEF",52,
614,"991939","Z.Cordy","STK","DEF/FWD",46,
771,"997823","J.Rotham","WCE","DEF",46,
251,"1009410","B.Walker","FRE","DEF",46,
540,"1012881","O.Lord","PTA","FWD",46,
545,"1004819","J.McEntee","PTA","FWD",45,
303,"293883","J.Bews","GEE","DEF",45,
246,"1013611","S.Sturt","FRE","FWD",45,
394,"1010708","S.Butler","HAW","FWD",44,
455,"280824","J.Melksham","MEL","FWD",44,
188,"1011755","H.Jones","ESS","FWD",49,
26,"1021031","L.Nankervis","ADE","DEF",54,
570,"1017043","J.Clarke","RIC","FWD",43,
532,"1017255","F.Evans","PTA","FWD",43,
288,"1009320","H.Oea","GCS","MID/FWD",42,
21,"1008185","N.McHenry","ADE","FWD",42,
5,"1004995","J.Butts","ADE","DEF",42,
15,"1005199","E.Himmelberg","ADE","FWD",52,
79,"1007099","H.Sharp","BRL","MID",52,
59,"1003520","D.Joyce","BRL","DEF",45,
584,"1008478","R.Mansell","RIC","FWD",40,
347,"1015777","R.Angwin","GWS","MID",40,
170,"1008975","K.Baldwin","ESS","DEF",48,
96,"1021353","L.Cowan","CAR","DEF",42,
777,"1020371","J.Williams","WCE","FWD",38,
411,"1009421","F.Maginness","HAW","MID",38,
722,"1032966","J.O'Donnell","WBD","DEF",37,
176,"1017933","A.Davey Jnr","ESS","FWD",37,
371,"290314","L.Keeffe","GWS","FWD",37,
593,"1011985","H.Ralphsmith","RIC","DEF",37,
270,"999715","J.Farrar","GCS","DEF",37,
392,"1011839","J.Blanck","HAW","DEF",36,
334,"1016433","S.Neale","GEE","FWD",45,
547,"1005326","J.Mead","PTA","MID/FWD",40,
548,"999824","Q.Narkle","PTA","FWD",45,
743,"1017057","C.Chesser","WCE","MID",36,
759,"1011243","C.Jamieson","WCE","FWD",44,
750,"1011437","H.Edwards","WCE","DEF",44,
471,"1020959","D.Turner","MEL","DEF",49,
699,"1015929","L.Cleary","WBD","DEF",49,
713,"1020586","A.Jones","WBD","FWD",34,
573,"1009308","N.Cumberland","RIC","FWD",34,
57,"296269","D.Gardiner","BRL","DEF",48,
484,"1012144","K.Dawson","NTH","DEF",41,
144,"1015332","H.Harrison","COL","FWD",40,
524,"1013462","J.Burgoyne","PTA","DEF",40,
365,"1017093","C.Hamilton","GWS","MID",40,
740,"1017718","R.Bazzo","WCE","DEF",32,
45,"1005053","N.Answerth","BRL","FWD",35,
285,"1009189","J.Mahony","GCS","MID/FWD",45,
476,"1018425","T.Woewodin","MEL","FWD",39,
595,"1009551","M.Rioli","RIC","FWD",31,
28,"1013153","P.Parnell","ADE","DEF",39,
408,"1029261","B.Macdonald","HAW","DEF",44,
424,"1017091","J.Serong","HAW","DEF",44,
74,"1009386","J.Prior","BRL","DEF",39,
248,"293854","M.Taberner","FRE","FWD",38,
382,"1021122","H.Rowston","GWS","MID",33,
279,"1024666","L.Johnston","GCS","DEF",42,
261,"1006100","T.Berry","GCS","FWD",32,
274,"1006087","C.Graham","GCS","DEF",0,
720,"1009015","L.McNeil","WBD","FWD",28,
572,"1008616","M.Coulthard","RIC","FWD",36,
361,"1032042","P.Gothard","GWS","FWD",0,
497,"1020979","C.Harvey","NTH","FWD",35,
568,"1017086","T.Brown","RIC","DEF",69,
268,"291753","S.Day","GCS","FWD",34,
332,"1024982","O.Mullin","GEE","DEF",30,
469,"1023640","K.Tholstrup","MEL","FWD",0,
78,"1012127","B.Ryan","BRL","FWD",34,
63,"1014026","K.Lohmann","BRL","FWD",30,
673,"1021200","L.McAndrew","SYD","RUC",38,
314,"1025034","O.Dempsey","GEE","FWD",33,
529,"294504","T.Clurey","PTA","DEF",29,
219,"1005547","J.Corbett","FRE","FWD",33,
373,"291509","A.Kennedy","GWS","DEF/FWD",33,
701,"1013996","J.Croft","WBD","FWD",0,
14,"1008159","W.Hamill","ADE","DEF",0,
477,"1020968","J.Archer","NTH","DEF",32,
557,"1017128","D.Visentini","PTA","RUC",32,
661,"1027901","W.Green","SYD","RUC",0,
774,"1011449","Z.Trew","WCE","MID",31,
401,"1013093","D.Grainger-Barras","HAW","DEF/FWD",27,
298,"1017665","B.Uwland","GCS","DEF",31,
359,"1017751","J.Fahey","GWS","MID",27,
374,"1032119","J.Leake","GWS","DEF",0,
254,"1021015","K.Worner","FRE","DEF",30,
4,"1000068","C.Burgess","ADE","FWD",33,
412,"1022410","W.McCabe","HAW","DEF",0,
783,"1002922","J.Bytel","COL","MID",25,
449,"1012826","B.Laurie","MEL","FWD",28,
709,"1006533","R.Garcia","WBD","FWD",28,
10,"1015329","B.Dowling","ADE","MID/FWD",0,
39,"1017065","Z.Taylor","ADE","MID",0,
49,"1028105","S.Brain","BRL","FWD",0,
60,"1018296","K.Lane","BRL","RUC",0,
65,"1013978","J.Madden","BRL","DEF",27,
70,"1013260","C.Michael","BRL","DEF",0,
80,"1016189","H.Smith","BRL","RUC/FWD",0,
83,"1021108","J.Tunstill","BRL","FWD",22,
88,"1015830","D.Akuei","CAR","DEF",0,
89,"1023533","J.Binns","CAR","MID",0,
91,"1013233","J.Carroll","CAR","MID",9,
103,"297767","S.Durdin","CAR","DEF",0,
111,"1020072","H.Lemmey","CAR","FWD",0,
116,"1023446","A.Mirkov","CAR","RUC",0,
121,"1023489","H.O'Keeffe","CAR","RUC",0,
131,"1022915","E.Allan","COL","MID",0,
132,"1015748","A.Begg","COL","RUC",0,
134,"1027021","J.Carmichael","COL","FWD",15,
140,"1009197","C.Dean","COL","DEF",0,
150,"997254","N.Kreuger","COL","RUC/FWD",8,
156,"1013278","R.McInnes","COL","FWD",21,
165,"1008239","J.Richards","COL","FWD",0,
166,"1020104","J.Ryan","COL","DEF",12,
169,"1022844","O.Steene","COL","RUC/FWD",0,
175,"1017961","J.Davey","ESS","FWD",0,
183,"1023487","L.Hayes","ESS","DEF",0,
187,"1020424","J.Hunter","ESS","FWD",0,
209,"1012521","T.Wanganeen","ESS","FWD",0,
222,"1022927","H.Davies","FRE","DEF",0,
224,"1020668","J.Draper","FRE","DEF",0,
233,"1027701","M.Knobel","FRE","RUC",0,
234,"1012048","S.Kuek","FRE","FWD",0,
235,"992472","O.McDonald","FRE","DEF",0,
240,"1023346","L.Reidy","FRE","RUC",0,
245,"1031801","E.Stanley","FRE","MID",13,
253,"1017970","C.Williams","FRE","MID/FWD",0,
262,"1013315","S.Brock","GCS","DEF",0,
271,"1017089","O.Faulkhead","GCS","MID/FWD",0,
297,"296280","J.Tsitas","GCS","FWD",22,
309,"1023542","T.Clohesy","GEE","FWD",22,
317,"1019945","P.Foster","GEE","FWD",0,
321,"1008825","M.Hardie","GEE","MID",0,
327,"1005150","E.Jeka","GEE","DEF",0,
333,"1027852","O.Murdoch","GEE","DEF",0,
344,"1011633","J.Willis","GEE","MID",0,
346,"1008691","L.Aleer","GWS","DEF",0,
358,"1016140","W.Derksen","GWS","FWD",0,
364,"1027921","M.Gruzewski","GWS","FWD",0,
370,"1020650","D.Jones","GWS","FWD",0,
375,"1023743","N.Madden","GWS","RUC",0,
376,"1027971","T.McMullin","GWS","FWD",18,
383,"1015862","C.Stone","GWS","FWD",16,
388,"1004530","J.Wehr","GWS","MID",26,
391,"1018106","J.Bennetts","HAW","FWD",0,
419,"1023531","J.O'Sullivan","HAW","FWD",0,
420,"1027965","M.Ramsden","HAW","FWD",26,
426,"1004948","C.Stephens","HAW","MID",0,
427,"1027837","C.Tucker","HAW","RUC",0,
433,"1023174","J.Adams","MEL","DEF",0,
440,"1030866","K.Farris-White","MEL","RUC",0,
442,"1013532","T.Fullarton","MEL","FWD",0,
445,"1017122","B.Howes","MEL","DEF",0,
447,"1023486","M.Jefferson","MEL","FWD",0,
456,"1013165","A.Moniz-Wakefield","MEL","FWD",0,
464,"993841","J.Schache","MEL","FWD",22,
465,"1029973","O.Sestan","MEL","FWD",0,
473,"1015473","W.Verrall","MEL","RUC",0,
486,"1023475","B.Drury","NTH","FWD",22,
490,"1020627","H.Free","NTH","RUC",0,
491,"1023544","B.George","NTH","FWD",0,
495,"1023144","R.Hansen Jr","NTH","FWD",15,
504,"1006193","B.Nyuon","NTH","FWD",0,
506,"1002138","T.Pink","NTH","DEF",0,
538,"1015330","H.Jackson","PTA","MID",0,
542,"1021276","K.Marshall","PTA","DEF",0,
544,"1021296","T.McCallum","PTA","DEF",0,
553,"1020066","T.Scully","PTA","FWD",0,
565,"1021152","J.Bauer","RIC","FWD",20,
569,"1023275","S.Campbell","RIC","FWD",0,
571,"1021660","M.Colina","RIC","RUC/FWD",0,
578,"1023056","S.Green","RIC","FWD",0,
599,"1022999","K.Smith","RIC","DEF",0,
605,"1015714","M.Allison","STK","FWD",0,
611,"290246","T.Campbell","STK","RUC",0,
620,"1015886","M.Heath","STK","RUC/FWD",0,
624,"1027959","O.Hotton","STK","MID/FWD",0,
627,"1015323","I.Keeler","STK","FWD",0,
630,"1017077","A.McLennan","STK","DEF",0,
642,"1023547","J.Van Es","STK","DEF",0,
651,"1008460","H.Arnold","SYD","DEF",0,
653,"1009392","J.Buller","SYD","FWD",17,
657,"1017757","W.Edwards","SYD","DEF",0,
669,"1023530","J.Konstanty","SYD","FWD",0,
672,"1015457","J.Magor","SYD","DEF",0,
680,"1024096","C.Mitchell","SYD","DEF/MID",0,
689,"1023498","C.Vickery","SYD","DEF",0,
691,"1018424","Co.Warner","SYD","FWD",21,
694,"1015822","D.Bedendo","WBD","MID",0,
697,"1023017","J.Busslinger","WBD","DEF",0,
698,"1023787","C.Clarke","WBD","FWD",0,
708,"1017087","H.Gallagher","WBD","FWD",0,
716,"998782","B.Khamis","WBD","FWD",21,
737,"1020595","J.Baker","WCE","DEF",0,
738,"1020057","H.Barnett","WCE","RUC/FWD",8,
742,"1023502","C.Burgiel","WCE","DEF",0,
748,"1023142","T.Dewar","WCE","FWD",0,
784,"1017754","P.Voss","FRE","FWD",0,
492,"1031506","T.Goad","NTH","RUC",0,
32,"1027893","O.Ryan","ADE","DEF",0,
62,"1027985","L.Lloyd","BRL","FWD",0,
71,"1028019","L.Morris","BRL","FWD",0,
82,"1024187","R.Torrent","BRL","MID",0,
85,"1032650","Z.Zakostelsky","BRL","DEF/RUC",0,
117,"1020097","A.Moir","CAR","FWD",0,
129,"1027678","B.Wilson","CAR","DEF/MID",0,
148,"1032017","T.Jiath","COL","DEF",0,
192,"1027706","L.Lual","ESS","DEF",0,
203,"1023515","A.Roberts","ESS","DEF",0,
223,"1019975","J.Delean","FRE","FWD",0,
236,"1027990","O.Murphy","FRE","DEF",0,
275,"1026960","W.Graham","GCS","DEF/MID",0,
316,"1024304","M.Edwards","GEE","RUC",0,
326,"1013464","L.Humphries","GEE","DEF/MID",0,
341,"1023681","G.Stevens","GEE","MID",0,
345,"1020881","O.Wiltshire","GEE","MID/FWD",0,
360,"1032629","J.Fonti","GWS","DEF",0,
385,"1027925","H.Thomas","GWS","MID/FWD",0,
398,"1032100","C.Dear","HAW","FWD",0,
422,"1022473","B.Ryan","HAW","DEF",0,
485,"1028551","W.Dawson","NTH","DEF/FWD",0,
521,"1027870","T.Anastasopolous","PTA","FWD",0,
528,"1014013","L.Charleson","PTA","MID/FWD",0,
541,"1029262","W.Lorenz","PTA","MID/FWD",0,
575,"1022383","L.Fawcett","RIC","FWD",0,
613,"1017959","L.Collard","STK","FWD",0,
617,"1027790","H.Garcia","STK","MID/FWD",0,
618,"1027872","A.Hastie","STK","DEF",0,
688,"1024685","P.Snell","SYD","DEF/FWD",0,
723,"1024064","A.O'Driscoll","WBD","FWD",0,
729,"1027702","L.Smith","WBD","RUC",0,
760,"1027969","H.Johnston","WCE","MID/FWD",0,
769,"1027693","A.Reid","WCE","RUC/FWD",0,
76,"1009317","B.Reville","BRL","MID/FWD",0,
92,"1027964","M.Carroll","CAR","DEF",0,
118,"1035129","R.Monahan","CAR","FWD",0,
208,"1027966","V.Visentini","ESS","RUC",0,
232,"1028371","O.Jones","FRE","RUC",0,
318,"1011944","J.Furphy","GEE","RUC",0,
501,"1031792","F.Maley","NTH","RUC/FWD",0,
580,"1035199","O.Hayes-Brown","RIC","RUC",0,
780,"1035372","K.Gallagher","ADE","DEF",0,
782,"1015712","J.Eyre","COL","DEF",0,
785,"1005052","E.Phillips","HAW","DEF",0,
786,"1008747","M.Lefau","RIC","FWD",0,
787,"1031819","T.Sellers","NTH","FWD",0,
