"playerName","playerId","teamAbbr","salarySuperCoach","positionSuperCoach","ownershipSuperCoach","pricedAt","age","playerIdVoid","gms","subCount","kicks","handballs","marks","tackles","hitouts","ruckContestPercentage","goals","centreBounceAttendancePercentage","kickins","playOnPercentage","timeOnGroundPercentage","FP","consistency","FPadj","FPfirst","FPsecond","FPreg","FPfin","maxFP","minFP","pointsPerMinute","gm100","gm120","gmSub90","cbaPre","kiPre","poPre","togPre","fpPre","ppmPre","changeOwn","dollarsPerPoint","rankSalary","rankReg","rankAdj","rankFirst","rankSecond","feedID"
"Marcus Bontempelli","CD_I297373","WBD",681000,"MID",50.7,126.3,29,"CD_I297373","24",,"13.5","12.3","4.0","5.4","0.0","0","1.3","75","0",,"84","123.8","0.235","123.8","125.3","127.5","126.4","63.0","186","63","1.18","20","13","2","67","0",,"83","135.0","1.32",0,"5388",1,"1","1","2","1",297373
"Lachie Neale","CD_I293535","BRL",645900,"MID",6.8,119.8,31,"CD_I293535","26",,"13.6","15.7","4.6","3.3","0.0","0","0.5","86","0",,"86","117.7","0.266","117.7","117.4","121.9","119.9","106.0","179","68","1.08","20","11","6","71","0",,"65","124.0","1.66",0,"5387",3,"3","3","7","2",293535
"Sam Flanders","CD_I1009260","GCS",641500,"DEF/MID",17.6,119,23,"CD_I1009260","22",,"17.3","13.6","5.5","2.3","0.0","0","0.5","31","50","98","83","119.0","0.142","119.0","117.5","120.6","119.0",,"161","91","1.15","20","10","0","32","0",,"83","65.0","0.63",0,"5391",4,"4","2","6","3",1009260
"Jack Sinclair","CD_I994389","STK",592200,"DEF/MID",18.5,109.9,30,"CD_I994389","22",,"17.9","9.2","5.3","3.0","0.0","0","0.3","30","65","94","85","109.9","0.206","109.9","99.5","120.4","109.9",,"147","73","1.07","13","8","7",,,,,,,-0.5,"5389",12,"12","12","33","4",994389
"Zak Butters","CD_I1006121","PTA",648900,"MID",26.7,120.4,24,"CD_I1006121","26",,"14.2","12.9","4.7","4.1","0.0","0","0.5","66","0",,"78","112.9","0.273","115.8","121.4","119.4","120.4","55.3","175","41","1.17","17","12","6","8","0",,"9","8.0","0.76",-0.1,"5390",2,"2","6","5","5",1006121
"Andrew Brayshaw","CD_I1002232","FRE",591800,"MID",10.1,109.8,25,"CD_I1002232","23",,"13.3","15.9","4.3","5.1","0.0","0","0.3","70","0",,"83","109.8","0.196","109.8","103.7","116.5","109.8",,"147","73","1.08","16","10","6","52","0",,"79","84.0","0.91",-0.2,"5390",13,"13","13","30","6",1002232
"Adam Treloar","CD_I291790","WBD",628200,"MID",0.6,116.5,31,"CD_I291790","23",,"15.1","16.4","3.3","4.7","0.0","0","0.7","80","0",,"83","116.3","0.21","116.3","117.3","115.7","116.6","110.0","153","58","1.12","17","11","2","80","0",,"83","118.0","1.15",0,"5388",7,"7","5","8","7",291790
"Zach Merrett","CD_I992016","ESS",621100,"MID",8.2,115.2,29,"CD_I992016","23",,"15.7","12.5","4.3","5.0","0.0","0","0.6","80","3","100","84","115.3","0.175","115.3","116.8","113.5","115.3",,"145","74","1.10","18","11","3","68","1","100","83","111.0","1.12",0,"5387",9,"9","8","9","8",992016
"Luke Davies-Uniacke","CD_I1002267","NTH",588000,"MID",6.7,109.1,25,"CD_I1002267","23",,"13.7","14.0","3.7","3.9","0.0","0","0.5","82","0",,"86","109.1","0.209","109.1","104.5","113.4","109.1",,"152","67","1.00","15","6","4","79","0",,"79","36.0","0.38",-0.1,"5390",14,"14","15","28","9",1002267
"Patrick Cripps","CD_I990704","CAR",595300,"MID",8.2,110.4,29,"CD_I990704","24",,"11.1","17.8","2.6","5.4","0.8","5","0.7","79","0",,"83","111.2","0.205","111.2","108.8","112.4","110.5","128.0","144","68","1.06","17","9","6","75","0",,"76","89.0","0.95",0,"5387",11,"11","10","18","10",990704
"Errol Gulden","CD_I1013128","SYD",581900,"MID",6.3,108,22,"CD_I1013128","26",,"19.8","7.3","5.6","3.5","0.0","0","0.6","36","1","100","91","106.5","0.225","106.5","104.5","111.2","108.0","94.7","157","73","0.94","13","6","7","46","0",,"78","133.0","1.49",0,"5388",17,"17","21","28","11",1013128
"Josh Dunkley","CD_I993834","BRL",602300,"MID",1,111.7,28,"CD_I993834","27",,"12.4","12.9","5.6","6.2","0.1","1","0.2","80","0",,"84","109.6","0.193","109.6","112.5","111.1","111.8","96.8","163","69","1.03","18","9","4","75","0",,"69","99.0","1.25",0,"5387",10,"10","14","13","12",993834
"Will Setterfield","CD_I998215","ESS",462300,"MID",0.7,85.8,27,"CD_I998215","4",,"12.3","10.5","4.3","6.8","0.0","0","0.0","58","0",,"78","107.3","0.191","107.3","106.0","111.0","107.3",,"126","73","1.08","3","1","1","76","0",,"69","111.0","1.34",0,"4308",56,"18","17","21","13",998215
"Nick Daicos","CD_I1023261","COL",631400,"MID",38.2,117.1,22,"CD_I1023261","23",,"16.6","14.1","3.0","3.8","0.0","0","0.9","74","7","100","85","117.2","0.264","117.2","123.6","110.2","117.2",,"186","54","1.08","18","11","4","61","0",,"57","102.0","1.54",0.2,"5387",5,"5","4","4","14",1023261
"Tom Green","CD_I1009528","GWS",574200,"MID",10.6,106.5,24,"CD_I1009528","25",,"13.4","17.4","3.0","4.0","0.0","0","0.4","80","0",,"80","106.0","0.302","110.2","103.4","109.5","106.6","99.5","159","5","1.04","14","6","6","75","0",,"82","118.0","1.17",-0.1,"5386",19,"20","11","31","15",1009528
"Isaac Heeney","CD_I298539","SYD",629200,"MID",3.7,116.7,28,"CD_I298539","24",,"13.7","11.4","4.5","4.7","0.0","0","1.4","74","0",,"81","115.0","0.261","115.0","125.5","107.1","116.8","103.0","165","30","1.14","17","12","5","50","0",,"75","70.0","0.81",0,"5387",6,"6","9","1","16",298539
"Jai Newcombe","CD_I1020895","HAW",529700,"MID",2.5,98.3,23,"CD_I1020895","25",,"10.5","14.3","3.9","4.4","0.0","0","0.4","73","0",,"82","101.6","0.277","101.6","90.7","106.6","98.3","140.0","162","61","1.00","13","7","8","77","0",,"84","125.0","1.20",-0.1,"5389",35,"36","30","49","17",1020895
"Caleb Serong","CD_I1009420","FRE",623400,"MID",16.6,115.7,24,"CD_I1009420","23",,"13.7","15.7","2.8","5.0","0.0","0","0.5","79","0",,"82","115.7","0.187","115.7","124.6","106.0","115.7",,"170","84","1.14","17","8","2","76","0",,"81","95.0","1.00",0.2,"5388",8,"8","7","3","18",1009420
"Jack Steele","CD_I296205","STK",585200,"MID",0.8,108.6,29,"CD_I296205","23",,"11.3","13.0","5.7","7.3","0.0","0","0.3","85","0",,"84","108.6","0.182","108.6","111.9","105.0","108.6",,"143","70","1.07","14","7","5","79","0",,"79","111.0","1.17",0,"5389",15,"15","16","14","19",296205
"Noah Anderson","CD_I1009199","GCS",574900,"MID",2.4,106.7,24,"CD_I1009199","23",,"15.7","13.2","4.7","3.1","0.0","0","0.6","81","0",,"86","106.7","0.293","106.7","109.2","104.0","106.7",,"155","50","0.99","11","10","6","82","0",,"81","97.0","0.97",0,"5388",18,"19","19","17","20",1009199
"Ed Richards","CD_I1008280","WBD",531000,"MID",2.9,98.5,25,"CD_I1008280","21",,"13.0","8.3","4.6","3.7","0.0","0","0.5","44","5","60","79","97.2","0.263","98.3","93.3","103.8","98.6","71.0","163","64","0.98","8","3","11","0","2","100","90","80.0","0.72",0,"5385",34,"35","36","44","21",1008280
"Elliot Yeo","CD_I292128","WCE",564700,"MID",0.1,104.8,31,"CD_I292128","20",,"12.3","10.3","2.0","6.5","0.0","0","0.6","72","0",,"71","104.8","0.239","104.8","106.0","103.6","104.8",,"157","61","1.18","11","5","5","75","0",,"76","96.0","1.01",0,"5388",21,"22","24","21","22",292128
"Hayden Young","CD_I1009256","FRE",546100,"MID",2.1,101.3,23,"CD_I1009256","23",,"13.1","10.7","3.3","5.3","0.0","0","0.6","65","0",,"74","101.3","0.223","101.3","99.3","103.6","101.3",,"132","62","1.12","14","6","7","80","0",,"75","115.0","1.31",0,"5391",29,"30","31","34","22",1009256
"Sam Walsh","CD_I1006094","CAR",583900,"MID",1.9,108.3,24,"CD_I1006094","20",,"13.4","15.0","3.0","6.8","0.0","0","0.3","70","0",,"80","107.3","0.215","107.3","115.0","103.5","108.4","87.0","166","69","1.06","11","4","5",,,,,,,0.1,"5387",16,"16","17","11","24",1006094
"Connor Rozee","CD_I1001299","PTA",529400,"MID",5.9,98.2,25,"CD_I1001299","23",,"14.6","9.0","4.3","4.4","0.0","0","0.7","62","0",,"81","96.6","0.3","96.6","92.3","103.1","98.3","85.3","168","39","0.97","12","3","8","52","0",,"73","113.0","1.33",-0.1,"5386",36,"36","39","46","25",1001299
"Rory Laird","CD_I293222","ADE",561100,"MID",1.1,104.1,31,"CD_I293222","23",,"11.8","15.8","3.6","5.7","0.0","0","0.1","50","3","100","77","104.1","0.19","104.1","105.2","103.0","104.1",,"149","65","1.08","13","4","5","61","0",,"72","89.0","0.98",0,"5390",23,"24","25","24","26",293222
"Tom Liberatore","CD_I290799","WBD",561700,"MID",0.4,104.2,32,"CD_I290799","18",,"10.6","13.2","2.8","5.6","0.0","0","0.2","72","0",,"78","102.7","0.181","102.7","106.8","102.8","104.2","76.0","155","76","1.05","10","2","3","87","0",,"79","136.0","1.39",0,"5391",22,"23","27","19","27",290799
"Jye Caldwell","CD_I1006103","ESS",506300,"MID",0.3,93.9,24,"CD_I1006103","23",,"11.0","11.7","4.1","6.5","0.0","0","0.3","46","0",,"75","94.0","0.235","95.6","89.0","99.4","94.0",,"134","53","1.01","10","3","8","24","0",,"78","44.0","0.47",0,"5386",41,"42","42","53","28",1006103
"Hugh McCluggage","CD_I1000978","BRL",528500,"MID",0.4,98.1,26,"CD_I1000978","27",,"14.7","10.0","5.3","3.7","0.0","0","0.7","59","0",,"82","101.1","0.244","101.1","97.4","98.8","98.1","118.8","161","56","0.97","16","6","9","42","0",,"75","162.0","1.88",0,"5387",37,"38","32","37","29",1000978
"Jordan Dawson","CD_I992242","ADE",550300,"MID",3,102.1,27,"CD_I992242","22",,"16.6","7.9","5.0","6.1","0.0","0","0.5","59","6","100","84","102.1","0.294","102.1","105.0","98.7","102.1",,"168","55","0.97","10","5","7","46","0",,"66","90.0","1.09",0.1,"5390",27,"28","28","25","30",992242
"George Hewett","CD_I294036","CAR",496500,"MID",0.1,92.1,29,"CD_I294036","22","2","10.7","12.7","2.8","4.6","0.0","0","0.3","68","0",,"73","93.8","0.327","100.6","87.4","98.4","92.1","128.0","135","12","1.01","12","4","7","68","0",,"78","101.0","1.05",0,"5391",43,"44","34","58","31",294036
"Ollie Wines","CD_I294318","PTA",535400,"MID",0.1,99.3,30,"CD_I294318","25",,"10.0","13.5","4.1","4.8","0.4","2","0.3","56","0",,"70","98.1","0.266","100.8","101.1","97.6","99.4","89.0","157","34","1.13","11","4","8","76","0",,"76","130.0","1.47",0,"5386",32,"33","33","32","32",294318
"Matt Crouch","CD_I297401","ADE",568600,"MID",0.2,105.5,29,"CD_I297401","15",,"10.3","19.6","4.1","5.3","0.0","0","0.0","67","0",,"71","105.5","0.134","105.5","109.3","95.3","105.5",,"128","85","1.18","9","3","3","57","0",,"59","114.0","1.54",0,"5390",20,"21","23","16","33",297401
"Tim Kelly","CD_I295898","WCE",514300,"MID",0.2,95.4,30,"CD_I295898","20",,"12.0","11.9","2.8","4.9","0.0","0","0.2","77","0",,"82","95.5","0.23","95.5","95.9","94.9","95.5",,"139","53","0.94","6","4","8","75","0",,"74","98.0","1.05",0,"5385",38,"39","43","40","34",295898
"Chad Warner","CD_I1012014","SYD",559700,"MID",1.8,103.8,23,"CD_I1012014","25",,"14.4","9.0","4.2","3.2","0.0","0","1.4","64","0",,"82","103.3","0.292","103.3","113.2","94.5","103.9","99.3","172","38","1.01","13","6","9",,,,,,,0,"5387",24,"25","26","12","35",1012014
"Trent Rivers","CD_I1009378","MEL",462900,"DEF/MID",3.4,85.9,23,"CD_I1009378","23",,"13.3","8.0","5.3","2.6","0.0","0","0.1","30","12","100","78","85.9","0.276","85.9","78.0","94.5","85.9",,"143","45","0.89","5","2","12","0","0",,"84","80.0","0.78",0,"5389",55,"55","64","85","35",1009378
"Mattaes Phillipou","CD_I1020137","STK",313800,"FWD/MID",8.2,58.2,20,"CD_I1020137","13",,"8.2","6.2","2.9","3.7","0.0","0","0.6","26","0",,"75","58.2","0.507","58.2","42.1","94.5","58.2",,"112","18","0.63","2","0","11","50","0",,"40","42.0","0.88",-0.2,"5392",139,"142","158","159","35",1020137
"Tim Taranto","CD_I998172","RIC",509400,"MID",1.4,94.5,27,"CD_I998172","15",,"12.3","12.7","3.5","5.3","0.0","0","0.4","73","0",,"80","94.5","0.273","97.9","94.8","94.4","94.5",,"139","48","0.96","8","3","5","61","0",,"78","115.0","1.27",0,"5390",39,"40","38","41","38",998172
"James Rowbottom","CD_I1006126","SYD",509300,"MID",0.1,94.5,24,"CD_I1006126","24",,"9.8","9.2","2.0","7.8","0.0","0","0.3","71","0",,"79","95.1","0.272","95.1","94.6","94.4","94.5","99.0","163","51","0.96","8","3","9","67","0",,"77","101.0","1.14",0,"5389",40,"40","44","42","38",1006126
"Jason Horne-Francis","CD_I1011640","PTA",537000,"FWD/MID",51,99.6,21,"CD_I1011640","24",,"15.5","6.2","4.4","3.0","0.0","0","1.1","54","0",,"79","98.2","0.214","98.2","105.9","94.0","99.7","87.7","141","46","1.00","9","4","9","68","0",,"80","105.0","1.12",1.1,"5386",31,"32","37","23","40",1011640
"Edward Allan","CD_I1022915","COL",194000,"MID",6.9,36,20,"CD_I1022915","2",,"7.0","7.0","0.5","4.0","0.0","0","0.5","34","0",,"80","60.0","0.567","60.0","26.0","94.0","60.0",,"94","26","0.53","0","0","1",,,,,,,-0.2,"3233",181,"138","153","168","40",1022915
"Jy Simpkin","CD_I993998","NTH",429300,"FWD/MID",2.5,79.6,26,"CD_I993998","18",,"12.1","8.9","3.1","3.1","0.0","0","0.6","53","0",,"85","79.7","0.303","79.7","57.9","93.5","79.7",,"129","43","0.74","4","1","12","0","0",,"20","24.0","1.00",0.7,"5386",79,"79","86","134","42",993998
"Massimo D'Ambrosio","CD_I1005144","HAW",472500,"MID",2.1,87.7,21,"CD_I1005144","24",,"12.5","8.7","5.0","2.0","0.0","0","0.3","0","5","80","77","88.8","0.294","92.8","82.0","93.4","87.7","101.0","134","30","0.93","11","3","9","0","0",,"76","77.0","0.82",0,"5388",51,"51","45","72","43",1005144
"Josh Kelly","CD_I296347","GWS",538500,"MID",0.3,99.9,30,"CD_I296347","17",,"13.0","11.3","4.2","3.6","0.0","0","0.9","38","0",,"84","96.5","0.176","96.5","104.8","92.7","99.9","71.0","132","69","0.91","5","2","5","32","0",,"56","69.0","1.00",0,"5390",30,"31","41","27","44",296347
"Max Holmes","CD_I1015889","GEE",533900,"DEF/MID",20.5,99.1,22,"CD_I1015889","25",,"15.0","9.2","5.6","3.0","0.0","0","0.5","32","20","70","79","100.3","0.207","100.3","105.0","92.6","99.1","114.0","152","69","1.00","12","4","9","32","0",,"65","108.0","1.39",0.1,"5387",33,"34","35","25","45",1015889
"Josh Daicos","CD_I1005054","COL",482600,"MID",1.3,89.5,26,"CD_I1005054","23",,"14.2","10.7","5.2","3.2","0.0","0","0.3","10","13","100","88","89.6","0.263","89.6","87.3","92.1","89.6",,"140","50","0.80","9","3","11","6","0",,"64","83.0","1.12",0,"5386",47,"47","51","59","46",1005054
"George Wardlaw","CD_I1023477","NTH",461300,"MID",0.5,85.6,20,"CD_I1023477","18",,"11.3","7.8","3.3","4.3","0.0","0","0.4","66","0",,"73","85.6","0.276","85.6","80.9","91.5","85.6",,"123","43","0.92","6","3","12","79","0",,"74","63.0","0.71",0,"5389",57,"56","66","77","47",1023477
"Sam Durham","CD_I1015810","ESS",482300,"MID",1.3,89.5,23,"CD_I1015810","22",,"10.7","10.7","4.0","4.4","0.0","0","0.5","48","0",,"75","89.5","0.207","91.9","87.9","91.1","89.5",,"122","39","0.96","6","1","10","68","0",,"69","75.0","0.91",0,"5389",48,"48","47","56","48",1015810
"Finn Callaghan","CD_I1023266","GWS",441600,"MID",1,81.9,21,"CD_I1023266","24",,"9.3","13.6","2.8","3.6","0.0","0","0.1","43","0",,"81","80.2","0.276","80.2","72.7","89.7","82.0","60.5","122","30","0.78","6","1","16",,,,,,,0,"5385",70,"68","82","99","49",1023266
"Steele Sidebottom","CD_I280965","COL",405800,"MID",0.2,75.3,34,"CD_I280965","22","1","12.3","6.0","4.1","3.1","0.0","0","0.2","11","16","75","84","75.3","0.371","77.0","62.6","88.0","75.3",,"125","26","0.70","6","2","16","0","0",,"88","69.0","0.68",0,"5389",94,"96","98","124","50",280965
"Will Day","CD_I1008550","HAW",491300,"MID",13.8,91.2,23,"CD_I1008550","16",,"9.1","10.2","2.7","4.6","0.0","0","0.2","61","3","67","71","91.2","0.393","96.6","96.7","87.9","91.2",,"142","10","1.04","9","3","6",,,,,,,-0.2,"5387",44,"45","39","38","51",1008550
"Darcy Parish","CD_I993817","ESS",481400,"MID",1.5,89.3,27,"CD_I993817","12",,"12.2","12.4","4.6","4.3","0.0","0","0.2","66","0",,"76","89.3","0.294","89.3","90.4","87.8","89.3",,"148","59","0.96","4","2","8","64","0",,"75","123.0","1.37",-0.1,"5391",49,"49","53","50","52",993817
"James Worpel","CD_I1002222","HAW",470400,"MID",0.3,87.3,26,"CD_I1002222","25",,"11.2","10.6","2.1","4.4","0.0","0","0.2","69","0",,"76","86.4","0.278","86.4","86.9","87.7","87.3","76.5","150","47","0.91","6","2","13","57","0",,"73","54.0","0.60",0,"5388",52,"52","62","60","53",1002222
"Dion Prestia","CD_I290627","RIC",426100,"MID",0.1,79.1,32,"CD_I290627","13",,"10.3","11.7","3.2","1.9","0.0","0","0.2","54","0",,"74","79.1","0.308","84.6","66.0","87.3","79.1",,"106","13","0.86","2","0","7","33","0",,"55","46.0","0.72",0,"5387",81,"81","68","113","54",290627
"Willem Drew","CD_I1000972","PTA",487800,"MID",0.2,90.5,26,"CD_I1000972","26",,"10.9","8.5","3.6","6.1","0.0","0","0.2","56","0",,"80","90.3","0.3","90.3","93.8","87.0","90.5","89.0","163","52","0.90","8","3","16","68","0",,"75","94.0","1.07",0.1,"5390",46,"46","49","43","55",1000972
"Blake Acres","CD_I296294","CAR",500600,"MID",0.2,92.9,29,"CD_I296294","23",,"12.7","9.7","6.0","2.8","0.0","0","0.6","0","1","0","86","92.3","0.24","92.3","97.9","86.9","92.9","80.0","129","41","0.85","10","2","8","0","0",,"83","82.0","0.80",0,"5389",42,"43","46","36","56",296294
"Scott Pendlebury","CD_I260257","COL",465800,"MID",0.2,86.4,37,"CD_I260257","20",,"11.0","9.7","3.1","4.0","0.0","0","0.4","65","3","100","73","86.5","0.354","89.8","86.3","86.7","86.5",,"147","23","0.92","9","2","10",,,,,,,0,"5385",54,"54","50","62","57",260257
"Matt Rowell","CD_I1009208","GCS",550300,"MID",3,102.1,23,"CD_I1009208","23",,"10.6","12.8","1.4","8.0","0.0","0","0.3","76","0",,"81","102.1","0.27","102.1","116.5","86.5","102.1",,"155","51","1.01","11","8","9","71","0",,"67","61.0","0.74",0.1,"5390",27,"28","28","10","58",1009208
"Lachlan Sholl","CD_I1006136","ADE",458500,"MID",0.1,85.1,24,"CD_I1006136","20","1","14.7","7.0","5.3","2.3","0.0","0","0.6","0","0",,"81","85.1","0.289","87.5","83.7","86.3","85.1",,"129","40","0.84","6","1","11","0","0",,"84","91.0","0.86",0,"5388",58,"57","58","68","59",1006136
"Justin McInerney","CD_I1011936","SYD",443700,"MID",0.1,82.3,24,"CD_I1011936","20",,"10.2","8.7","5.4","2.3","0.1","0","0.3","15","5","80","81","77.6","0.25","78.3","80.3","86.2","82.4","50.7","107","23","0.77","2","0","14","33","0",,"71","83.0","1.02",0,"5385",67,"66","93","79","60",1011936
"Jase Burgoyne","CD_I1013462","PTA",430800,"MID",0.4,79.9,21,"CD_I1013462","23","2","11.0","7.2","5.0","3.6","0.0","0","0.2","0","0",,"82","81.8","0.326","86.7","73.7","86.2","80.0","94.3","123","29","0.80","7","1","13","0","0",,"63","67.0","0.91",0,"5385",78,"78","61","96","60",1013462
"Dylan Shiel","CD_I291783","ESS",413700,"MID",1,76.8,31,"CD_I291783","9","1","10.4","10.6","3.8","3.4","0.0","0","0.2","53","0",,"62","76.8","0.442","85.8","5.0","85.8","76.8",,"124","5","1.01","3","1","6",,,,,,,0.2,"5387",89,"91","65","178","62",291783
"Alex Neal-Bullen","CD_I296420","ADE",458500,"FWD/MID",1.3,85.1,29,"CD_I296420","23",,"9.7","9.1","3.3","5.1","0.0","0","0.4","20","0",,"81","85.1","0.25","85.1","85.2","85.0","85.1",,"134","49","0.84","4","1","14","11","0",,"83","110.0","1.08",0,"5388",58,"57","67","64","63",296420
"Jack Crisp","CD_I293871","COL",469700,"MID",0.3,87.1,31,"CD_I293871","23","1","10.4","9.9","2.8","5.4","0.0","0","0.6","56","0",,"77","87.2","0.261","87.7","89.5","84.6","87.2",,"134","50","0.89","9","2","13","61","0",,"73","89.0","1.05",0,"5386",53,"53","57","52","64",293871
"Jack Bowes","CD_I998260","GEE",449100,"MID",0.1,83.3,27,"CD_I998260","22","3","11.5","6.8","3.1","4.7","0.0","0","0.5","39","7","71","68","82.7","0.399","90.8","82.1","84.4","83.4","76.5","146","28","0.95","8","4","12","16","0",,"30","61.0","1.70",0,"5385",63,"61","48","71","65",998260
"Ed Langdon","CD_I298264","MEL",432300,"MID",0.1,80.2,29,"CD_I298264","22",,"11.0","9.4","5.4","2.4","0.0","0","0.4","1","0",,"95","80.2","0.284","80.2","76.1","84.4","80.2",,"146","39","0.68","3","2","16","0","0",,"92","60.0","0.53",0,"5390",74,"74","82","90","65",298264
"Touk Miller","CD_I298272","GCS",552600,"MID",0.8,102.5,29,"CD_I298272","18",,"12.1","14.3","3.2","4.8","0.0","0","0.2","61","0",,"79","102.6","0.26","106.6","111.8","84.0","102.6",,"149","33","1.05","9","5","4","75","0",,"79","116.0","1.19",0,"5386",26,"27","20","15","67",298272
"Jordan De Goey","CD_I994185","COL",441800,"MID",0.6,82,28,"CD_I994185","13",,"11.2","9.7","3.8","3.5","0.0","0","0.8","63","0",,"81","82.0","0.325","82.0","80.9","83.8","82.0",,"138","39","0.80","3","1","7","67","0",,"69","111.0","1.39",0,"5388",69,"68","76","77","68",994185
"Patrick Dangerfield","CD_I270917","GEE",454200,"MID",0.3,84.3,34,"CD_I270917","16",,"12.2","7.9","3.4","3.9","0.1","1","0.5","66","0",,"71","84.4","0.207","84.6","87.5","83.0","84.3","85.0","134","60","0.94","2","1","11","44","0",,"65","48.0","0.62",0,"5388",60,"59","68","57","69",270917
"Oliver Dempsey","CD_I1025034","GEE",408100,"MID",0.6,75.7,22,"CD_I1025034","25",,"9.2","8.2","4.4","2.4","0.0","0","0.9","0","0",,"87","75.2","0.307","75.2","69.7","82.4","75.7","68.5","122","28","0.68","3","1","17","0","0",,"85","93.0","0.91",0,"5391",92,"94","104","104","70",1025034
"Jake Lloyd","CD_I295342","SYD",444400,"DEF/MID",0.7,82.4,31,"CD_I295342","26",,"12.3","7.4","6.4","1.8","0.0","0","0.2","0","38","97","85","84.5","0.231","84.5","82.8","82.2","82.5","99.7","132","53","0.80","4","2","17",,,,,,,0,"5387",66,"65","70","70","71",295342
"Will Ashcroft","CD_I1023517","BRL",441200,"MID",26,81.9,20,"CD_I1023517","13",,"12.8","10.1","5.2","2.5","0.0","0","0.2","33","0",,"77","88.5","0.288","88.5",,"81.9","81.9","103.3","129","54","0.90","4","2","7",,,,,,,-0.2,"5387",71,"70","55",,"72",1023517
"Bailey Scott","CD_I1006058","NTH",397100,"MID",0.2,73.7,24,"CD_I1006058","23",,"13.6","6.7","5.0","2.5","0.0","0","0.2","0","30","97","83","73.7","0.334","73.7","65.2","81.5","73.7",,"125","29","0.70","3","1","16","0","3","100","78","96.0","1.03",0,"5388",95,"97","106","117","73",1006058
"Jacob Hopper","CD_I993903","RIC",435600,"MID",0.4,80.8,28,"CD_I993903","12",,"11.0","12.8","3.7","3.4","0.0","0","0.3","66","0",,"74","80.8","0.187","82.5","81.0","80.8","80.8",,"98","55","0.88","0","0","9","56","0",,"68","27.0","0.34",0,"5391",72,"72","73","76","74",993903
"Matthew Kennedy","CD_I1001398","WBD",414400,"FWD/MID",1.8,76.9,27,"CD_I1001398","24","3","10.2","7.5","4.4","3.4","0.5","3","0.7","33","0",,"71","75.1","0.344","81.9","73.3","80.8","76.9","33.0","119","25","0.83","3","0","17",,,,,,,-0.1,"5389",88,"90","77","97","74",1001398
"Liam Baker","CD_I1000223","WCE",443600,"FWD/MID",4.5,82.3,27,"CD_I1000223","18",,"11.5","8.4","3.3","3.8","0.0","0","0.8","35","0",,"81","82.3","0.292","82.3","84.1","80.6","82.3",,"140","45","0.82","5","1","10","11","0",,"73","62.0","0.73",0.1,"5390",68,"67","74","67","76",1000223
"Miles Bergman","CD_I1009191","PTA",418200,"DEF/MID",0.6,77.6,23,"CD_I1009191","26",,"10.8","4.9","6.5","2.8","0.0","0","0.2","1","2","100","85","76.2","0.26","76.2","74.8","80.6","77.6","65.3","119","34","0.72","2","0","18","0","0",,"74","29.0","0.34",0,"5389",84,"86","101","92","76",1009191
"Callan Ward","CD_I280109","GWS",417000,"MID",0.2,77.4,34,"CD_I280109","20",,"9.7","8.8","4.4","2.7","0.0","0","0.7","16","0",,"78","79.8","0.28","82.2","72.5","79.8","77.4","101.5","118","34","0.81","4","0","14","82","0",,"76","77.0","0.82",0,"5388",85,"87","75","100","78",280109
"Conor Nash","CD_I1007124","HAW",411900,"MID",0.2,76.4,26,"CD_I1007124","25",,"8.4","10.5","2.5","5.5","1.4","7","0.0","65","0",,"74","76.4","0.281","77.3","73.8","79.3","76.4","75.5","121","28","0.83","4","1","19","83","0",,"82","73.0","0.72",0,"5391",91,"93","96","94","79",1007124
"Jack Viney","CD_I291902","MEL",474200,"MID",0.2,88,30,"CD_I291902","23",,"11.2","9.8","2.6","6.2","0.0","0","0.4","69","0",,"78","88.0","0.321","88.0","96.3","79.0","88.0",,"138","34","0.91","8","3","11","71","0",,"77","114.0","1.21",-0.1,"5389",50,"50","56","39","80",291902
"Jake Soligo","CD_I1017109","ADE",447900,"MID",0.5,83.1,22,"CD_I1017109","23","1","10.9","11.1","2.6","3.7","0.0","0","0.3","56","0",,"74","83.1","0.308","86.8","86.9","79.0","83.1",,"146","18","0.89","4","3","14","32","0",,"48","35.0","0.58",0,"5390",64,"63","60","60","80",1017109
"Archie Roberts","CD_I1023515","ESS",338400,"DEF/MID",1.9,62.8,19,"CD_I1023515","4",,"11.8","10.0","5.3","3.0","0.0","0","0.3","0","1","100","82","78.5","0.27","78.5",,"78.5","78.5",,"103","46","0.78","1","0","2",,,,,,,0,"4311",126,"83","90",,"82",1023515
"Cooper Lord","CD_I1032108","CAR",253800,"MID",0.8,47.1,19,"CD_I1032108","2",,"5.0","12.0","4.0","4.5","0.0","0","0.0","53","0",,"66","78.5","0.121","78.5",,"78.5","78.5",,"88","69","0.98","0","0","2",,,,,,,0,"3233",162,"83","90",,"82",1032108
"Jarrod Berry","CD_I998133","BRL",449300,"MID",0.2,83.4,27,"CD_I998133","27",,"11.2","8.8","6.2","3.6","0.0","0","0.2","20","2","50","73","86.5","0.281","89.3","90.0","77.3","83.4","104.3","125","13","0.93","6","1","11","0","1","100","62","73.0","1.03",0,"5387",62,"61","53","51","84",998133
"Travis Boak","CD_I250365","PTA",423500,"MID",0.1,78.6,36,"CD_I250365","23",,"10.8","7.4","5.0","2.9","0.0","0","0.2","2","0",,"78","78.4","0.309","80.7","81.1","76.1","78.6","77.3","133","29","0.81","4","2","15","0","0",,"80","92.0","0.99",0,"5388",82,"82","79","75","85",250365
"Tom Atkins","CD_I994386","GEE",431600,"MID",0.1,80.1,29,"CD_I994386","22","1","8.0","9.1","1.5","6.5","0.0","0","0.0","54","0",,"69","79.2","0.261","81.9","83.7","75.7","80.1","70.5","124","45","0.89","3","1","15","32","0",,"38","51.0","1.12",0,"5388",77,"76","77","68","86",994386
"Tom Powell","CD_I1011659","NTH",432000,"MID",0.9,80.1,22,"CD_I1011659","23",,"9.6","10.5","3.7","4.2","0.0","0","0.4","50","8","63","78","80.2","0.302","80.2","85.2","75.6","80.2",,"129","37","0.81","5","2","14","38","0",,"85","50.0","0.49",0.1,"5387",75,"74","82","64","87",1011659
"Caleb Poulter","CD_I1011589","WBD",281300,"MID",0.2,52.2,22,"CD_I1011589","7","1","9.9","4.6","3.9","2.4","0.0","0","0.4","0","0",,"73","58.0","0.563","66.3","15.0","75.2","58.0",,"111","8","0.64","1","0","6",,,,,,,0.1,"4850",153,"143","131","173","88",1011589
"Zak Jones","CD_I991988","STK",328300,"MID",0.1,60.9,29,"CD_I991988","13","3","7.8","8.1","3.2","2.5","0.0","0","0.2","36","0",,"59","60.9","0.453","76.4","38.2","75.1","60.9",,"108","17","0.85","1","0","12",,,,,,,0,"5391",132,"134","100","165","89",991988
"Hunter Clark","CD_I1002264","STK",412000,"MID",0.2,76.4,25,"CD_I1002264","11",,"12.0","7.3","2.7","4.2","0.0","0","0.1","47","0",,"62","76.5","0.262","76.5","91.0","75.0","76.5",,"96","31","1.02","0","0","7",,,,,,,0,"5386",90,"92","99","48","90",1002264
"Mason Wood","CD_I295340","STK",431700,"FWD/MID",0.3,80.1,31,"CD_I295340","18",,"11.9","6.4","7.4","1.9","0.0","0","0.9","0","0",,"83","80.1","0.36","84.4","88.6","74.7","80.1",,"140","8","0.80","5","1","11","0","0",,"79","59.0","0.62",0,"5390",76,"76","71","55","91",295340
"Xavier Duursma","CD_I1006096","ESS",422100,"MID",0.2,78.3,24,"CD_I1006096","15",,"11.0","7.5","6.4","2.7","0.0","0","0.6","0","0",,"81","78.3","0.272","78.3","81.6","74.6","78.3",,"116","45","0.78","3","0","10","0","0",,"78","63.0","0.67",0,"5391",83,"85","93","73","92",1006096
"Harley Reid","CD_I1023492","WCE",434000,"MID",5.7,80.5,19,"CD_I1023492","20",,"8.6","10.0","2.3","4.0","0.0","0","0.5","70","1","100","82","80.6","0.311","80.6","85.5","74.4","80.6",,"147","48","0.79","3","2","15","61","3","100","73","88.0","0.96",-0.1,"5385",73,"73","80","63","93",1023492
"Bailey Williams","CD_I992351","WBD",414700,"MID",0.1,76.9,27,"CD_I992351","24",,"10.5","8.5","5.7","2.1","0.0","0","0.4","0","1","100","84","76.2","0.275","76.2","79.3","74.4","77.0","59.0","119","34","0.72","4","0","19","0","0",,"70","58.0","0.67",0,"5386",87,"89","101","83","93",992351
"Sam Berry","CD_I1012807","ADE",342800,"MID",0.3,63.6,23,"CD_I1012807","18","5","6.8","6.9","1.4","5.1","0.0","0","0.2","47","0",,"56","63.6","0.399","80.1","47.0","74.2","63.6",,"106","15","0.90","2","0","16","39","0",,"72","115.0","1.27",0,"5390",122,"126","85","151","95",1012807
"Clayton Oliver","CD_I996701","MEL",451600,"MID",50.5,83.8,27,"CD_I996701","21",,"10.9","12.3","2.8","4.0","0.0","0","0.1","71","0",,"78","83.8","0.299","83.8","91.3","73.9","83.8",,"141","32","0.88","5","2","11",,,,,,,0.1,"5389",61,"60","72","47","96",996701
"Jayden Hunt","CD_I994385","WCE",359100,"DEF/MID",0.3,66.6,29,"CD_I994385","20",,"10.7","5.6","3.6","2.1","0.0","0","0.2","0","21","95","85","66.7","0.384","66.7","60.0","73.3","66.7",,"138","26","0.63","1","1","16","0","4","100","83","72.0","0.69",0,"5384",113,"116","128","129","97",994385
"Adam Cerra","CD_I1002239","CAR",447700,"MID",4.4,83.1,25,"CD_I1002239","13",,"10.7","8.7","2.5","3.6","0.0","0","0.3","49","1","100","70","82.5","0.253","87.3","93.2","73.0","83.1","76.0","128","38","0.93","2","1","9","54","0",,"79","69.0","0.71",0,"5387",65,"63","59","45","98",1002239
"James Peatling","CD_I1006013","ADE",352800,"MID",22.1,65.5,24,"CD_I1006013","19","7","8.4","5.4","1.7","5.1","0.0","0","0.4","42","0",,"59","67.3","0.573","89.4","56.9","71.5","65.5","82.5","133","11","0.90","4","1","11","25","0",,"29","35.0","0.98",-0.1,"5386",115,"118","52","135","99",1006013
"Luke Parker","CD_I290778","NTH",343600,"FWD/MID",24.1,63.7,32,"CD_I290778","10","3","8.1","6.0","3.2","2.3","0.0","0","1.4","33","0",,"73","63.8","0.393","64.7",,"70.9","70.9","47.3","109","23","0.70","2","0","8",,,,,,,-0.4,"4846",121,"102","139",,"100",290778
"Patrick Lipinski","CD_I1003130","COL",407600,"FWD/MID",0.9,75.6,26,"CD_I1003130","23","1","8.0","9.5","3.2","3.1","0.0","0","0.8","5","0",,"81","75.7","0.359","78.8","80.2","70.7","75.7",,"131","7","0.73","5","1","16","0","0",,"88","126.0","1.23",0,"5384",93,"94","89","80","101",1003130
"Mark Blicavs","CD_I296733","GEE",367400,"MID",0.3,68.2,33,"CD_I296733","24",,"6.8","7.5","3.2","3.6","9.6","25","0.2","37","0",,"82","69.0","0.258","69.0","65.9","70.5","68.2","77.5","101","27","0.65","1","0","19","12","0",,"77","72.0","0.78",0,"5387",110,"112","123","114","102",296733
"Jaeger O'Meara","CD_I294613","FRE",351500,"MID",0.2,65.2,31,"CD_I294613","22","3","8.3","7.0","3.6","2.9","0.0","0","0.4","4","0",,"70","65.2","0.354","71.7","60.0","70.5","65.2",,"95","9","0.76","0","0","19","4","0",,"75","33.0","0.38",0,"5391",117,"120","112","129","102",294613
"Jack Graham","CD_I990827","WCE",376000,"FWD/MID",1.2,69.8,26,"CD_I990827","14",,"7.3","10.1","2.1","4.4","0.0","0","0.1","37","0",,"71","69.8","0.304","72.4","68.8","70.3","69.8",,"98","35","0.79","0","0","11","0","0",,"76","51.0","0.58",0,"5387",105,"106","108","107","104",990827
"Reuben Ginbey","CD_I1023025","WCE",373900,"MID",0.5,69.4,20,"CD_I1023025","23",,"7.6","8.1","2.7","3.6","0.0","0","0.0","34","2","100","82","69.4","0.263","69.4","68.9","69.9","69.4",,"103","30","0.67","2","0","19",,,,,,,0,"5388",107,"108","121","106","105",1023025
"Toby Bedford","CD_I1008139","GWS",330200,"FWD/MID",0.9,61.3,24,"CD_I1008139","23",,"4.5","7.2","1.8","6.1","0.0","0","0.4","45","0",,"84","61.8","0.327","61.8","52.7","69.8","61.3","74.0","97","22","0.58","0","0","21","11","0",,"81","72.0","0.72",0,"5387",130,"132","151","144","106",1008139
"Shai Bolton","CD_I993993","FRE",416100,"FWD/MID",11.2,77.2,26,"CD_I993993","22",,"9.9","6.9","3.8","2.6","0.0","0","1.5","54","0",,"87","77.2","0.322","77.2","84.8","69.6","77.2",,"133","36","0.72","3","2","17","39","0",,"88","88.0","0.86",-0.1,"5390",86,"88","97","66","107",993993
"Alex Davies","CD_I1013268","GCS",333200,"MID",0.2,61.8,22,"CD_I1013268","7","1","5.3","10.3","1.1","7.0","0.1","3","0.1","50","0",,"58","68.7","0.331","74.5","67.7","69.5","68.7",,"98","34","0.93","0","0","5",,,,,,,0,"4850",129,"110","105","110","108",1013268
"Oliver Hollands","CD_I1023495","CAR",333300,"MID",2.3,61.8,21,"CD_I1023495","23",,"8.8","5.2","3.8","3.4","0.0","0","0.2","1","1","100","83","62.0","0.344","62.0","54.4","69.4","61.9","64.0","116","22","0.59","1","0","20","29","0",,"81","60.0","0.60",0.1,"5384",128,"131","148","140","109",1023495
"Zac Bailey","CD_I1002312","BRL",379900,"FWD/MID",0.9,70.5,25,"CD_I1002312","22",,"9.9","6.4","4.3","2.4","0.0","0","1.0","13","0",,"76","71.8","0.234","71.8","73.8","68.8","70.5","77.5","110","26","0.74","1","0","19",,,,,,,0,"5389",103,"104","111","94","110",1002312
"Ryan Byrnes","CD_I1011994","STK",325500,"MID",0.1,60.4,23,"CD_I1011994","15","1","10.7","5.6","4.6","2.3","0.0","0","0.1","2","0",,"78","60.4","0.333","63.7","53.6","68.1","60.4",,"93","14","0.63","0","0","14","25","0",,"78","119.0","1.27",0,"5389",135,"137","144","141","111",1011994
"Brayden Fiorini","CD_I993799","GCS",393800,"MID",0.1,73.1,27,"CD_I993799","12",,"10.4","8.6","4.9","1.8","0.0","0","0.5","0","0",,"84","73.1","0.316","73.1","74.2","67.5","73.1",,"108","37","0.69","2","0","9","0","0",,"87","87.0","0.81",0,"5387",97,"98","107","93","112",993799
"Will Phillips","CD_I1012829","NTH",336500,"MID",0.1,62.4,22,"CD_I1012829","11",,"5.3","8.7","2.0","5.0","0.0","0","0.2","58","0",,"69","62.5","0.266","65.2","51.0","66.8","62.5",,"95","35","0.71","0","0","10","58","0",,"63","48.0","0.64",0,"5384",127,"130","137","148","113",1012829
"Isaac Cumming","CD_I1001396","ADE",287700,"MID",5.8,53.4,26,"CD_I1001396","6",,"7.7","6.3","4.0","4.2","0.0","0","0.5","0","1","0","72","72.3","0.315","79.6",,"66.8","66.8","83.5","103","36","0.78","1","0","4",,,,,,,0,"4307",148,"114","87",,"113",1001396
"Billy Dowling","CD_I1015329","ADE",359800,"MID",0.1,66.8,20,"CD_I1015329","9",,"10.6","6.4","5.3","1.9","0.0","0","0.4","2","0",,"78","66.8","0.236","66.8",,"66.8","66.8",,"101","44","0.68","1","0","8",,,,,,,0,"5386",112,"114","127",,"113",1015329
"Taylor Adams","CD_I291776","SYD",370100,"FWD/MID",0.4,68.7,31,"CD_I291776","19","1","8.4","8.8","3.0","3.6","0.0","0","0.5","29","0",,"67","68.7","0.321","70.8","72.9","66.3","68.7",,"115","29","0.82","1","0","16","42","0",,"50","43.0","0.75",0,"5387",109,"110","116","98","116",291776
"Darcy Tucker","CD_I993816","NTH",355400,"DEF/MID",0.5,65.9,28,"CD_I993816","23",,"11.0","6.4","4.4","2.5","0.0","0","0.1","0","7","86","81","66.0","0.353","66.0","66.1","65.8","66.0",,"132","31","0.64","2","1","20","0","0",,"80","80.0","0.83",0,"5385",114,"117","132","112","117",993816
"Caleb Windsor","CD_I1027821","MEL",321300,"MID",0.7,59.6,19,"CD_I1027821","19",,"8.7","5.8","3.0","2.6","0.0","0","0.4","0","0",,"79","59.6","0.426","59.6","56.6","64.9","59.6",,"120","25","0.61","2","1","17","0","0",,"66","77.0","0.95",0,"5391",138,"140","154","136","118",1027821
"Sam Clohesy","CD_I1013257","GCS",375600,"MID",0.2,69.7,22,"CD_I1013257","20",,"10.2","6.0","4.2","2.4","0.0","0","0.3","0","4","100","83","69.7","0.345","69.7","76.3","64.3","69.7",,"124","29","0.68","3","1","16",,,,,,,0,"5389",106,"107","120","88","119",1013257
"Christian Petracca","CD_I298210","MEL",556200,"MID",4.5,103.2,29,"CD_I298210","13",,"11.4","12.0","4.5","3.0","0.0","0","1.1","56","0",,"78","103.2","0.253","106.5","106.5","64.0","103.2",,"146","59","1.08","6","3","4","61","0",,"71","79.0","0.91",-0.1,"5390",25,"26","21","20","120",298210
"Stephen Coniglio","CD_I291969","GWS",427800,"MID",0.4,79.4,31,"CD_I291969","15",,"11.3","9.8","1.9","3.3","0.0","0","0.3","63","0",,"74","73.1","0.426","80.4","89.0","64.0","79.4","32.0","113","9","0.78","3","0","8","54","0",,"78","66.0","0.69",0,"5388",80,"80","81","53","120",291969
"Jaxon Binns","CD_I1023533","CAR",171000,"MID",0.7,31.7,20,"CD_I1023533","3","1","8.3","3.7","2.0","2.0","0.0","0","0.7","0","0",,"63","45.3","0.583","64.0","8.0","64.0","45.3",,"66","8","0.58","0","0","3","0","0",,"45","12.0","0.22",0,"3775",190,"168","142","177","120",1023533
"Changkuoth Jiath","CD_I998390","HAW",310600,"MID",0.5,57.6,25,"CD_I998390","11",,"6.9","5.0","3.0","2.0","0.0","0","0.3","0","0",,"74","57.6","0.281","57.6","41.0","63.9","57.6",,"93","34","0.63","0","0","10",,,,,,,0,"5392",140,"144","161","161","123",998390
"Bradley Hill","CD_I295584","STK",388500,"FWD/MID",0.7,72.1,31,"CD_I295584","22",,"12.4","7.0","5.4","1.6","0.0","0","0.3","0","4","100","83","72.1","0.292","72.1","79.7","63.0","72.1",,"132","34","0.71","2","1","19","0","0",,"83","91.0","0.91",0,"5388",100,"100","110","82","124",295584
"Jeremy Sharp","CD_I1009380","FRE",376900,"MID",0.5,69.9,23,"CD_I1009380","23",,"12.5","5.7","5.7","1.1","0.0","0","0.4","0","0",,"89","70.0","0.34","70.0","76.3","63.0","70.0",,"126","14","0.64","2","1","20","0","0",,"77","51.0","0.57",0,"5384",104,"105","119","88","124",1009380
"Nick Holman","CD_I297456","GCS",289900,"FWD/MID",1.1,53.8,29,"CD_I297456","21",,"5.1","6.0","2.0","3.8","0.0","0","0.5","0","0",,"81","53.8","0.339","53.8","45.8","62.6","53.8",,"93","30","0.54","0","0","20","0","0",,"81","44.0","0.44",0,"5388",147,"151","173","153","126",297456
"Tanner Bruhn","CD_I1012805","GEE",393700,"MID",0.4,73,22,"CD_I1012805","17",,"9.8","7.6","2.3","4.2","0.0","0","0.3","57","0",,"61","72.3","0.364","78.5","78.7","61.8","73.1","66.5","115","14","0.92","3","0","13","56","0",,"66","57.0","0.72",0,"5386",98,"98","90","84","127",1012805
"Jackson Mead","CD_I1005326","PTA",328900,"FWD/MID",0.3,61,23,"CD_I1005326","26","3","7.8","6.3","3.0","3.0","0.0","0","0.2","18","0",,"72","58.0","0.409","62.2","60.7","61.5","61.0","34.3","105","10","0.65","2","0","23","28","0",,"72","112.0","1.33",0,"5392",131,"133","147","128","128",1005326
"James Jordon","CD_I1013409","SYD",365700,"FWD/MID",0.5,67.8,24,"CD_I1013409","26",,"6.9","7.8","3.3","3.3","0.0","0","0.3","7","0",,"83","66.6","0.297","66.6","75.6","60.8","67.9","56.7","114","21","0.64","1","0","25","25","0",,"84","115.0","1.19",0,"5386",111,"113","129","91","129",1013409
"Jaspa Fletcher","CD_I1023708","BRL",346300,"MID",0.4,64.2,20,"CD_I1023708","27","1","8.1","6.4","4.9","1.9","0.0","0","0.2","0","1","0","74","64.1","0.271","65.3","68.0","60.8","64.3","63.3","90","32","0.68","0","0","25","0","0",,"76","57.0","0.65",0,"5386",120,"124","134","109","129",1023708
"Matthew Johnson","CD_I1016825","FRE",341500,"MID",0.1,63.4,21,"CD_I1016825","19","1","8.0","7.9","3.6","3.1","0.0","0","0.2","22","0",,"67","63.4","0.394","66.6","65.3","60.8","63.4",,"108","20","0.77","1","0","17","8","0",,"57","73.0","1.10",0,"5386",124,"127","129","116","129",1016825
"Will Graham","CD_I1026960","GCS",341700,"MID",0.1,63.4,19,"CD_I1026960","17","2","5.4","7.5","1.8","4.8","0.0","0","0.5","41","0",,"68","63.4","0.378","70.6","68.3","60.7","63.4",,"95","2","0.75","0","0","14","14","0",,"20","24.0","0.97",0,"5390",123,"127","118","108","132",1026960
"Jack Ross","CD_I1006133","RIC",310400,"MID",0.4,57.6,24,"CD_I1006133","7","1","8.1","10.0","3.7","1.7","0.0","0","0.1","32","0",,"72","64.0","0.331","69.0","65.6","60.0","64.0",,"101","34","0.72","1","0","6","22","0",,"20","15.0","0.65",0,"4850",142,"125","123","115","133",1006133
"Darcy Wilson","CD_I1027875","STK",351900,"FWD/MID",1.9,65.3,19,"CD_I1027875","23",,"9.2","6.2","4.3","2.1","0.0","0","0.7","0","0",,"80","65.3","0.344","65.3","71.0","59.1","65.3",,"126","25","0.68","1","1","20","0","0",,"79","106.0","1.12",0,"5389",116,"119","134","101","134",1027875
"Nat Fyfe","CD_I291570","FRE",372800,"MID",0.4,69.2,33,"CD_I291570","22","1","6.3","13.1","2.4","2.3","0.0","0","0.2","60","0",,"70","69.2","0.352","71.7","77.7","59.0","69.2",,"119","17","0.80","4","0","17","76","0",,"75","72.0","0.82",0,"5387",108,"109","112","87","135",291570
"Paddy Dow","CD_I1002256","STK",327100,"MID",0.2,60.7,25,"CD_I1002256","10","1","7.3","8.9","2.5","3.5","0.0","0","0.3","65","0",,"63","60.7","0.357","64.2","64.7","59.0","60.7",,"109","29","0.80","1","0","9",,,,,,,0.1,"5389",134,"136","141","118","135",1002256
"Tom Sparrow","CD_I999391","MEL",348200,"MID",0.2,64.6,24,"CD_I999391","21",,"9.2","5.7","3.5","3.6","0.0","0","0.3","38","0",,"72","64.6","0.292","67.1","69.2","58.6","64.6",,"97","16","0.73","0","0","19","36","0",,"83","112.0","1.10",0,"5390",118,"121","126","105","137",999391
"Ryley Sanders","CD_I1017939","WBD",339100,"FWD/MID",22.5,62.9,20,"CD_I1017939","14","2","6.4","10.1","2.4","4.6","0.0","0","0.0","28","0",,"66","62.9","0.347","68.3","66.6","58.0","62.9",,"99","15","0.76","0","0","12","17","0",,"80","86.0","0.87",0.2,"5391",125,"129","125","111","138",1017939
"Jacob Wehr","CD_I1004530","GWS",298300,"MID",0.1,55.3,26,"CD_I1004530","11",,"8.5","5.4","3.5","1.9","0.0","0","0.0","0","0",,"82","55.4","0.149","55.4","55.2","57.0","55.4",,"70","46","0.53","0","0","11","0","0",,"89","55.0","0.50",0,"5384",144,"148","168","138","139",1004530
"Cam Mackenzie","CD_I1023482","HAW",327900,"MID",1,60.8,21,"CD_I1023482","20",,"8.1","6.9","2.7","2.5","0.0","0","0.5","26","0",,"69","60.9","0.342","64.9","63.8","56.5","60.9",,"97","24","0.72","0","0","19","13","0",,"85","90.0","0.86",0,"5384",133,"134","138","120","140",1023482
"Braeden Campbell","CD_I1013133","SYD",269700,"MID",0.6,50,23,"CD_I1013133","23","6","6.9","3.5","3.2","2.3","0.0","0","0.2","0","1","100","61","48.2","0.488","58.9","42.9","55.9","50.1","36.0","88","1","0.64","0","0","23","0","1","100","76","62.0","0.71",0,"5383",156,"159","156","157","141",1013133
"Jack Billings","CD_I296351","MEL",310500,"FWD/MID",0.3,57.6,29,"CD_I296351","16","3","9.5","6.1","4.6","1.8","0.0","0","0.3","0","0",,"68","57.6","0.451","65.3","59.5","54.5","57.6",,"119","11","0.67","1","0","15","0","0",,"76","91.0","0.98",0,"5391",141,"144","134","132","142",296351
"Sam Banks","CD_I1013197","RIC",252500,"MID",0.2,46.8,21,"CD_I1013197","15","3","7.4","4.6","2.3","1.5","0.0","0","0.1","0","1","100","62","46.9","0.486","54.1","36.5","53.8","46.9",,"99","12","0.61","0","0","14",,,,,,,0,"5384",163,"164","171","166","143",1013197
"Marcus Windhager","CD_I1023270","STK",385100,"MID",0.2,71.4,21,"CD_I1023270","15",,"9.0","9.1","2.4","5.1","0.0","0","0.0","59","0",,"79","71.5","0.332","71.5","78.0","53.5","71.5",,"111","31","0.75","2","0","11",,,,,,,0,"5386",101,"101","114","85","144",1023270
"Josh Ward","CD_I1017110","HAW",284500,"MID",0.3,52.8,21,"CD_I1017110","12",,"8.0","6.9","4.1","2.3","0.0","0","0.1","24","0",,"74","56.5","0.381","56.5","52.3","53.5","52.8","75.0","100","16","0.61","1","0","11","23","0",,"73","38.0","0.42",0,"5388",149,"153","164","146","144",1017110
"Jhye Clark","CD_I1023537","GEE",237400,"MID",0.5,44,20,"CD_I1023537","15","3","7.0","5.2","1.7","2.9","0.0","0","0.1","38","0",,"56","44.1","0.579","52.8","39.6","53.0","44.1",,"85","2","0.62","0","0","15","64","0",,"69","86.0","1.04",0,"5383",172,"172","175","162","146",1023537
"Anthony Scott","CD_I992048","WBD",138500,"FWD/MID",0.6,25.7,29,"CD_I992048","2",,"3.5","1.5","3.0","0.5","0.0","0","0.0","0","0",,"29","28.5","0.86","53.0","4.0","53.0","28.5",,"53","4","0.78","0","0","2",,,,,,,0,"4860",198,"185","174","179","146",992048
"Nathan O'Driscoll","CD_I1013220","FRE",198000,"MID",4.3,36.7,22,"CD_I1013220","2","1","5.5","7.0","2.5","2.5","0.0","0","0.5","10","0",,"47","52.5","0.505","79.0",,"52.5","52.5",,"79","26","0.92","0","0","2",,,,,,,1.3,"3771",179,"156","88",,"148",1013220
"Xavier O'Halloran","CD_I1006135","GWS",281500,"FWD/MID",0.5,52.2,24,"CD_I1006135","19","3","6.8","4.4","2.2","2.7","0.0","0","0.4","11","0",,"69","51.7","0.386","52.2","52.7","51.8","52.2","47.0","108","25","0.59","1","0","18","18","0",,"83","103.0","1.00",0,"5393",152,"157","177","144","149",1006135
"Harry Morrison","CD_I1000963","HAW",291500,"MID",0.1,54.1,26,"CD_I1000963","12","4","10.2","5.1","4.3","1.9","0.0","0","0.2","0","1","100","68","61.7","0.501","77.8","58.8","51.0","54.1","99.5","114","21","0.72","2","0","8",,,,,,,0,"5388",146,"150","95","133","150",1000963
"Kamdyn McIntosh","CD_I294592","RIC",247600,"MID",0.8,45.9,30,"CD_I294592","22","4","7.9","3.7","3.5","1.6","0.0","0","0.3","0","0",,"73","46.0","0.47","50.4","41.6","50.3","46.0",,"92","15","0.51","0","0","21","0","1","100","81","66.0","0.70",0,"5383",165,"166","179","160","151",294592
"Thomson Dow","CD_I1009226","RIC",321400,"MID",0.1,59.6,23,"CD_I1009226","17","1","5.2","10.4","2.1","2.3","0.0","0","0.0","57","0",,"69","59.6","0.364","61.9","63.8","49.8","59.6",,"110","23","0.70","1","0","16","61","0",,"82","96.0","1.01",0,"5393",137,"140","149","120","152",1009226
"Archie Perkins","CD_I1015873","ESS",348100,"MID",0.7,64.6,22,"CD_I1015873","18","2","9.2","6.2","3.1","3.7","0.0","0","0.3","34","0",,"65","64.6","0.404","70.8","80.0","49.2","64.6",,"124","10","0.81","1","1","16","0","0",,"72","39.0","0.45",0,"5389",119,"121","116","81","153",1015873
"Chayce Jones","CD_I1006203","ADE",322000,"MID",0.1,59.7,25,"CD_I1006203","16","1","9.3","5.2","3.0","2.8","0.0","0","0.4","0","1","100","81","59.8","0.367","61.9","63.3","49.0","59.8",,"110","27","0.60","2","0","14","0","0",,"87","57.0","0.52",0,"5385",136,"139","149","122","154",1006203
"Bailey Laurie","CD_I1012826","MEL",152800,"FWD/MID",1.5,28.3,22,"CD_I1012826","6","3","4.0","5.0","1.8","1.5","0.0","0","0.3","11","0",,"40","31.5","0.725","59.0","14.0","49.0","31.5",,"75","3","0.63","0","0","6","0","0",,"73","58.0","0.65",0,"4851",195,"183","155","175","154",1012826
"Caleb Daniel","CD_I295136","NTH",269100,"FWD/MID",68.9,49.9,28,"CD_I295136","16","7","7.8","6.2","2.8","1.9","0.0","0","0.1","0","1","100","57","52.9","0.575","71.0","51.9","47.7","49.9","98.0","107","10","0.73","1","0","13","0","0",,"45","21.0","0.38",0.2,"5393",157,"160","115","147","156",295136
"Hugo Ralphsmith","CD_I1011985","RIC",284400,"MID",0.3,52.8,23,"CD_I1011985","18",,"7.8","5.8","3.9","1.6","0.0","0","0.3","0","0",,"89","52.8","0.279","52.8","61.0","47.5","52.8",,"82","25","0.48","0","0","18",,,,,,,0,"5386",150,"153","175","125","157",1011985
"Dylan Stephens","CD_I1004848","NTH",258600,"MID",0.1,48,24,"CD_I1004848","16","2","8.4","4.4","2.7","1.4","0.0","0","0.0","0","1","100","71","48.0","0.421","54.8","49.1","47.1","48.0",,"79","15","0.53","0","0","16","0","0",,"82","63.0","0.64",0,"5388",159,"162","169","149","158",1004848
"Neil Erasmus","CD_I1020250","FRE",119900,"FWD/MID",48.5,22.2,21,"CD_I1020250","4","3","3.3","4.0","1.8","1.8","0.0","0","0.0","14","0",,"43","23.0","0.723","28.0","15.0","47.0","23.0",,"47","2","0.43","0","0","4","4","0",,"18","8.0","0.38",-0.1,"5213",206,"189","186","173","159",1020250
"Finlay Macrae","CD_I1012828","COL",237700,"FWD/MID",0.5,44.1,22,"CD_I1012828","9","3","5.1","4.9","0.9","2.3","0.0","0","0.4","21","0",,"53","44.1","0.637","63.4","42.8","46.7","44.1",,"93","10","0.65","0","0","8","17","0",,"36","29.0","0.69",0.1,"5390",171,"172","145","158","160",1012828
"Mitch Knevitt","CD_I1021103","GEE",149800,"MID",12.2,27.8,22,"CD_I1021103","4","1","4.5","2.3","3.3","2.5","0.0","0","0.5","3","0",,"53","34.8","0.828","46.3","0.0","46.3","34.8",,"80","0","0.53","0","0","4",,,,,,,0.4,"4305",196,"180","182","180","161",1021103
"Jack Carroll","CD_I1013233","STK",224500,"FWD/MID",0.8,41.7,22,"CD_I1013233","15","7","5.5","4.5","2.3","1.5","0.0","0","0.3","22","0",,"51","41.7","0.507","51.4","39.6","45.8","41.7",,"74","6","0.64","0","0","15",,,,,,,0,"5384",174,"175","178","162","162",1013233
"Bruce Reville","CD_I1009317","BRL",275700,"MID",0.1,51.2,24,"CD_I1009317","12","3","7.9","2.8","3.5","1.6","0.0","0","0.3","1","0",,"56","51.2","0.494","63.4","62.8","45.4","51.2",,"95","8","0.71","0","0","11",,,,,,,0,"5385",155,"158","145","123","163",1009317
"Nik Cox","CD_I1015827","ESS",268100,"MID",0.4,49.7,23,"CD_I1015827","20","1","6.4","5.7","3.5","2.5","0.6","2","0.4","0","0",,"72","49.8","0.387","56.5","53.3","45.4","49.8",,"83","8","0.56","0","0","20","0","0",,"86","65.0","0.63",0,"5384",158,"161","164","142","163",1015827
"Dom Sheed","CD_I296296","WCE",238400,"MID",0.3,44.2,29,"CD_I296296","8","2","6.3","5.9","1.6","2.9","0.0","0","0.0","32","0",,"64","44.3","0.7","54.8","44.1","45.0","44.3",,"100","4","0.56","1","0","7",,,,,,,0,"5381",170,"171","169","155","165",296296
"Ryan Maric","CD_I1029416","WCE",223800,"FWD/MID",3.4,41.5,20,"CD_I1029416","19","5","5.6","4.1","3.2","1.3","0.0","0","0.4","0","0",,"65","41.5","0.506","46.7","38.7","44.7","41.5",,"91","3","0.51","0","0","18","0","0",,"85","22.0","0.21",0,"5393",175,"176","181","164","166",1029416
"Harvey Gallagher","CD_I1017087","WBD",248400,"MID",0.3,46.1,21,"CD_I1017087","20",,"8.2","4.2","2.7","3.1","0.0","0","0.5","15","0",,"74","45.4","0.395","46.1","47.5","43.7","46.1","32.0","89","18","0.49","0","0","20","0","0",,"81","46.0","0.46",0,"5388",164,"165","183","150","167",1017087
"Zac Taylor","CD_I1017065","ADE",235300,"FWD/MID",0.9,43.7,22,"CD_I1017065","9","4","4.9","5.0","1.4","3.1","0.0","0","0.4","25","0",,"49","43.7","0.746","69.2",,"43.7","43.7",,"103","4","0.69","1","0","8",,,,,,,0.1,"5384",173,"174","122",,"167",1017065
"Matthew Cottrell","CD_I1008154","CAR",294000,"FWD/MID",0.4,54.5,24,"CD_I1008154","14",,"7.1","3.7","3.2","1.9","0.0","0","0.6","0","0",,"83","54.6","0.355","56.0","60.8","43.4","54.6",,"88","28","0.51","0","0","14","0","0",,"83","6.0","0.06",0,"5385",145,"149","167","126","169",1008154
"Ryan Angwin","CD_I1015777","GWS",242500,"MID",0.1,45,22,"CD_I1015777","4",,"6.0","6.5","2.3","4.0","0.0","0","0.3","0","0",,"81","56.3","0.485","56.3","98.0","42.3","56.3",,"98","25","0.56","0","0","3","0","0",,"37","27.0","0.59",0,"4307",168,"147","166","35","170",1015777
"Mark O'Connor","CD_I1007102","GEE",304600,"DEF/MID",0.3,56.5,28,"CD_I1007102","13","2","6.7","5.2","3.8","3.1","0.0","0","0.2","10","1","100","67","56.5","0.442","63.9","60.8","42.3","56.5",,"90","15","0.65","0","0","12","0","0",,"74","44.0","0.50",0,"5391",143,"146","143","126","170",1007102
"Ned Long","CD_I1017124","COL",200900,"MID",0.3,37.3,22,"CD_I1017124","7","2","4.4","4.0","1.4","5.3","0.1","2","0.3","32","0",,"57","41.4","0.385","47.8",,"41.4","41.4",,"69","25","0.57","0","0","7",,,,,,,0,"4853",177,"177","180",,"172",1017124
"Campbell Chesser","CD_I1017057","WCE",239200,"MID",0.3,44.4,21,"CD_I1017057","18","1","5.9","4.8","1.9","1.7","0.0","0","0.3","1","0",,"73","44.4","0.383","44.8","46.8","39.5","44.4",,"86","17","0.49","0","0","18","25","0",,"78","43.0","0.44",0,"5387",169,"170","184","152","173",1017057
"Finn Maginness","CD_I1009421","HAW",258600,"FWD/MID",0.5,48,23,"CD_I1009421","13","3","7.2","6.8","2.8","1.8","0.0","0","0.5","2","0",,"71","53.5","0.484","64.7","52.8","35.3","48.0","83.5","94","11","0.60","0","0","12","0","0",,"83","62.0","0.60",-0.1,"5388",159,"162","139","143","174",1009421
"Lachlan Sullivan","CD_I998480","COL",283400,"MID",0.1,52.6,27,"CD_I998480","10","3","4.9","8.0","1.6","2.5","0.0","0","0.2","22","0",,"59","52.6","0.415","53.9","70.0","35.2","52.6",,"88","20","0.71","0","0","10",,,,,,,0,"5388",151,"155","172","103","175",998480
"Clay Hall","CD_I1024188","WCE",129500,"MID",1.3,24,19,"CD_I1024188","3","1","5.7","3.3","2.0","0.7","0.0","0","0.0","3","0",,"56","34.3","0.073","37.0",,"34.3","34.3",,"37","31","0.46","0","0","3",,,,,,,0,"3776",201,"181","185",,"176",1024188
"Kane McAuliffe","CD_I1019916","RIC",244300,"MID",0.2,45.3,19,"CD_I1019916","9","3","4.0","7.4","0.9","2.8","0.0","0","0.0","40","0",,"52","45.3","0.469","58.2","55.8","32.3","45.3",,"75","11","0.69","0","0","9",,,,,,,0,"5393",167,"168","158","137","177",1019916
"Will Lorenz","CD_I1029262","PTA",119900,"MID",0.6,22.2,20,"CD_I1029262","2","2","2.0","1.0","1.0","2.0","0.0","0","0.0","0","0",,"25","22.0","0.409",,,"31.0","31.0","13.0","31","13","0.74","0","0","2",,,,,,,0,"3868",206,"184",,,"178",1029262
"Hugo Garcia","CD_I1027790","STK",245800,"FWD/MID",1.1,45.6,19,"CD_I1027790","8","4","3.1","5.6","1.1","5.0","0.0","0","0.1","20","0",,"46","45.6","0.376","57.5","54.6","30.7","45.6",,"69","12","0.82","0","0","8","63","0",,"69","39.0","0.47",0,"5390",166,"167","162","139","179",1027790
"Harry Sharp","CD_I1007099","MEL",189100,"MID",0.9,35.1,22,"CD_I1007099","6","3","7.5","2.8","3.0","1.7","0.0","0","0.3","0","0",,"56","39.0","0.711","57.0","43.8","29.5","39.0",,"79","0","0.55","0","0","6","0","0",,"42","25.0","0.52",0,"4849",185,"179","163","156","180",1007099
"Ted Clohesy","CD_I1023542","GEE",119900,"FWD/MID",1.1,22.2,20,"CD_I1023542","2","2","3.0","2.0","1.5","4.0","0.0","0","0.0","8","0",,"32","22.5","0.022",,,"22.5","22.5",,"23","22","0.57","0","0","2",,,,,,,0,"5329",206,"190",,,"181",1023542
"Oskar Baker","CD_I1008855","WBD",257000,"MID",0.1,47.7,26,"CD_I1008855","6","3","8.5","5.7","5.5","0.7","0.0","0","0.5","0","1","100","64","53.0","0.482","65.8","59.6","20.0","53.0",,"88","20","0.67","0","0","6",,,,,,,0,"4849",161,"152","133","131","182",1008855
"Kynan Brown","CD_I1027949","MEL",119900,"MID",0.7,22.2,20,"CD_I1027949","2","2","1.0","0.5","0.0","1.0","0.0","0","0.0","0","0",,"10","18.0","0.167",,,"18.0","18.0",,"21","15","1.43","0","0","2","0","0",,"12","6.0","0.41",0,"6661",206,"192",,,"183",1027949
"Elijah Tsatas","CD_I1023785","ESS",191200,"MID",20.7,35.5,20,"CD_I1023785","7","5","4.9","5.3","2.6","0.7","0.0","0","0.1","0","0",,"47","39.4","0.625","58.3","44.7","8.0","39.4",,"65","3","0.66","0","0","7","0","0",,"76","65.0","0.71",1.5,"4853",183,"178","157","154","184",1023785
"Tom Mitchell","CD_I291856","COL",395200,"MID",0.7,73.3,31,"CD_I291856","6",,"6.2","13.8","1.8","6.7","0.0","0","0.2","59","0",,"67","81.5","0.381","86.0","81.5",,"81.5",,"121","48","0.96","2","1","3","72","0",,"71","74.0","0.90",0,"4849",96,"71","63","74",,291856
"James Harmes","CD_I297899","WBD",380600,"FWD/MID",0.1,70.6,29,"CD_I297899","9",,"7.9","7.4","4.1","2.8","0.0","0","0.8","10","0",,"69","67.7","0.547","75.6","70.6",,"70.6","44.0","139","4","0.77","1","1","7","30","0",,"72","74.0","0.83",0,"5391",102,"103","103","102",,297899
"Cameron Guthrie","CD_I290550","GEE",278000,"MID",2.6,51.6,32,"CD_I290550","4",,"9.5","7.3","3.3","2.8","0.0","0","0.0","37","0",,"59","64.5","0.279","72.3","64.5",,"64.5",,"82","41","0.85","0","0","4",,,,,,,-0.1,"4310",154,"123","109","119",,290550
"James Tunstill","CD_I1021108","BRL",119900,"FWD/MID",0.9,22.2,21,"CD_I1021108","3","2","1.7","5.0","0.7","1.7","0.0","0","0.0","10","0",,"38","31.7","0.663","61.0","31.7",,"31.7",,"61","13","0.67","0","0","3","29","0",,"73","59.0","0.71",0,"3782",206,"182","152","167",,1021108
"Sam Docherty","CD_I295518","CAR",487900,"MID",1.3,90.5,31,"CD_I295518","2",,"10.5","2.5","4.0","1.5","0.0","0","0.5","5","0",,"55","41.5","0.398","58.0","25.0",,"25.0","58.0","58","25","0.59","0","0","2","43","0",,"72","97.0","1.10",-0.1,"19516",45,"186","160","169",,295518
"Deven Robertson","CD_I1009385","BRL",121200,"FWD/MID",8,22.5,23,"CD_I1009385","2",,"3.0","5.0","0.5","2.0","0.0","0","0.0","17","0",,"70","25.0","0.04","25.0","25.0",,"25.0",,"26","24","0.27","0","0","2",,,,,,,0,"4848",204,"186","188","169",,1009385
"Henry Hustwaite","CD_I1023680","HAW",121200,"MID",4.8,22.5,20,"CD_I1023680","4","3","2.5","4.0","0.3","2.0","0.0","0","0.0","29","0",,"34","25.0","0.611",,"25.0",,"25.0",,"46","4","0.58","0","0","4","47","0",,"73","84.0","0.93",0,"4848",204,"186",,"169",,1023680
"Angus Hastie","CD_I1027872","STK",119900,"MID",0.9,22.2,19,"CD_I1027872","5","3","2.4","2.6","1.2","0.6","0.0","0","0.2","0","0",,"31","20.4","0.724","12.0","20.4",,"20.4",,"45","1","0.54","0","0","5",,,,,,,0,"5877",206,"191","189","172",,1027872
"Caleb Mitchell","CD_I1024096","SYD",119900,"MID",0.4,22.2,20,"CD_I1024096","2","1","3.5","1.5","1.5","0.0","0.0","0","0.0","0","0",,"40","14.0","1","28.0","14.0",,"14.0",,"28","0","0.30","0","0","2","0","0",,"48","16.0","0.29",0,"8564",206,"193","186","175",,1024096
"Bailey Smith","CD_I1006130","GEE",389200,"FWD/MID",66.1,72.2,24,"CD_I1006130",,,,,,,,,,,,,,,,,,,,,,,,,,,,,,,,,-0.1,,99,,,,,1006130
"Sam Lalor","CD_I1028491","RIC",203500,"MID",34.3,37.8,18,"CD_I1028491",,,,,,,,,,,,,,,,,,,,,,,,,,,,,,,,,0,,176,,,,,1028491
"Finn O'Sullivan","CD_I1028495","NTH",199000,"MID",15.9,36.9,18,"CD_I1028495",,,,,,,,,,,,,,,,,,,,,,,,,,,,,,,,,0.3,,178,,,,,1028495
"Jagga Smith","CD_I1028515","CAR",194500,"MID",65.5,36.1,19,"CD_I1028515",,,,,,,,,,,,,,,,,,,,,,,,,,,,,,,,,0.1,,180,,,,,1028515
"Will Brodie","CD_I998129","FRE",191800,"MID",1.1,35.6,26,"CD_I998129",,,,,,,,,,,,,,,,,,,,,,,,,,,,,,,,,-0.1,,182,,,,,998129
"Sid Draper","CD_I1022607","ADE",190000,"MID",37,35.3,18,"CD_I1022607",,,,,,,,,,,,,,,,,,,,,,,,,,,,,,,,,-0.1,,184,,,,,1022607
"Levi Ashcroft","CD_I1028560","BRL",185500,"MID",50.9,34.4,18,"CD_I1028560",,,,,,,,,,,,,,,,,,,,,,,,,,,,,,,,,-0.1,,186,,,,,1028560
"Harvey Langford","CD_I1028546","MEL",181000,"MID",19.9,33.6,18,"CD_I1028546",,,,,,,,,,,,,,,,,,,,,,,,,,,,,,,,,0,,187,,,,,1028546
"Josh Smillie","CD_I1028572","RIC",176500,"MID",26.5,32.7,18,"CD_I1028572",,,,,,,,,,,,,,,,,,,,,,,,,,,,,,,,,-0.4,,188,,,,,1028572
"Tobie Travaglia","CD_I1028538","STK",172000,"DEF/MID",55.6,31.9,18,"CD_I1028538",,,,,,,,,,,,,,,,,,,,,,,,,,,,,,,,,0,,189,,,,,1028538
"Leonardo Lombard","CD_I1029301","GCS",167500,"MID",8.6,31.1,18,"CD_I1029301",,,,,,,,,,,,,,,,,,,,,,,,,,,,,,,,,-0.1,,191,,,,,1029301
"Angus Sheldrick","CD_I1020339","SYD",161700,"MID",8.3,30,21,"CD_I1020339",,,,,,,,,,,,,,,,,,,,,,,,,,,"38","0",,"78","43.0","0.48",-0.1,,192,,,,,1020339
"Xavier Lindsay","CD_I1028531","MEL",158500,"MID",5.4,29.4,18,"CD_I1028531",,,,,,,,,,,,,,,,,,,,,,,,,,,,,,,,,0,,193,,,,,1028531
"Taj Hotton","CD_I1032106","RIC",154000,"MID/FWD",2.4,28.6,18,"CD_I1032106",,,,,,,,,,,,,,,,,,,,,,,,,,,,,,,,,0,,194,,,,,1032106
"Isaac Kako","CD_I1028554","ESS",149500,"MID/FWD",50.8,27.7,18,"CD_I1028554",,,,,,,,,,,,,,,,,,,,,,,,,,,,,,,,,0.2,,197,,,,,1028554
"Bo Allan","CD_I1028449","WCE",136000,"DEF/MID",65.9,25.2,19,"CD_I1028449",,,,,,,,,,,,,,,,,,,,,,,,,,,,,,,,,0,,199,,,,,1028449
"Murphy Reid","CD_I1028513","FRE",131500,"MID",2.3,24.4,18,"CD_I1028513",,,,,,,,,,,,,,,,,,,,,,,,,,,,,,,,,-0.1,,200,,,,,1028513
"Oliver Hannaford","CD_I1028485","GWS",127000,"MID/FWD",1,23.6,18,"CD_I1028485",,,,,,,,,,,,,,,,,,,,,,,,,,,,,,,,,0,,202,,,,,1028485
"Elijah Hewett","CD_I1020670","WCE",122800,"FWD/MID",61.5,22.8,20,"CD_I1020670",,,,,,,,,,,,,,,,,,,,,,,,,,,,,,,,,0,,203,,,,,1020670
"Saad El-Hawli","CD_I1015919","ESS",119900,"DEF/MID",56.2,22.2,23,"CD_I1015919",,,,,,,,,,,,,,,,,,,,,,,,,,,,,,,,,-0.4,,206,,,,,1015919
"Reece Torrent","CD_I1024187","BRL",119900,"MID",0.1,22.2,19,"CD_I1024187",,,,,,,,,,,,,,,,,,,,,,,,,,,,,,,,,0,,206,,,,,1024187
"George Stevens","CD_I1023681","GEE",119900,"MID",0.2,22.2,19,"CD_I1023681",,,,,,,,,,,,,,,,,,,,,,,,,,,,,,,,,0,,206,,,,,1023681
"Max Hall","CD_I1020855","STK",119900,"FWD/MID",15,22.2,22,"CD_I1020855",,,,,,,,,,,,,,,,,,,,,,,,,,,,,,,,,0.2,,206,,,,,1020855
"Geordie Payne","CD_I1027726","NTH",119900,"FWD/MID",0.3,22.2,19,"CD_I1027726",,,,,,,,,,,,,,,,,,,,,,,,,,,,,,,,,0,,206,,,,,1027726
"Charlie Edwards","CD_I1028671","ADE",119900,"DEF/MID",1.5,22.2,19,"CD_I1028671",,,,,,,,,,,,,,,,,,,,,,,,,,,,,,,,,0,,206,,,,,1028671
"Hugh Jackson","CD_I1015330","PTA",119900,"MID",0.2,22.2,21,"CD_I1015330",,,,,,,,,,,,,,,,,,,,,,,,,,,,,,,,,0,,206,,,,,1015330
"Indhi Kirk","CD_I1027058","SYD",119900,"MID",0.1,22.2,20,"CD_I1027058",,,,,,,,,,,,,,,,,,,,,,,,,,,,,,,,,0,,206,,,,,1027058
"Tom Hanily","CD_I1027687","SYD",119900,"MID",0.1,22.2,19,"CD_I1027687",,,,,,,,,,,,,,,,,,,,,,,,,,,,,,,,,0,,206,,,,,1027687
"Oliver Wiltshire","CD_I1020881","GEE",119900,"FWD/MID",0.2,22.2,22,"CD_I1020881",,,,,,,,,,,,,,,,,,,,,,,,,,,,,,,,,0,,206,,,,,1020881
"Billy Wilson","CD_I1027678","CAR",119900,"DEF/MID",0.9,22.2,19,"CD_I1027678",,,,,,,,,,,,,,,,,,,,,,,,,,,"0","0",,"24","8.0","0.27",0,,206,,,,,1027678
"Lachlan Charleson","CD_I1014013","PTA",119900,"FWD/MID",0.2,22.2,20,"CD_I1014013",,,,,,,,,,,,,,,,,,,,,,,,,,,,,,,,,0,,206,,,,,1014013
"Harry Rowston","CD_I1021122","GWS",119900,"MID",0.7,22.2,20,"CD_I1021122",,,,,,,,,,,,,,,,,,,,,,,,,,,,,,,,,0,,206,,,,,1021122
"Harry DeMattia","CD_I1027673","COL",119900,"MID",0.7,22.2,19,"CD_I1027673",,,,,,,,,,,,,,,,,,,,,,,,,,,,,,,,,0,,206,,,,,1027673
"Cooper Hynes","CD_I1029456","WBD",118000,"MID",0.7,21.9,18,"CD_I1029456",,,,,,,,,,,,,,,,,,,,,,,,,,,,,,,,,0,,227,,,,,1029456
"Cody Anderson","CD_I1028566","HAW",113500,"MID",1,21.1,19,"CD_I1028566",,,,,,,,,,,,,,,,,,,,,,,,,,,,,,,,,-0.1,,228,,,,,1028566
"Jack Ough","CD_I1028539","GWS",113500,"MID",0.2,21.1,18,"CD_I1028539",,,,,,,,,,,,,,,,,,,,,,,,,,,,,,,,,0,,228,,,,,1028539
"Cody Angove","CD_I1032619","GWS",113500,"MID/FWD",0.7,21.1,18,"CD_I1032619",,,,,,,,,,,,,,,,,,,,,,,,,,,,,,,,,0,,228,,,,,1032619
"Luke Kennedy","CD_I1032112","WBD",113500,"MID",0.4,21.1,18,"CD_I1032112",,,,,,,,,,,,,,,,,,,,,,,,,,,,,,,,,0,,228,,,,,1032112
"Hugh Boxshall","CD_I1029148","STK",113500,"MID",0.2,21.1,18,"CD_I1029148",,,,,,,,,,,,,,,,,,,,,,,,,,,,,,,,,0,,228,,,,,1029148
"Lucas Camporeale","CD_I1022452","CAR",113500,"MID",0.7,21.1,18,"CD_I1022452",,,,,,,,,,,,,,,,,,,,,,,,,,,,,,,,,0.1,,228,,,,,1022452
"Ben Camporeale","CD_I1027282","CAR",113500,"MID",1.5,21.1,18,"CD_I1027282",,,,,,,,,,,,,,,,,,,,,,,,,,,,,,,,,0,,228,,,,,1027282
"Luke Urquhart","CD_I1029281","NTH",113500,"MID",1.1,21.1,18,"CD_I1029281",,,,,,,,,,,,,,,,,,,,,,,,,,,,,,,,,0,,228,,,,,1029281
"Zak Johnson","CD_I1028519","ESS",113500,"MID",0.2,21.1,18,"CD_I1028519",,,,,,,,,,,,,,,,,,,,,,,,,,,,,,,,,0,,228,,,,,1028519
"Rhys Unwin","CD_I1032023","ESS",113500,"MID",0.3,21.1,18,"CD_I1032023",,,,,,,,,,,,,,,,,,,,,,,,,,,,,,,,,0,,228,,,,,1032023
"Sam Marshall","CD_I1028520","BRL",113500,"MID",1.1,21.1,19,"CD_I1028520",,,,,,,,,,,,,,,,,,,,,,,,,,,,,,,,,-0.1,,228,,,,,1028520
"Patrick Said","CD_I1028514","STK",113500,"MID/FWD",0.4,21.1,18,"CD_I1028514",,,,,,,,,,,,,,,,,,,,,,,,,,,,,,,,,0,,228,,,,,1028514
"River Stevens","CD_I1031989","NTH",113500,"MID/FWD",0.6,21.1,18,"CD_I1031989",,,,,,,,,,,,,,,,,,,,,,,,,,,,,,,,,0,,228,,,,,1031989
"Christian Moraes","CD_I1028563","PTA",113500,"MID",4,21.1,18,"CD_I1028563",,,,,,,,,,,,,,,,,,,,,,,,,,,,,,,,,0,,228,,,,,1028563
"Jesse Dattoli","CD_I1029589","SYD",113500,"MID/FWD",0.8,21.1,18,"CD_I1029589",,,,,,,,,,,,,,,,,,,,,,,,,,,,,,,,,0,,228,,,,,1029589
"William Hayes","CD_I1032922","COL",113500,"MID/FWD",1.9,21.1,18,"CD_I1032922",,,,,,,,,,,,,,,,,,,,,,,,,,,,,,,,,-0.1,,228,,,,,1032922
"Lucca Grego","CD_I1018992","WCE",113500,"MID",0.2,21.1,18,"CD_I1018992",,,,,,,,,,,,,,,,,,,,,,,,,,,,,,,,,0,,228,,,,,1018992
"Tom Gross","CD_I1028561","WCE",113500,"MID",2.9,21.1,18,"CD_I1028561",,,,,,,,,,,,,,,,,,,,,,,,,,,,,,,,,0,,228,,,,,1028561
"Hamish Davis","CD_I1032624","WCE",113500,"MID/FWD",0.7,21.1,18,"CD_I1032624",,,,,,,,,,,,,,,,,,,,,,,,,,,,,,,,,0,,228,,,,,1032624
"Josaia Delana","CD_I1029030","GWS",99100,"MID",1.5,18.4,18,"CD_I1029030",,,,,,,,,,,,,,,,,,,,,,,,,,,,,,,,,0,,247,,,,,1029030
"Archer Day-Wicks","CD_I1029265","ESS",99100,"MID/FWD",13.9,18.4,18,"CD_I1029265",,,,,,,,,,,,,,,,,,,,,,,,,,,,,,,,,-0.1,,247,,,,,1029265
"Xavier Ivisic","CD_I1028489","GEE",99100,"MID",1,18.4,18,"CD_I1028489",,,,,,,,,,,,,,,,,,,,,,,,,,,,,,,,,0,,247,,,,,1028489
"Patrick Retschko","CD_I1032081","GEE",99100,"MID",0.9,18.4,18,"CD_I1032081",,,,,,,,,,,,,,,,,,,,,,,,,,,,,,,,,0,,247,,,,,1032081
"Jayden Nguyen","CD_I1018987","ESS",99100,"DEF/MID",3.6,18.4,18,"CD_I1018987",,,,,,,,,,,,,,,,,,,,,,,,,,,,,,,,,0,,247,,,,,1018987
"Harry Charleson","CD_I1028496","CAR",99100,"DEF/MID",4.2,18.4,18,"CD_I1028496",,,,,,,,,,,,,,,,,,,,,,,,,,,,,,,,,0.1,,247,,,,,1028496
"Tom Cochrane","CD_I1022371","PTA",99100,"MID",2,18.4,19,"CD_I1022371",,,,,,,,,,,,,,,,,,,,,,,,,,,,,,,,,0,,247,,,,,1022371
"Benny Barrett","CD_I1022601","PTA",99100,"MID",1.3,18.4,18,"CD_I1022601",,,,,,,,,,,,,,,,,,,,,,,,,,,,,,,,,0,,247,,,,,1022601
"Zak Evans","CD_I1038801","GCS",99100,"MID",1.8,18.4,24,"CD_I1038801",,,,,,,,,,,,,,,,,,,,,,,,,,,,,,,,,0,,247,,,,,1038801
